-- phpMyAdmin SQL Dump
-- version 5.2.1
-- https://www.phpmyadmin.net/
--
-- Host: 127.0.0.1
-- Generation Time: Jul 09, 2024 at 06:43 AM
-- Server version: 10.4.28-MariaDB
-- PHP Version: 8.2.4

SET SQL_MODE = "NO_AUTO_VALUE_ON_ZERO";
START TRANSACTION;
SET time_zone = "+00:00";


/*!40101 SET @OLD_CHARACTER_SET_CLIENT=@@CHARACTER_SET_CLIENT */;
/*!40101 SET @OLD_CHARACTER_SET_RESULTS=@@CHARACTER_SET_RESULTS */;
/*!40101 SET @OLD_COLLATION_CONNECTION=@@COLLATION_CONNECTION */;
/*!40101 SET NAMES utf8mb4 */;

--
-- Database: `smpn1tamara`
--

-- --------------------------------------------------------

--
-- Table structure for table `categories`
--

CREATE TABLE `categories` (
  `id` bigint(20) UNSIGNED NOT NULL,
  `name` varchar(255) NOT NULL,
  `slug` varchar(255) NOT NULL,
  `tkat` varchar(255) DEFAULT NULL,
  `created_at` timestamp NULL DEFAULT NULL,
  `updated_at` timestamp NULL DEFAULT NULL
) ENGINE=InnoDB DEFAULT CHARSET=utf8mb4 COLLATE=utf8mb4_unicode_ci;

--
-- Dumping data for table `categories`
--

INSERT INTO `categories` (`id`, `name`, `slug`, `tkat`, `created_at`, `updated_at`) VALUES
(1, 'Kurikulum', 'kurikulum', '231117060951.webp', '2023-09-13 07:21:20', '2023-11-17 11:09:51'),
(2, 'Kesiswaan', 'kesiswaan', '231117060957.jpg', '2023-09-13 07:21:28', '2023-11-17 11:09:57'),
(3, 'Humas', 'humas', '231117061002.jpg', '2023-09-13 07:21:34', '2023-11-17 11:10:02');

-- --------------------------------------------------------

--
-- Table structure for table `failed_jobs`
--

CREATE TABLE `failed_jobs` (
  `id` bigint(20) UNSIGNED NOT NULL,
  `uuid` varchar(255) NOT NULL,
  `connection` text NOT NULL,
  `queue` text NOT NULL,
  `payload` longtext NOT NULL,
  `exception` longtext NOT NULL,
  `failed_at` timestamp NOT NULL DEFAULT current_timestamp()
) ENGINE=InnoDB DEFAULT CHARSET=utf8mb4 COLLATE=utf8mb4_unicode_ci;

-- --------------------------------------------------------

--
-- Table structure for table `gurus`
--

CREATE TABLE `gurus` (
  `id` bigint(20) UNSIGNED NOT NULL,
  `mapel_id` bigint(20) UNSIGNED NOT NULL,
  `name` varchar(50) NOT NULL,
  `nip` char(25) DEFAULT NULL,
  `pangkat` varchar(25) DEFAULT NULL,
  `tugastambahan_id` bigint(20) UNSIGNED NOT NULL,
  `jk` enum('L','P') NOT NULL,
  `foto` varchar(255) DEFAULT NULL,
  `created_at` timestamp NULL DEFAULT NULL,
  `updated_at` timestamp NULL DEFAULT NULL
) ENGINE=InnoDB DEFAULT CHARSET=utf8mb4 COLLATE=utf8mb4_unicode_ci;

--
-- Dumping data for table `gurus`
--

INSERT INTO `gurus` (`id`, `mapel_id`, `name`, `nip`, `pangkat`, `tugastambahan_id`, `jk`, `foto`, `created_at`, `updated_at`) VALUES
(1, 3, 'Drs. Wanda, M.M.Pd', '19641207 199802 1 001', 'Pembina Tk.1 IV/b', 1, 'L', NULL, '2023-11-28 23:20:20', '2023-11-28 23:20:20'),
(2, 2, 'Yaya, S.Pd', '19690504 199512 1 001', 'Pembina Tk.1 IV/b', 7, 'L', NULL, '2023-11-28 23:20:20', '2024-01-14 06:36:28'),
(3, 7, 'Drs. Nur Hery Cahyana, M.Pd', '19661117 200501 1 005', 'Pembina Tk 1 IV/b', 7, 'L', NULL, '2023-11-28 23:20:20', '2023-11-28 23:20:20'),
(4, 4, 'Drs. Agus Setiawan', '19661021 199601 1 001', 'Pembina Tk 1 IV/b', 7, 'L', NULL, '2023-11-28 23:20:20', '2023-11-28 23:20:20'),
(5, 5, 'Drs. Ius Yurosdiana, M.Pd', '19680916 199602 1 001', 'Pembina Tk 1 IV/b', 7, 'L', NULL, '2023-11-28 23:20:20', '2023-11-28 23:20:20'),
(6, 6, 'Drs. Dadang Zaenal Mutakin', '19671217 199512 1 001', 'Pembina IV/a', 8, 'L', NULL, '2023-11-28 23:20:20', '2023-11-28 23:20:20'),
(7, 5, 'Reni Andriyanti', '19700323 199412 2 002', 'Pembina IV/a', 7, 'P', NULL, '2023-11-28 23:20:20', '2023-11-28 23:20:20'),
(8, 12, 'Yudi Susilo, S.Pd', '19690907 199703 1 003', 'Pembina IV/a', 8, 'L', NULL, '2023-11-28 23:20:20', '2023-11-28 23:20:20'),
(9, 5, 'Tri Wijayanti, S.Pd', '19720612 199802 2 005', 'Pembina IV/a', 7, 'P', NULL, '2023-11-28 23:20:20', '2023-11-28 23:20:20'),
(10, 14, 'Hj. Nur Saadah, S.Ag', '19730406 200701 2 012', 'Penata Tk 1 III/d', 8, 'P', NULL, '2023-11-28 23:20:20', '2023-11-28 23:20:20'),
(11, 1, 'Diana Herawati, S.Pd', '19760421 200801 2 009', 'Penata Tk 1 III/d', 7, 'P', NULL, '2023-11-28 23:20:20', '2023-11-28 23:20:20'),
(12, 15, 'Wajar Darmanto, S.Ag., M.Pd', '19710314 200701 1 006', 'Penata Tk 1 III/d', 7, 'L', NULL, '2023-11-28 23:20:20', '2023-11-28 23:20:20'),
(13, 3, 'Sutarya Saputra, S.Pd', '19690724 200801 1 003', 'Penata Tk 1 III/d', 2, 'L', NULL, '2023-11-28 23:20:20', '2023-11-28 23:20:20'),
(14, 9, 'N. Sukandi, S.Pd', '19670815 200701 1 016', 'Penata III/c', 7, 'L', NULL, '2023-11-28 23:20:20', '2023-11-28 23:20:20'),
(15, 3, 'Suyamtinah, S.Pd', '19650818 200701 2 010', 'Penata III/c', 7, 'P', NULL, '2023-11-28 23:20:20', '2023-11-28 23:20:20'),
(16, 15, 'Sumarni, S.Ag', '19700903 200801 2 020', 'Penata III/c', 7, 'P', NULL, '2023-11-28 23:20:20', '2023-11-28 23:20:20'),
(17, 7, 'Yanti Haryati, S.Pd', '19731113 200801 2 002', 'Penata III/c', 7, 'P', NULL, '2023-11-28 23:20:20', '2023-11-28 23:20:20'),
(18, 9, 'Heri Agung Indrito, S.Pd', '19700623 201409 1 003', 'Penata Muda Tk 1 III/b', 3, 'L', NULL, '2023-11-28 23:20:20', '2023-11-28 23:20:20'),
(19, 2, 'Siti Masitoh, S.Pd', '19840310 201001 2 007', 'Penata Muda Tk 1 III/b', 7, 'P', NULL, '2023-11-28 23:20:20', '2023-11-28 23:20:20'),
(20, 5, 'Lucy Rosiana, S.Pd', '19860528 201402 2 001', 'Penata Muda Tk 1 III/b', 7, 'P', NULL, '2023-11-28 23:20:20', '2023-11-28 23:20:20'),
(21, 9, 'Tisna, S.Pd', '19640108 200801 1 001', 'Penata Muda III/a', 8, 'L', NULL, '2023-11-28 23:20:20', '2023-11-28 23:20:20'),
(22, 1, 'Nuni Sugiarti, S.Pd', '19780721 201409 2 003', 'Penata Muda III/a', 7, 'P', NULL, '2023-11-28 23:20:20', '2023-11-28 23:20:20'),
(23, 4, 'Hilda Umami, S.Pd', '19950122 202012 2 007', 'Penata Muda III/a', 7, 'P', NULL, '2023-11-28 23:20:20', '2023-11-28 23:20:20'),
(24, 1, 'Diah Rahmawati, S.Pd', '19890829 202012 2 004', 'Penata Muda III/a', 7, 'P', NULL, '2023-11-28 23:20:20', '2023-11-28 23:20:20'),
(25, 2, 'Hesti Widiyaningsih, S.Pd', '19911104 202012 2 004', 'Penata Muda III/a', 4, 'P', NULL, '2023-11-28 23:20:20', '2023-11-28 23:20:20'),
(26, 5, 'Heflin Riandari, S.Pd', '19910523 202012 2 006', 'Penata Muda III/a', 7, 'P', NULL, '2023-11-28 23:20:20', '2023-11-28 23:20:20'),
(27, 9, 'Azrul Fauzi, S.Pd', '19910814 202012 1 005', 'Penata Muda III/a', 7, 'L', NULL, '2023-11-28 23:20:20', '2023-11-28 23:20:20'),
(28, 3, 'Ahmad Yani', '19751230 201409 1 001', 'Pengatur Muda Tk 1 II/b', 8, 'L', NULL, '2023-11-28 23:20:20', '2023-11-28 23:20:20'),
(29, 5, 'Muhidin, S.S.M.Pd', '19800611 202321 1 001', 'Ahli Pertama/IX', 7, 'L', NULL, '2023-11-28 23:20:20', '2023-11-28 23:20:20'),
(30, 1, 'Fikri, S.T', NULL, NULL, 8, 'L', NULL, '2023-11-28 23:20:20', '2023-11-28 23:20:20'),
(31, 15, 'Kholilah, S.Pd.I', NULL, NULL, 7, 'P', NULL, '2023-11-28 23:20:20', '2023-11-28 23:20:20'),
(32, 2, 'Laelatul Rochmah, S.Pd', NULL, NULL, 7, 'P', NULL, '2023-11-28 23:20:20', '2023-11-28 23:20:20'),
(33, 3, 'Siti Jainah, S.Pd', NULL, NULL, 7, 'P', NULL, '2023-11-28 23:20:20', '2023-11-28 23:20:20'),
(34, 4, 'Mimi Karmilah, S.Pd', NULL, NULL, 7, 'P', NULL, '2023-11-28 23:20:20', '2023-11-28 23:20:20'),
(35, 1, 'Esti Wijayanti, S.Pd', NULL, NULL, 7, 'P', NULL, '2023-11-28 23:20:20', '2023-11-28 23:20:20'),
(36, 4, 'Indra Gunawan, S.Pd', NULL, NULL, 7, 'L', NULL, '2023-11-28 23:20:20', '2023-11-28 23:20:20'),
(37, 2, 'Linda Sari Pamungkas, S.Pd', NULL, NULL, 7, 'P', NULL, '2023-11-28 23:20:20', '2023-11-28 23:20:20'),
(38, 2, 'Diana Rizky Awalia, S.Pd', NULL, NULL, 7, 'P', NULL, '2023-11-28 23:20:20', '2023-11-28 23:20:20'),
(39, 14, 'Baby Ayu, S.Pd', NULL, NULL, 8, 'P', NULL, '2023-11-28 23:20:20', '2023-11-28 23:20:20'),
(40, 1, 'Siti Nurhayati, S.Pd', NULL, NULL, 7, 'P', NULL, '2023-11-28 23:20:20', '2023-11-28 23:20:20'),
(41, 7, 'Imam Zarkasyi, S.Pd', NULL, NULL, 7, 'L', NULL, '2023-11-28 23:20:20', '2023-11-28 23:20:20'),
(42, 4, 'Alfian Chairudin, S.Pd', NULL, NULL, 7, 'L', NULL, '2023-11-28 23:20:20', '2023-11-28 23:20:20'),
(43, 4, 'Mila Musliha, S.Pd', NULL, NULL, 7, 'P', NULL, '2023-11-28 23:20:20', '2023-11-28 23:20:20'),
(44, 4, 'Lita Monica, S.Pd', NULL, NULL, 8, 'P', NULL, '2023-11-28 23:20:20', '2023-11-28 23:20:20'),
(45, 12, 'Bulan Lailatul Rohmah, S.Pd', NULL, NULL, 8, 'P', NULL, '2023-11-28 23:20:20', '2023-11-28 23:20:20'),
(46, 15, 'Romelih, S.S', NULL, NULL, 8, 'L', NULL, '2023-11-28 23:20:20', '2023-11-28 23:20:20'),
(47, 14, 'Diyan Pertiwi, S.Pd', NULL, NULL, 8, 'P', NULL, '2023-11-28 23:20:20', '2023-11-28 23:20:20'),
(48, 12, 'Dody Mardanus Cani, SE, M.Pd', NULL, NULL, 8, 'L', NULL, '2023-11-28 23:20:20', '2023-11-28 23:20:20'),
(49, 7, 'Ahmad Fajar Maulana, S.Pd', NULL, NULL, 7, 'L', NULL, '2023-11-28 23:20:20', '2023-11-28 23:20:20'),
(50, 6, 'Ahmad Basofi, S.Pd', NULL, NULL, 8, 'L', NULL, '2023-11-28 23:20:20', '2023-11-28 23:20:20'),
(51, 3, 'Farida Aprilia, S.Pd.I', NULL, NULL, 8, 'P', NULL, '2023-11-28 23:20:20', '2023-11-28 23:20:20'),
(52, 13, 'Puji Lestari, Amd. Rad', NULL, NULL, 8, 'P', NULL, '2023-11-28 23:20:20', '2023-11-28 23:20:20'),
(53, 13, 'Khumaerotunnisa, S.Pd', NULL, NULL, 8, 'P', NULL, '2023-11-28 23:20:20', '2023-11-28 23:20:20'),
(54, 8, 'Hanifah Nabighah Kultsum, M.Pd', NULL, NULL, 8, 'P', NULL, '2023-11-28 23:20:20', '2023-11-28 23:20:20'),
(55, 1, 'Vista Mesa Lopa, S.Pd', NULL, NULL, 8, 'P', NULL, '2023-11-28 23:20:20', '2023-11-28 23:20:20');

-- --------------------------------------------------------

--
-- Table structure for table `haris`
--

CREATE TABLE `haris` (
  `id` bigint(20) UNSIGNED NOT NULL,
  `nama_hari` varchar(20) NOT NULL,
  `created_at` timestamp NULL DEFAULT NULL,
  `updated_at` timestamp NULL DEFAULT NULL
) ENGINE=InnoDB DEFAULT CHARSET=utf8mb4 COLLATE=utf8mb4_unicode_ci;

--
-- Dumping data for table `haris`
--

INSERT INTO `haris` (`id`, `nama_hari`, `created_at`, `updated_at`) VALUES
(1, 'Senin', '2023-09-30 15:41:44', '2023-09-30 15:41:44'),
(2, 'Selasa', '2023-09-30 15:41:44', '2023-09-30 15:41:44'),
(3, 'Rabu', '2023-09-30 15:41:44', '2023-09-30 15:41:44'),
(4, 'Kamis', '2023-09-30 15:41:44', '2023-09-30 15:41:44'),
(5, 'Jum\'at', '2023-09-30 15:41:44', '2023-09-30 15:41:44');

-- --------------------------------------------------------

--
-- Table structure for table `jadwals`
--

CREATE TABLE `jadwals` (
  `id` bigint(20) UNSIGNED NOT NULL,
  `tahun_id` int(11) NOT NULL,
  `hari_id` int(11) NOT NULL,
  `rombel_id` int(11) NOT NULL,
  `guru_id` int(11) NOT NULL,
  `jam_mulai` time NOT NULL,
  `jam_selesai` time NOT NULL,
  `created_at` timestamp NULL DEFAULT NULL,
  `updated_at` timestamp NULL DEFAULT NULL,
  `deleted_at` timestamp NULL DEFAULT NULL
) ENGINE=InnoDB DEFAULT CHARSET=utf8mb4 COLLATE=utf8mb4_unicode_ci;

--
-- Dumping data for table `jadwals`
--

INSERT INTO `jadwals` (`id`, `tahun_id`, `hari_id`, `rombel_id`, `guru_id`, `jam_mulai`, `jam_selesai`, `created_at`, `updated_at`, `deleted_at`) VALUES
(1, 3, 1, 1, 12, '07:35:00', '08:10:00', '2024-01-14 10:51:17', '2024-01-14 10:51:17', NULL),
(2, 3, 1, 1, 12, '08:10:00', '08:45:00', '2024-01-14 10:51:17', '2024-01-14 10:51:17', NULL),
(3, 3, 1, 1, 13, '08:45:00', '09:20:00', '2024-01-14 10:51:17', '2024-01-14 10:51:17', NULL),
(4, 3, 1, 1, 13, '09:40:00', '10:15:00', '2024-01-14 10:51:17', '2024-01-14 10:51:17', NULL),
(5, 3, 1, 1, 48, '10:15:00', '10:50:00', '2024-01-14 10:51:17', '2024-01-14 10:51:17', NULL),
(6, 3, 1, 1, 48, '10:50:00', '11:25:00', '2024-01-14 10:51:17', '2024-01-14 10:51:17', NULL),
(7, 3, 1, 1, 11, '11:25:00', '12:00:00', '2024-01-14 10:51:17', '2024-01-14 10:51:17', NULL),
(8, 3, 1, 1, 11, '12:00:00', '12:20:00', '2024-01-14 10:51:17', '2024-01-14 10:51:17', NULL),
(9, 3, 1, 2, 2, '07:35:00', '08:10:00', '2024-01-14 10:51:17', '2024-01-14 10:51:17', NULL),
(10, 3, 1, 2, 2, '08:10:00', '08:45:00', '2024-01-14 10:51:17', '2024-01-14 10:51:17', NULL),
(11, 3, 1, 2, 2, '08:45:00', '09:20:00', '2024-01-14 10:51:17', '2024-01-14 10:51:17', NULL),
(12, 3, 1, 2, 11, '09:40:00', '10:15:00', '2024-01-14 10:51:17', '2024-01-14 10:51:17', NULL),
(13, 3, 1, 2, 11, '10:15:00', '10:50:00', '2024-01-14 10:51:17', '2024-01-14 10:51:17', NULL),
(14, 3, 1, 2, 11, '10:50:00', '11:25:00', '2024-01-14 10:51:17', '2024-01-14 10:51:17', NULL),
(15, 3, 1, 2, 5, '11:25:00', '12:00:00', '2024-01-14 10:51:17', '2024-01-14 10:51:17', NULL),
(16, 3, 1, 2, 5, '12:00:00', '12:20:00', '2024-01-14 10:51:17', '2024-01-14 10:51:17', NULL),
(17, 3, 1, 3, 14, '07:35:00', '08:10:00', '2024-01-14 10:51:17', '2024-01-14 10:51:17', NULL),
(18, 3, 1, 3, 14, '08:10:00', '08:45:00', '2024-01-14 10:51:17', '2024-01-14 10:51:17', NULL),
(19, 3, 1, 3, 5, '08:45:00', '09:20:00', '2024-01-14 10:51:17', '2024-01-14 10:51:17', NULL),
(20, 3, 1, 3, 5, '09:40:00', '10:15:00', '2024-01-14 10:51:17', '2024-01-14 10:51:17', NULL),
(21, 3, 1, 3, 12, '10:15:00', '10:50:00', '2024-01-14 10:51:17', '2024-01-14 10:51:17', NULL),
(22, 3, 1, 3, 12, '10:50:00', '11:25:00', '2024-01-14 10:51:17', '2024-01-14 10:51:17', NULL),
(23, 3, 1, 3, 53, '11:25:00', '12:00:00', '2024-01-14 10:51:17', '2024-01-14 10:51:17', NULL),
(24, 3, 1, 3, 53, '12:00:00', '12:20:00', '2024-01-14 10:51:17', '2024-01-14 10:51:17', NULL),
(25, 3, 1, 4, 11, '07:35:00', '08:10:00', '2024-01-14 10:51:17', '2024-01-14 10:51:17', NULL),
(26, 3, 1, 4, 11, '08:10:00', '08:45:00', '2024-01-14 10:51:17', '2024-01-14 10:51:17', NULL),
(27, 3, 1, 4, 53, '08:45:00', '09:20:00', '2024-01-14 10:51:17', '2024-01-14 10:51:17', NULL),
(28, 3, 1, 4, 53, '09:40:00', '10:15:00', '2024-01-14 10:51:17', '2024-01-14 10:51:17', NULL),
(29, 3, 1, 4, 2, '10:15:00', '10:50:00', '2024-01-14 10:51:17', '2024-01-14 10:51:17', NULL),
(30, 3, 1, 4, 2, '10:50:00', '11:25:00', '2024-01-14 10:51:17', '2024-01-14 10:51:17', NULL),
(31, 3, 1, 4, 12, '11:25:00', '12:00:00', '2024-01-14 10:51:17', '2024-01-14 10:51:17', NULL),
(32, 3, 1, 4, 12, '12:00:00', '12:20:00', '2024-01-14 10:51:17', '2024-01-14 10:51:17', NULL),
(33, 3, 1, 5, 5, '07:35:00', '08:10:00', '2024-01-14 10:51:17', '2024-01-14 10:51:17', NULL),
(34, 3, 1, 5, 5, '08:10:00', '08:45:00', '2024-01-14 10:51:17', '2024-01-14 10:51:17', NULL),
(35, 3, 1, 5, 48, '08:45:00', '09:20:00', '2024-01-14 10:51:17', '2024-01-14 10:51:17', NULL),
(36, 3, 1, 5, 48, '09:40:00', '10:15:00', '2024-01-14 10:51:17', '2024-01-14 10:51:17', NULL),
(37, 3, 1, 5, 53, '10:15:00', '10:50:00', '2024-01-14 10:51:17', '2024-01-14 10:51:17', NULL),
(38, 3, 1, 5, 53, '10:50:00', '11:25:00', '2024-01-14 10:51:17', '2024-01-14 10:51:17', NULL),
(39, 3, 1, 5, 2, '11:25:00', '12:00:00', '2024-01-14 10:51:17', '2024-01-14 10:51:17', NULL),
(40, 3, 1, 5, 2, '12:00:00', '12:20:00', '2024-01-14 10:51:17', '2024-01-14 10:51:17', NULL),
(41, 3, 1, 6, 19, '07:35:00', '08:10:00', '2024-01-14 10:51:17', '2024-01-14 10:51:17', NULL),
(42, 3, 1, 6, 19, '08:10:00', '08:45:00', '2024-01-14 10:51:17', '2024-01-14 10:51:17', NULL),
(43, 3, 1, 6, 12, '08:45:00', '09:20:00', '2024-01-14 10:51:17', '2024-01-14 10:51:17', NULL),
(44, 3, 1, 6, 12, '09:40:00', '10:15:00', '2024-01-14 10:51:17', '2024-01-14 10:51:17', NULL),
(45, 3, 1, 6, 5, '10:15:00', '10:50:00', '2024-01-14 10:51:17', '2024-01-14 10:51:17', NULL),
(46, 3, 1, 6, 5, '10:50:00', '11:25:00', '2024-01-14 10:51:17', '2024-01-14 10:51:17', NULL),
(47, 3, 1, 6, 6, '11:25:00', '12:00:00', '2024-01-14 10:51:17', '2024-01-14 10:51:17', NULL),
(48, 3, 1, 6, 6, '12:00:00', '12:20:00', '2024-01-14 10:51:17', '2024-01-14 10:51:17', NULL),
(49, 3, 1, 7, 22, '07:35:00', '08:10:00', '2024-01-14 10:51:17', '2024-01-14 10:51:17', NULL),
(50, 3, 1, 7, 22, '08:10:00', '08:45:00', '2024-01-14 10:51:17', '2024-01-14 10:51:17', NULL),
(51, 3, 1, 7, 22, '08:45:00', '09:20:00', '2024-01-14 10:51:17', '2024-01-14 10:51:17', NULL),
(52, 3, 1, 7, 19, '09:40:00', '10:15:00', '2024-01-14 10:51:17', '2024-01-14 10:51:17', NULL),
(53, 3, 1, 7, 19, '10:15:00', '10:50:00', '2024-01-14 10:51:17', '2024-01-14 10:51:17', NULL),
(54, 3, 1, 7, 19, '10:50:00', '11:25:00', '2024-01-14 10:51:17', '2024-01-14 10:51:17', NULL),
(55, 3, 1, 7, 4, '11:25:00', '12:00:00', '2024-01-14 10:51:17', '2024-01-14 10:51:17', NULL),
(56, 3, 1, 7, 4, '12:00:00', '12:20:00', '2024-01-14 10:51:17', '2024-01-14 10:51:17', NULL),
(57, 3, 1, 8, 3, '07:35:00', '08:10:00', '2024-01-14 10:51:17', '2024-01-14 10:51:17', NULL),
(58, 3, 1, 8, 3, '08:10:00', '08:45:00', '2024-01-14 10:51:17', '2024-01-14 10:51:17', NULL),
(59, 3, 1, 8, 3, '08:45:00', '09:20:00', '2024-01-14 10:51:17', '2024-01-14 10:51:17', NULL),
(60, 3, 1, 8, 22, '09:40:00', '10:15:00', '2024-01-14 10:51:17', '2024-01-14 10:51:17', NULL),
(61, 3, 1, 8, 22, '10:15:00', '10:50:00', '2024-01-14 10:51:17', '2024-01-14 10:51:17', NULL),
(62, 3, 1, 8, 22, '10:50:00', '11:25:00', '2024-01-14 10:51:17', '2024-01-14 10:51:17', NULL),
(63, 3, 1, 8, 46, '11:25:00', '12:00:00', '2024-01-14 10:51:17', '2024-01-14 10:51:17', NULL),
(64, 3, 1, 8, 46, '12:00:00', '12:20:00', '2024-01-14 10:51:17', '2024-01-14 10:51:17', NULL),
(65, 3, 1, 9, 4, '07:35:00', '08:10:00', '2024-01-14 10:51:17', '2024-01-14 10:51:17', NULL),
(66, 3, 1, 9, 4, '08:10:00', '08:45:00', '2024-01-14 10:51:17', '2024-01-14 10:51:17', NULL),
(67, 3, 1, 9, 6, '08:45:00', '09:20:00', '2024-01-14 10:51:17', '2024-01-14 10:51:17', NULL),
(68, 3, 1, 9, 6, '09:40:00', '10:15:00', '2024-01-14 10:51:17', '2024-01-14 10:51:17', NULL),
(69, 3, 1, 9, 46, '10:15:00', '10:50:00', '2024-01-14 10:51:17', '2024-01-14 10:51:17', NULL),
(70, 3, 1, 9, 46, '10:50:00', '11:25:00', '2024-01-14 10:51:17', '2024-01-14 10:51:17', NULL),
(71, 3, 1, 9, 33, '11:25:00', '12:00:00', '2024-01-14 10:51:17', '2024-01-14 10:51:17', NULL),
(72, 3, 1, 9, 33, '12:00:00', '12:20:00', '2024-01-14 10:51:17', '2024-01-14 10:51:17', NULL),
(73, 3, 1, 10, 48, '07:35:00', '08:10:00', '2024-01-14 10:51:17', '2024-01-14 10:51:17', NULL),
(74, 3, 1, 10, 48, '08:10:00', '08:45:00', '2024-01-14 10:51:17', '2024-01-14 10:51:17', NULL),
(75, 3, 1, 10, 4, '08:45:00', '09:20:00', '2024-01-14 10:51:17', '2024-01-14 10:51:17', NULL),
(76, 3, 1, 10, 4, '09:40:00', '10:15:00', '2024-01-14 10:51:17', '2024-01-14 10:51:17', NULL),
(77, 3, 1, 10, 14, '10:15:00', '10:50:00', '2024-01-14 10:51:17', '2024-01-14 10:51:17', NULL),
(78, 3, 1, 10, 14, '10:50:00', '11:25:00', '2024-01-14 10:51:17', '2024-01-14 10:51:17', NULL),
(79, 3, 1, 10, 19, '11:25:00', '12:00:00', '2024-01-14 10:51:17', '2024-01-14 10:51:17', NULL),
(80, 3, 1, 10, 19, '12:00:00', '12:20:00', '2024-01-14 10:51:17', '2024-01-14 10:51:17', NULL),
(81, 3, 1, 11, 53, '07:35:00', '08:10:00', '2024-01-14 10:51:17', '2024-01-14 10:51:17', NULL),
(82, 3, 1, 11, 53, '08:10:00', '08:45:00', '2024-01-14 10:51:17', '2024-01-14 10:51:17', NULL),
(83, 3, 1, 11, 46, '08:45:00', '09:20:00', '2024-01-14 10:51:17', '2024-01-14 10:51:17', NULL),
(84, 3, 1, 11, 46, '09:40:00', '10:15:00', '2024-01-14 10:51:17', '2024-01-14 10:51:17', NULL),
(85, 3, 1, 11, 4, '10:15:00', '10:50:00', '2024-01-14 10:51:17', '2024-01-14 10:51:17', NULL),
(86, 3, 1, 11, 4, '10:50:00', '11:25:00', '2024-01-14 10:51:17', '2024-01-14 10:51:17', NULL),
(87, 3, 1, 11, 22, '11:25:00', '12:00:00', '2024-01-14 10:51:17', '2024-01-14 10:51:17', NULL),
(88, 3, 1, 11, 22, '12:00:00', '12:20:00', '2024-01-14 10:51:17', '2024-01-14 10:51:17', NULL),
(89, 3, 2, 1, 3, '07:00:00', '07:35:00', '2024-01-14 10:51:17', '2024-01-14 10:51:17', NULL),
(90, 3, 2, 1, 3, '07:35:00', '08:10:00', '2024-01-14 10:51:17', '2024-01-14 10:51:17', NULL),
(91, 3, 2, 1, 3, '08:10:00', '08:45:00', '2024-01-14 10:51:17', '2024-01-14 10:51:17', NULL),
(92, 3, 2, 1, 21, '08:45:00', '09:20:00', '2024-01-14 10:51:17', '2024-01-14 10:51:17', NULL),
(93, 3, 2, 1, 21, '09:40:00', '10:15:00', '2024-01-14 10:51:17', '2024-01-14 10:51:17', NULL),
(94, 3, 2, 1, 2, '10:15:00', '10:50:00', '2024-01-14 10:51:17', '2024-01-14 10:51:17', NULL),
(95, 3, 2, 1, 2, '10:50:00', '11:25:00', '2024-01-14 10:51:17', '2024-01-14 10:51:17', NULL),
(96, 3, 2, 1, 2, '11:25:00', '12:00:00', '2024-01-14 10:51:17', '2024-01-14 10:51:17', NULL),
(97, 3, 2, 2, 48, '07:00:00', '07:35:00', '2024-01-14 10:51:17', '2024-01-14 10:51:17', NULL),
(98, 3, 2, 2, 48, '07:35:00', '08:10:00', '2024-01-14 10:51:17', '2024-01-14 10:51:17', NULL),
(99, 3, 2, 2, 13, '08:10:00', '08:45:00', '2024-01-14 10:51:17', '2024-01-14 10:51:17', NULL),
(100, 3, 2, 2, 13, '08:45:00', '09:20:00', '2024-01-14 10:51:17', '2024-01-14 10:51:17', NULL),
(101, 3, 2, 2, 11, '09:40:00', '10:15:00', '2024-01-14 10:51:17', '2024-01-14 10:51:17', NULL),
(102, 3, 2, 2, 11, '10:15:00', '10:50:00', '2024-01-14 10:51:17', '2024-01-14 10:51:17', NULL),
(103, 3, 2, 2, 53, '10:50:00', '11:25:00', '2024-01-14 10:51:17', '2024-01-14 10:51:17', NULL),
(104, 3, 2, 2, 53, '11:25:00', '12:00:00', '2024-01-14 10:51:17', '2024-01-14 10:51:17', NULL),
(105, 3, 2, 3, 2, '07:00:00', '07:35:00', '2024-01-14 10:51:17', '2024-01-14 10:51:17', NULL),
(106, 3, 2, 3, 2, '07:35:00', '08:10:00', '2024-01-14 10:51:17', '2024-01-14 10:51:17', NULL),
(107, 3, 2, 3, 2, '08:10:00', '08:45:00', '2024-01-14 10:51:17', '2024-01-14 10:51:17', NULL),
(108, 3, 2, 3, 3, '08:45:00', '09:20:00', '2024-01-14 10:51:17', '2024-01-14 10:51:17', NULL),
(109, 3, 2, 3, 3, '09:40:00', '10:15:00', '2024-01-14 10:51:17', '2024-01-14 10:51:17', NULL),
(110, 3, 2, 3, 3, '10:15:00', '10:50:00', '2024-01-14 10:51:17', '2024-01-14 10:51:17', NULL),
(111, 3, 2, 3, 11, '10:50:00', '11:25:00', '2024-01-14 10:51:17', '2024-01-14 10:51:17', NULL),
(112, 3, 2, 3, 11, '11:25:00', '12:00:00', '2024-01-14 10:51:17', '2024-01-14 10:51:17', NULL),
(113, 3, 2, 4, 23, '07:00:00', '07:35:00', '2024-01-14 10:51:17', '2024-01-14 10:51:17', NULL),
(114, 3, 2, 4, 23, '07:35:00', '08:10:00', '2024-01-14 10:51:17', '2024-01-14 10:51:17', NULL),
(115, 3, 2, 4, 48, '08:10:00', '08:45:00', '2024-01-14 10:51:17', '2024-01-14 10:51:17', NULL),
(116, 3, 2, 4, 48, '08:45:00', '09:20:00', '2024-01-14 10:51:17', '2024-01-14 10:51:17', NULL),
(117, 3, 2, 4, 14, '09:40:00', '10:15:00', '2024-01-14 10:51:17', '2024-01-14 10:51:17', NULL),
(118, 3, 2, 4, 14, '10:15:00', '10:50:00', '2024-01-14 10:51:17', '2024-01-14 10:51:17', NULL),
(119, 3, 2, 4, 13, '10:50:00', '11:25:00', '2024-01-14 10:51:17', '2024-01-14 10:51:17', NULL),
(120, 3, 2, 4, 13, '11:25:00', '12:00:00', '2024-01-14 10:51:17', '2024-01-14 10:51:17', NULL),
(121, 3, 2, 5, 11, '07:00:00', '07:35:00', '2024-01-14 10:51:17', '2024-01-14 10:51:17', NULL),
(122, 3, 2, 5, 11, '07:35:00', '08:10:00', '2024-01-14 10:51:17', '2024-01-14 10:51:17', NULL),
(123, 3, 2, 5, 11, '08:10:00', '08:45:00', '2024-01-14 10:51:17', '2024-01-14 10:51:17', NULL),
(124, 3, 2, 5, 23, '08:45:00', '09:20:00', '2024-01-14 10:51:17', '2024-01-14 10:51:17', NULL),
(125, 3, 2, 5, 23, '09:40:00', '10:15:00', '2024-01-14 10:51:17', '2024-01-14 10:51:17', NULL),
(126, 3, 2, 5, 23, '10:15:00', '10:50:00', '2024-01-14 10:51:17', '2024-01-14 10:51:17', NULL),
(127, 3, 2, 5, 15, '10:50:00', '11:25:00', '2024-01-14 10:51:17', '2024-01-14 10:51:17', NULL),
(128, 3, 2, 5, 15, '11:25:00', '12:00:00', '2024-01-14 10:51:17', '2024-01-14 10:51:17', NULL),
(129, 3, 2, 6, 15, '07:00:00', '07:35:00', '2024-01-14 10:51:17', '2024-01-14 10:51:17', NULL),
(130, 3, 2, 6, 15, '07:35:00', '08:10:00', '2024-01-14 10:51:17', '2024-01-14 10:51:17', NULL),
(131, 3, 2, 6, 53, '08:10:00', '08:45:00', '2024-01-14 10:51:17', '2024-01-14 10:51:17', NULL),
(132, 3, 2, 6, 53, '08:45:00', '09:20:00', '2024-01-14 10:51:17', '2024-01-14 10:51:17', NULL),
(133, 3, 2, 6, 48, '09:40:00', '10:15:00', '2024-01-14 10:51:17', '2024-01-14 10:51:17', NULL),
(134, 3, 2, 6, 48, '10:15:00', '10:50:00', '2024-01-14 10:51:17', '2024-01-14 10:51:17', NULL),
(135, 3, 2, 6, 12, '10:50:00', '11:25:00', '2024-01-14 10:51:17', '2024-01-14 10:51:17', NULL),
(136, 3, 2, 6, 12, '11:25:00', '12:00:00', '2024-01-14 10:51:17', '2024-01-14 10:51:17', NULL),
(137, 3, 2, 7, 46, '07:00:00', '07:35:00', '2024-01-14 10:51:17', '2024-01-14 10:51:17', NULL),
(138, 3, 2, 7, 46, '07:35:00', '08:10:00', '2024-01-14 10:51:17', '2024-01-14 10:51:17', NULL),
(139, 3, 2, 7, 15, '08:10:00', '08:45:00', '2024-01-14 10:51:17', '2024-01-14 10:51:17', NULL),
(140, 3, 2, 7, 15, '08:45:00', '09:20:00', '2024-01-14 10:51:17', '2024-01-14 10:51:17', NULL),
(141, 3, 2, 7, 53, '09:40:00', '10:15:00', '2024-01-14 10:51:17', '2024-01-14 10:51:17', NULL),
(142, 3, 2, 7, 53, '10:15:00', '10:50:00', '2024-01-14 10:51:17', '2024-01-14 10:51:17', NULL),
(143, 3, 2, 7, 22, '10:50:00', '11:25:00', '2024-01-14 10:51:17', '2024-01-14 10:51:17', NULL),
(144, 3, 2, 7, 22, '11:25:00', '12:00:00', '2024-01-14 10:51:17', '2024-01-14 10:51:17', NULL),
(145, 3, 2, 8, 14, '07:00:00', '07:35:00', '2024-01-14 10:51:17', '2024-01-14 10:51:17', NULL),
(146, 3, 2, 8, 14, '07:35:00', '08:10:00', '2024-01-14 10:51:17', '2024-01-14 10:51:17', NULL),
(147, 3, 2, 8, 19, '08:10:00', '08:45:00', '2024-01-14 10:51:17', '2024-01-14 10:51:17', NULL),
(148, 3, 2, 8, 19, '08:45:00', '09:20:00', '2024-01-14 10:51:17', '2024-01-14 10:51:17', NULL),
(149, 3, 2, 8, 15, '09:40:00', '10:15:00', '2024-01-14 10:51:17', '2024-01-14 10:51:17', NULL),
(150, 3, 2, 8, 15, '10:15:00', '10:50:00', '2024-01-14 10:51:17', '2024-01-14 10:51:17', NULL),
(151, 3, 2, 8, 4, '10:50:00', '11:25:00', '2024-01-14 10:51:17', '2024-01-14 10:51:17', NULL),
(152, 3, 2, 8, 4, '11:25:00', '12:00:00', '2024-01-14 10:51:17', '2024-01-14 10:51:17', NULL),
(153, 3, 2, 9, 17, '07:00:00', '07:35:00', '2024-01-14 10:51:17', '2024-01-14 10:51:17', NULL),
(154, 3, 2, 9, 17, '07:35:00', '08:10:00', '2024-01-14 10:51:17', '2024-01-14 10:51:17', NULL),
(155, 3, 2, 9, 17, '08:10:00', '08:45:00', '2024-01-14 10:51:17', '2024-01-14 10:51:17', NULL),
(156, 3, 2, 9, 4, '08:45:00', '09:20:00', '2024-01-14 10:51:17', '2024-01-14 10:51:17', NULL),
(157, 3, 2, 9, 4, '09:40:00', '10:15:00', '2024-01-14 10:51:17', '2024-01-14 10:51:17', NULL),
(158, 3, 2, 9, 4, '10:15:00', '10:50:00', '2024-01-14 10:51:17', '2024-01-14 10:51:17', NULL),
(159, 3, 2, 9, 48, '10:50:00', '11:25:00', '2024-01-14 10:51:17', '2024-01-14 10:51:17', NULL),
(160, 3, 2, 9, 48, '11:25:00', '12:00:00', '2024-01-14 10:51:17', '2024-01-14 10:51:17', NULL),
(161, 3, 2, 10, 4, '07:00:00', '07:35:00', '2024-01-14 10:51:17', '2024-01-14 10:51:17', NULL),
(162, 3, 2, 10, 4, '07:35:00', '08:10:00', '2024-01-14 10:51:17', '2024-01-14 10:51:17', NULL),
(163, 3, 2, 10, 4, '08:10:00', '08:45:00', '2024-01-14 10:51:17', '2024-01-14 10:51:17', NULL),
(164, 3, 2, 10, 22, '08:45:00', '09:20:00', '2024-01-14 10:51:17', '2024-01-14 10:51:17', NULL),
(165, 3, 2, 10, 22, '09:40:00', '10:15:00', '2024-01-14 10:51:17', '2024-01-14 10:51:17', NULL),
(166, 3, 2, 10, 22, '10:15:00', '10:50:00', '2024-01-14 10:51:17', '2024-01-14 10:51:17', NULL),
(167, 3, 2, 10, 9, '10:50:00', '11:25:00', '2024-01-14 10:51:17', '2024-01-14 10:51:17', NULL),
(168, 3, 2, 10, 9, '11:25:00', '12:00:00', '2024-01-14 10:51:17', '2024-01-14 10:51:17', NULL),
(169, 3, 2, 11, 22, '07:00:00', '07:35:00', '2024-01-14 10:51:17', '2024-01-14 10:51:17', NULL),
(170, 3, 2, 11, 22, '07:35:00', '08:10:00', '2024-01-14 10:51:17', '2024-01-14 10:51:17', NULL),
(171, 3, 2, 11, 22, '08:10:00', '08:45:00', '2024-01-14 10:51:17', '2024-01-14 10:51:17', NULL),
(172, 3, 2, 11, 17, '08:45:00', '09:20:00', '2024-01-14 10:51:17', '2024-01-14 10:51:17', NULL),
(173, 3, 2, 11, 17, '09:40:00', '10:15:00', '2024-01-14 10:51:17', '2024-01-14 10:51:17', NULL),
(174, 3, 2, 11, 17, '10:15:00', '10:50:00', '2024-01-14 10:51:17', '2024-01-14 10:51:17', NULL),
(175, 3, 2, 11, 19, '10:50:00', '11:25:00', '2024-01-14 10:51:17', '2024-01-14 10:51:17', NULL),
(176, 3, 2, 11, 19, '11:25:00', '12:00:00', '2024-01-14 10:51:17', '2024-01-14 10:51:17', NULL),
(177, 3, 3, 1, 12, '07:00:00', '07:35:00', '2024-01-14 10:51:17', '2024-01-14 10:51:17', NULL),
(178, 3, 3, 1, 12, '07:35:00', '08:10:00', '2024-01-14 10:51:17', '2024-01-14 10:51:17', NULL),
(179, 3, 3, 1, 5, '08:10:00', '08:45:00', '2024-01-14 10:51:17', '2024-01-14 10:51:17', NULL),
(180, 3, 3, 1, 5, '08:45:00', '09:20:00', '2024-01-14 10:51:17', '2024-01-14 10:51:17', NULL),
(181, 3, 3, 1, 6, '09:40:00', '10:15:00', '2024-01-14 10:51:17', '2024-01-14 10:51:17', NULL),
(182, 3, 3, 1, 6, '10:15:00', '10:50:00', '2024-01-14 10:51:17', '2024-01-14 10:51:17', NULL),
(183, 3, 3, 1, 36, '10:50:00', '11:25:00', '2024-01-14 10:51:17', '2024-01-14 10:51:17', NULL),
(184, 3, 3, 1, 36, '11:25:00', '12:00:00', '2024-01-14 10:51:17', '2024-01-14 10:51:17', NULL),
(185, 3, 3, 2, 2, '07:00:00', '07:35:00', '2024-01-14 10:51:17', '2024-01-14 10:51:17', NULL),
(186, 3, 3, 2, 2, '07:35:00', '08:10:00', '2024-01-14 10:51:17', '2024-01-14 10:51:17', NULL),
(187, 3, 3, 2, 36, '08:10:00', '08:45:00', '2024-01-14 10:51:17', '2024-01-14 10:51:17', NULL),
(188, 3, 3, 2, 36, '08:45:00', '09:20:00', '2024-01-14 10:51:17', '2024-01-14 10:51:17', NULL),
(189, 3, 3, 2, 36, '09:40:00', '10:15:00', '2024-01-14 10:51:17', '2024-01-14 10:51:17', NULL),
(190, 3, 3, 2, 3, '10:15:00', '10:50:00', '2024-01-14 10:51:17', '2024-01-14 10:51:17', NULL),
(191, 3, 3, 2, 3, '10:50:00', '11:25:00', '2024-01-14 10:51:17', '2024-01-14 10:51:17', NULL),
(192, 3, 3, 2, 3, '11:25:00', '12:00:00', '2024-01-14 10:51:17', '2024-01-14 10:51:17', NULL),
(193, 3, 3, 3, 36, '07:00:00', '07:35:00', '2024-01-14 10:51:17', '2024-01-14 10:51:17', NULL),
(194, 3, 3, 3, 36, '07:35:00', '08:10:00', '2024-01-14 10:51:17', '2024-01-14 10:51:17', NULL),
(195, 3, 3, 3, 13, '08:10:00', '08:45:00', '2024-01-14 10:51:17', '2024-01-14 10:51:17', NULL),
(196, 3, 3, 3, 13, '08:45:00', '09:20:00', '2024-01-14 10:51:17', '2024-01-14 10:51:17', NULL),
(197, 3, 3, 3, 2, '09:40:00', '10:15:00', '2024-01-14 10:51:17', '2024-01-14 10:51:17', NULL),
(198, 3, 3, 3, 2, '10:15:00', '10:50:00', '2024-01-14 10:51:17', '2024-01-14 10:51:17', NULL),
(199, 3, 3, 3, 12, '10:50:00', '11:25:00', '2024-01-14 10:51:17', '2024-01-14 10:51:17', NULL),
(200, 3, 3, 3, 12, '11:25:00', '12:00:00', '2024-01-14 10:51:17', '2024-01-14 10:51:17', NULL),
(201, 3, 3, 4, 13, '07:00:00', '07:35:00', '2024-01-14 10:51:17', '2024-01-14 10:51:17', NULL),
(202, 3, 3, 4, 13, '07:35:00', '08:10:00', '2024-01-14 10:51:17', '2024-01-14 10:51:17', NULL),
(203, 3, 3, 4, 6, '08:10:00', '08:45:00', '2024-01-14 10:51:17', '2024-01-14 10:51:17', NULL),
(204, 3, 3, 4, 6, '08:45:00', '09:20:00', '2024-01-14 10:51:17', '2024-01-14 10:51:17', NULL),
(205, 3, 3, 4, 12, '09:40:00', '10:15:00', '2024-01-14 10:51:17', '2024-01-14 10:51:17', NULL),
(206, 3, 3, 4, 12, '10:15:00', '10:50:00', '2024-01-14 10:51:17', '2024-01-14 10:51:17', NULL),
(207, 3, 3, 4, 5, '10:50:00', '11:25:00', '2024-01-14 10:51:17', '2024-01-14 10:51:17', NULL),
(208, 3, 3, 4, 5, '11:25:00', '12:00:00', '2024-01-14 10:51:17', '2024-01-14 10:51:17', NULL),
(209, 3, 3, 5, 6, '07:00:00', '07:35:00', '2024-01-14 10:51:17', '2024-01-14 10:51:17', NULL),
(210, 3, 3, 5, 6, '07:35:00', '08:10:00', '2024-01-14 10:51:17', '2024-01-14 10:51:17', NULL),
(211, 3, 3, 5, 12, '08:10:00', '08:45:00', '2024-01-14 10:51:17', '2024-01-14 10:51:17', NULL),
(212, 3, 3, 5, 12, '08:45:00', '09:20:00', '2024-01-14 10:51:17', '2024-01-14 10:51:17', NULL),
(213, 3, 3, 5, 5, '09:40:00', '10:15:00', '2024-01-14 10:51:17', '2024-01-14 10:51:17', NULL),
(214, 3, 3, 5, 5, '10:15:00', '10:50:00', '2024-01-14 10:51:17', '2024-01-14 10:51:17', NULL),
(215, 3, 3, 5, 15, '10:50:00', '11:25:00', '2024-01-14 10:51:17', '2024-01-14 10:51:17', NULL),
(216, 3, 3, 5, 15, '11:25:00', '12:00:00', '2024-01-14 10:51:17', '2024-01-14 10:51:17', NULL),
(217, 3, 3, 6, 22, '07:00:00', '07:35:00', '2024-01-14 10:51:17', '2024-01-14 10:51:17', NULL),
(218, 3, 3, 6, 22, '07:35:00', '08:10:00', '2024-01-14 10:51:17', '2024-01-14 10:51:17', NULL),
(219, 3, 3, 6, 3, '08:10:00', '08:45:00', '2024-01-14 10:51:17', '2024-01-14 10:51:17', NULL),
(220, 3, 3, 6, 3, '08:45:00', '09:20:00', '2024-01-14 10:51:17', '2024-01-14 10:51:17', NULL),
(221, 3, 3, 6, 3, '09:40:00', '10:15:00', '2024-01-14 10:51:17', '2024-01-14 10:51:17', NULL),
(222, 3, 3, 6, 14, '10:15:00', '10:50:00', '2024-01-14 10:51:17', '2024-01-14 10:51:17', NULL),
(223, 3, 3, 6, 14, '10:50:00', '11:25:00', '2024-01-14 10:51:17', '2024-01-14 10:51:17', NULL),
(224, 3, 3, 6, 23, '11:25:00', '12:00:00', '2024-01-14 10:51:17', '2024-01-14 10:51:17', NULL),
(225, 3, 3, 7, 19, '07:00:00', '07:35:00', '2024-01-14 10:51:17', '2024-01-14 10:51:17', NULL),
(226, 3, 3, 7, 19, '07:35:00', '08:10:00', '2024-01-14 10:51:17', '2024-01-14 10:51:17', NULL),
(227, 3, 3, 7, 46, '08:10:00', '08:45:00', '2024-01-14 10:51:17', '2024-01-14 10:51:17', NULL),
(228, 3, 3, 7, 46, '08:45:00', '09:20:00', '2024-01-14 10:51:17', '2024-01-14 10:51:17', NULL),
(229, 3, 3, 7, 15, '09:40:00', '10:15:00', '2024-01-14 10:51:17', '2024-01-14 10:51:17', NULL),
(230, 3, 3, 7, 15, '10:15:00', '10:50:00', '2024-01-14 10:51:17', '2024-01-14 10:51:17', NULL),
(231, 3, 3, 7, 4, '10:50:00', '11:25:00', '2024-01-14 10:51:17', '2024-01-14 10:51:17', NULL),
(232, 3, 3, 7, 4, '11:25:00', '12:00:00', '2024-01-14 10:51:17', '2024-01-14 10:51:17', NULL),
(233, 3, 3, 8, 48, '07:00:00', '07:35:00', '2024-01-14 10:51:17', '2024-01-14 10:51:17', NULL),
(234, 3, 3, 8, 48, '07:35:00', '08:10:00', '2024-01-14 10:51:17', '2024-01-14 10:51:17', NULL),
(235, 3, 3, 8, 22, '08:10:00', '08:45:00', '2024-01-14 10:51:17', '2024-01-14 10:51:17', NULL),
(236, 3, 3, 8, 22, '08:45:00', '09:20:00', '2024-01-14 10:51:17', '2024-01-14 10:51:17', NULL),
(237, 3, 3, 8, 46, '09:40:00', '10:15:00', '2024-01-14 10:51:17', '2024-01-14 10:51:17', NULL),
(238, 3, 3, 8, 46, '10:15:00', '10:50:00', '2024-01-14 10:51:17', '2024-01-14 10:51:17', NULL),
(239, 3, 3, 8, 9, '10:50:00', '11:25:00', '2024-01-14 10:51:17', '2024-01-14 10:51:17', NULL),
(240, 3, 3, 8, 9, '11:25:00', '12:00:00', '2024-01-14 10:51:17', '2024-01-14 10:51:17', NULL),
(241, 3, 3, 9, 53, '07:00:00', '07:35:00', '2024-01-14 10:51:17', '2024-01-14 10:51:17', NULL),
(242, 3, 3, 9, 53, '07:35:00', '08:10:00', '2024-01-14 10:51:17', '2024-01-14 10:51:17', NULL),
(243, 3, 3, 9, 14, '08:10:00', '08:45:00', '2024-01-14 10:51:17', '2024-01-14 10:51:17', NULL),
(244, 3, 3, 9, 14, '08:45:00', '09:20:00', '2024-01-14 10:51:17', '2024-01-14 10:51:17', NULL),
(245, 3, 3, 9, 9, '09:40:00', '10:15:00', '2024-01-14 10:51:17', '2024-01-14 10:51:17', NULL),
(246, 3, 3, 9, 9, '10:15:00', '10:50:00', '2024-01-14 10:51:17', '2024-01-14 10:51:17', NULL),
(247, 3, 3, 9, 19, '10:50:00', '11:25:00', '2024-01-14 10:51:17', '2024-01-14 10:51:17', NULL),
(248, 3, 3, 9, 19, '11:25:00', '12:00:00', '2024-01-14 10:51:17', '2024-01-14 10:51:17', NULL),
(249, 3, 3, 10, 17, '07:00:00', '07:35:00', '2024-01-14 10:51:17', '2024-01-14 10:51:17', NULL),
(250, 3, 3, 10, 17, '07:35:00', '08:10:00', '2024-01-14 10:51:17', '2024-01-14 10:51:17', NULL),
(251, 3, 3, 10, 17, '08:10:00', '08:45:00', '2024-01-14 10:51:17', '2024-01-14 10:51:17', NULL),
(252, 3, 3, 10, 19, '08:45:00', '09:20:00', '2024-01-14 10:51:17', '2024-01-14 10:51:17', NULL),
(253, 3, 3, 10, 19, '09:40:00', '10:15:00', '2024-01-14 10:51:17', '2024-01-14 10:51:17', NULL),
(254, 3, 3, 10, 19, '10:15:00', '10:50:00', '2024-01-14 10:51:17', '2024-01-14 10:51:17', NULL),
(255, 3, 3, 10, 53, '10:50:00', '11:25:00', '2024-01-14 10:51:17', '2024-01-14 10:51:17', NULL),
(256, 3, 3, 10, 53, '11:25:00', '12:00:00', '2024-01-14 10:51:17', '2024-01-14 10:51:17', NULL),
(257, 3, 3, 11, 33, '07:00:00', '07:35:00', '2024-01-14 10:51:17', '2024-01-14 10:51:17', NULL),
(258, 3, 3, 11, 33, '07:35:00', '08:10:00', '2024-01-14 10:51:17', '2024-01-14 10:51:17', NULL),
(259, 3, 3, 11, 9, '08:10:00', '08:45:00', '2024-01-14 10:51:17', '2024-01-14 10:51:17', NULL),
(260, 3, 3, 11, 9, '08:45:00', '09:20:00', '2024-01-14 10:51:17', '2024-01-14 10:51:17', NULL),
(261, 3, 3, 11, 48, '09:40:00', '10:15:00', '2024-01-14 10:51:17', '2024-01-14 10:51:17', NULL),
(262, 3, 3, 11, 48, '10:15:00', '10:50:00', '2024-01-14 10:51:17', '2024-01-14 10:51:17', NULL),
(263, 3, 3, 11, 46, '10:50:00', '11:25:00', '2024-01-14 10:51:17', '2024-01-14 10:51:17', NULL),
(264, 3, 3, 11, 46, '11:25:00', '12:00:00', '2024-01-14 10:51:17', '2024-01-14 10:51:17', NULL),
(265, 3, 4, 1, 53, '07:00:00', '07:35:00', '2024-01-14 10:51:17', '2024-01-14 10:51:17', NULL),
(266, 3, 4, 1, 53, '07:35:00', '08:10:00', '2024-01-14 10:51:17', '2024-01-14 10:51:17', NULL),
(267, 3, 4, 1, 5, '08:10:00', '08:45:00', '2024-01-14 10:51:17', '2024-01-14 10:51:17', NULL),
(268, 3, 4, 1, 5, '08:45:00', '09:20:00', '2024-01-14 10:51:17', '2024-01-14 10:51:17', NULL),
(269, 3, 4, 1, 36, '09:40:00', '10:15:00', '2024-01-14 10:51:17', '2024-01-14 10:51:17', NULL),
(270, 3, 4, 1, 36, '10:15:00', '10:50:00', '2024-01-14 10:51:17', '2024-01-14 10:51:17', NULL),
(271, 3, 4, 1, 13, '10:50:00', '11:25:00', '2024-01-14 10:51:17', '2024-01-14 10:51:17', NULL),
(272, 3, 4, 1, 13, '11:25:00', '12:00:00', '2024-01-14 10:51:17', '2024-01-14 10:51:17', NULL),
(273, 3, 4, 2, 6, '07:00:00', '07:35:00', '2024-01-14 10:51:17', '2024-01-14 10:51:17', NULL),
(274, 3, 4, 2, 6, '07:35:00', '08:10:00', '2024-01-14 10:51:17', '2024-01-14 10:51:17', NULL),
(275, 3, 4, 2, 12, '08:10:00', '08:45:00', '2024-01-14 10:51:17', '2024-01-14 10:51:17', NULL),
(276, 3, 4, 2, 12, '08:45:00', '09:20:00', '2024-01-14 10:51:17', '2024-01-14 10:51:17', NULL),
(277, 3, 4, 2, 13, '09:40:00', '10:15:00', '2024-01-14 10:51:17', '2024-01-14 10:51:17', NULL),
(278, 3, 4, 2, 13, '10:15:00', '10:50:00', '2024-01-14 10:51:17', '2024-01-14 10:51:17', NULL),
(279, 3, 4, 2, 5, '10:50:00', '11:25:00', '2024-01-14 10:51:17', '2024-01-14 10:51:17', NULL),
(280, 3, 4, 2, 5, '11:25:00', '12:00:00', '2024-01-14 10:51:17', '2024-01-14 10:51:17', NULL),
(281, 3, 4, 3, 5, '07:00:00', '07:35:00', '2024-01-14 10:51:17', '2024-01-14 10:51:17', NULL),
(282, 3, 4, 3, 5, '07:35:00', '08:10:00', '2024-01-14 10:51:18', '2024-01-14 10:51:18', NULL),
(283, 3, 4, 3, 13, '08:10:00', '08:45:00', '2024-01-14 10:51:18', '2024-01-14 10:51:18', NULL),
(284, 3, 4, 3, 13, '08:45:00', '09:20:00', '2024-01-14 10:51:18', '2024-01-14 10:51:18', NULL),
(285, 3, 4, 3, 48, '09:40:00', '10:15:00', '2024-01-14 10:51:18', '2024-01-14 10:51:18', NULL),
(286, 3, 4, 3, 48, '10:15:00', '10:50:00', '2024-01-14 10:51:18', '2024-01-14 10:51:18', NULL),
(287, 3, 4, 3, 36, '10:50:00', '11:25:00', '2024-01-14 10:51:18', '2024-01-14 10:51:18', NULL),
(288, 3, 4, 3, 36, '11:25:00', '12:00:00', '2024-01-14 10:51:18', '2024-01-14 10:51:18', NULL),
(289, 3, 4, 4, 3, '07:00:00', '07:35:00', '2024-01-14 10:51:18', '2024-01-14 10:51:18', NULL),
(290, 3, 4, 4, 3, '07:35:00', '08:10:00', '2024-01-14 10:51:18', '2024-01-14 10:51:18', NULL),
(291, 3, 4, 4, 3, '08:10:00', '08:45:00', '2024-01-14 10:51:18', '2024-01-14 10:51:18', NULL),
(292, 3, 4, 4, 11, '08:45:00', '09:20:00', '2024-01-14 10:51:18', '2024-01-14 10:51:18', NULL),
(293, 3, 4, 4, 11, '09:40:00', '10:15:00', '2024-01-14 10:51:18', '2024-01-14 10:51:18', NULL),
(294, 3, 4, 4, 11, '10:15:00', '10:50:00', '2024-01-14 10:51:18', '2024-01-14 10:51:18', NULL),
(295, 3, 4, 4, 23, '10:50:00', '11:25:00', '2024-01-14 10:51:18', '2024-01-14 10:51:18', NULL),
(296, 3, 4, 4, 23, '11:25:00', '12:00:00', '2024-01-14 10:51:18', '2024-01-14 10:51:18', NULL),
(297, 3, 4, 5, 2, '07:00:00', '07:35:00', '2024-01-14 10:51:18', '2024-01-14 10:51:18', NULL),
(298, 3, 4, 5, 2, '07:35:00', '08:10:00', '2024-01-14 10:51:18', '2024-01-14 10:51:18', NULL),
(299, 3, 4, 5, 2, '08:10:00', '08:45:00', '2024-01-14 10:51:18', '2024-01-14 10:51:18', NULL),
(300, 3, 4, 5, 3, '08:45:00', '09:20:00', '2024-01-14 10:51:18', '2024-01-14 10:51:18', NULL),
(301, 3, 4, 5, 3, '09:40:00', '10:15:00', '2024-01-14 10:51:18', '2024-01-14 10:51:18', NULL),
(302, 3, 4, 5, 3, '10:15:00', '10:50:00', '2024-01-14 10:51:18', '2024-01-14 10:51:18', NULL),
(303, 3, 4, 5, 11, '10:50:00', '11:25:00', '2024-01-14 10:51:18', '2024-01-14 10:51:18', NULL),
(304, 3, 4, 5, 11, '11:25:00', '12:00:00', '2024-01-14 10:51:18', '2024-01-14 10:51:18', NULL),
(305, 3, 4, 6, 19, '07:00:00', '07:35:00', '2024-01-14 10:51:18', '2024-01-14 10:51:18', NULL),
(306, 3, 4, 6, 19, '07:35:00', '08:10:00', '2024-01-14 10:51:18', '2024-01-14 10:51:18', NULL),
(307, 3, 4, 6, 19, '08:10:00', '08:45:00', '2024-01-14 10:51:18', '2024-01-14 10:51:18', NULL),
(308, 3, 4, 6, 23, '08:45:00', '09:20:00', '2024-01-14 10:51:18', '2024-01-14 10:51:18', NULL),
(309, 3, 4, 6, 23, '09:40:00', '10:15:00', '2024-01-14 10:51:18', '2024-01-14 10:51:18', NULL),
(310, 3, 4, 6, 23, '10:15:00', '10:50:00', '2024-01-14 10:51:18', '2024-01-14 10:51:18', NULL),
(311, 3, 4, 6, 15, '10:50:00', '11:25:00', '2024-01-14 10:51:18', '2024-01-14 10:51:18', NULL),
(312, 3, 4, 6, 15, '11:25:00', '12:00:00', '2024-01-14 10:51:18', '2024-01-14 10:51:18', NULL),
(313, 3, 4, 7, 48, '07:00:00', '07:35:00', '2024-01-14 10:51:18', '2024-01-14 10:51:18', NULL),
(314, 3, 4, 7, 48, '07:35:00', '08:10:00', '2024-01-14 10:51:18', '2024-01-14 10:51:18', NULL),
(315, 3, 4, 7, 9, '08:10:00', '08:45:00', '2024-01-14 10:51:18', '2024-01-14 10:51:18', NULL),
(316, 3, 4, 7, 9, '08:45:00', '09:20:00', '2024-01-14 10:51:18', '2024-01-14 10:51:18', NULL),
(317, 3, 4, 7, 4, '09:40:00', '10:15:00', '2024-01-14 10:51:18', '2024-01-14 10:51:18', NULL),
(318, 3, 4, 7, 4, '10:15:00', '10:50:00', '2024-01-14 10:51:18', '2024-01-14 10:51:18', NULL),
(319, 3, 4, 7, 14, '10:50:00', '11:25:00', '2024-01-14 10:51:18', '2024-01-14 10:51:18', NULL),
(320, 3, 4, 7, 14, '11:25:00', '12:00:00', '2024-01-14 10:51:18', '2024-01-14 10:51:18', NULL),
(321, 3, 4, 8, 4, '07:00:00', '07:35:00', '2024-01-14 10:51:18', '2024-01-14 10:51:18', NULL),
(322, 3, 4, 8, 4, '07:35:00', '08:10:00', '2024-01-14 10:51:18', '2024-01-14 10:51:18', NULL),
(323, 3, 4, 8, 53, '08:10:00', '08:45:00', '2024-01-14 10:51:18', '2024-01-14 10:51:18', NULL),
(324, 3, 4, 8, 53, '08:45:00', '09:20:00', '2024-01-14 10:51:18', '2024-01-14 10:51:18', NULL),
(325, 3, 4, 8, 15, '09:40:00', '10:15:00', '2024-01-14 10:51:18', '2024-01-14 10:51:18', NULL),
(326, 3, 4, 8, 15, '10:15:00', '10:50:00', '2024-01-14 10:51:18', '2024-01-14 10:51:18', NULL),
(327, 3, 4, 8, 6, '10:50:00', '11:25:00', '2024-01-14 10:51:18', '2024-01-14 10:51:18', NULL),
(328, 3, 4, 8, 6, '11:25:00', '12:00:00', '2024-01-14 10:51:18', '2024-01-14 10:51:18', NULL),
(329, 3, 4, 9, 22, '07:00:00', '07:35:00', '2024-01-14 10:51:18', '2024-01-14 10:51:18', NULL),
(330, 3, 4, 9, 22, '07:35:00', '08:10:00', '2024-01-14 10:51:18', '2024-01-14 10:51:18', NULL),
(331, 3, 4, 9, 22, '08:10:00', '08:45:00', '2024-01-14 10:51:18', '2024-01-14 10:51:18', NULL),
(332, 3, 4, 9, 19, '08:45:00', '09:20:00', '2024-01-14 10:51:18', '2024-01-14 10:51:18', NULL),
(333, 3, 4, 9, 19, '09:40:00', '10:15:00', '2024-01-14 10:51:18', '2024-01-14 10:51:18', NULL),
(334, 3, 4, 9, 19, '10:15:00', '10:50:00', '2024-01-14 10:51:18', '2024-01-14 10:51:18', NULL),
(335, 3, 4, 9, 33, '10:50:00', '11:25:00', '2024-01-14 10:51:18', '2024-01-14 10:51:18', NULL),
(336, 3, 4, 9, 33, '11:25:00', '12:00:00', '2024-01-14 10:51:18', '2024-01-14 10:51:18', NULL),
(337, 3, 4, 10, 46, '07:00:00', '07:35:00', '2024-01-14 10:51:18', '2024-01-14 10:51:18', NULL),
(338, 3, 4, 10, 46, '07:35:00', '08:10:00', '2024-01-14 10:51:18', '2024-01-14 10:51:18', NULL),
(339, 3, 4, 10, 6, '08:10:00', '08:45:00', '2024-01-14 10:51:18', '2024-01-14 10:51:18', NULL),
(340, 3, 4, 10, 6, '08:45:00', '09:20:00', '2024-01-14 10:51:18', '2024-01-14 10:51:18', NULL),
(341, 3, 4, 10, 33, '09:40:00', '10:15:00', '2024-01-14 10:51:18', '2024-01-14 10:51:18', NULL),
(342, 3, 4, 10, 33, '10:15:00', '10:50:00', '2024-01-14 10:51:18', '2024-01-14 10:51:18', NULL),
(343, 3, 4, 10, 9, '10:50:00', '11:25:00', '2024-01-14 10:51:18', '2024-01-14 10:51:18', NULL),
(344, 3, 4, 10, 9, '11:25:00', '12:00:00', '2024-01-14 10:51:18', '2024-01-14 10:51:18', NULL),
(345, 3, 4, 11, 33, '07:00:00', '07:35:00', '2024-01-14 10:51:18', '2024-01-14 10:51:18', NULL),
(346, 3, 4, 11, 33, '07:35:00', '08:10:00', '2024-01-14 10:51:18', '2024-01-14 10:51:18', NULL),
(347, 3, 4, 11, 4, '08:10:00', '08:45:00', '2024-01-14 10:51:18', '2024-01-14 10:51:18', NULL),
(348, 3, 4, 11, 4, '08:45:00', '09:20:00', '2024-01-14 10:51:18', '2024-01-14 10:51:18', NULL),
(349, 3, 4, 11, 9, '09:40:00', '10:15:00', '2024-01-14 10:51:18', '2024-01-14 10:51:18', NULL),
(350, 3, 4, 11, 9, '10:15:00', '10:50:00', '2024-01-14 10:51:18', '2024-01-14 10:51:18', NULL),
(351, 3, 4, 11, 4, '10:50:00', '11:25:00', '2024-01-14 10:51:18', '2024-01-14 10:51:18', NULL),
(352, 3, 4, 11, 4, '11:25:00', '12:00:00', '2024-01-14 10:51:18', '2024-01-14 10:51:18', NULL),
(353, 3, 5, 1, 2, '07:00:00', '07:35:00', '2024-01-14 10:51:18', '2024-01-14 10:51:18', NULL),
(354, 3, 5, 1, 2, '07:35:00', '08:10:00', '2024-01-14 10:51:18', '2024-01-14 10:51:18', NULL),
(355, 3, 5, 1, 36, '08:10:00', '08:45:00', '2024-01-14 10:51:18', '2024-01-14 10:51:18', NULL),
(356, 3, 5, 1, 36, '08:45:00', '09:20:00', '2024-01-14 10:51:18', '2024-01-14 10:51:18', NULL),
(357, 3, 5, 1, 11, '09:40:00', '10:15:00', '2024-01-14 10:51:18', '2024-01-14 10:51:18', NULL),
(358, 3, 5, 1, 11, '10:15:00', '10:50:00', '2024-01-14 10:51:18', '2024-01-14 10:51:18', NULL),
(359, 3, 5, 1, 11, '10:50:00', '11:25:00', '2024-01-14 10:51:18', '2024-01-14 10:51:18', NULL),
(360, 3, 5, 2, 21, '07:00:00', '07:35:00', '2024-01-14 10:51:18', '2024-01-14 10:51:18', NULL),
(361, 3, 5, 2, 21, '07:35:00', '08:10:00', '2024-01-14 10:51:18', '2024-01-14 10:51:18', NULL),
(362, 3, 5, 2, 12, '08:10:00', '08:45:00', '2024-01-14 10:51:18', '2024-01-14 10:51:18', NULL),
(363, 3, 5, 2, 12, '08:45:00', '09:20:00', '2024-01-14 10:51:18', '2024-01-14 10:51:18', NULL),
(364, 3, 5, 2, 36, '09:40:00', '10:15:00', '2024-01-14 10:51:18', '2024-01-14 10:51:18', NULL),
(365, 3, 5, 2, 36, '10:15:00', '10:50:00', '2024-01-14 10:51:18', '2024-01-14 10:51:18', NULL),
(366, 3, 5, 2, 36, '10:50:00', '11:25:00', '2024-01-14 10:51:18', '2024-01-14 10:51:18', NULL),
(367, 3, 5, 3, 11, '07:00:00', '07:35:00', '2024-01-14 10:51:18', '2024-01-14 10:51:18', NULL),
(368, 3, 5, 3, 11, '07:35:00', '08:10:00', '2024-01-14 10:51:18', '2024-01-14 10:51:18', NULL),
(369, 3, 5, 3, 11, '08:10:00', '08:45:00', '2024-01-14 10:51:18', '2024-01-14 10:51:18', NULL),
(370, 3, 5, 3, 36, '08:45:00', '09:20:00', '2024-01-14 10:51:18', '2024-01-14 10:51:18', NULL),
(371, 3, 5, 3, 36, '09:40:00', '10:15:00', '2024-01-14 10:51:18', '2024-01-14 10:51:18', NULL),
(372, 3, 5, 3, 6, '10:15:00', '10:50:00', '2024-01-14 10:51:18', '2024-01-14 10:51:18', NULL),
(373, 3, 5, 3, 6, '10:50:00', '11:25:00', '2024-01-14 10:51:18', '2024-01-14 10:51:18', NULL),
(374, 3, 5, 4, 23, '07:00:00', '07:35:00', '2024-01-14 10:51:18', '2024-01-14 10:51:18', NULL),
(375, 3, 5, 4, 23, '07:35:00', '08:10:00', '2024-01-14 10:51:18', '2024-01-14 10:51:18', NULL),
(376, 3, 5, 4, 2, '08:10:00', '08:45:00', '2024-01-14 10:51:18', '2024-01-14 10:51:18', NULL),
(377, 3, 5, 4, 2, '08:45:00', '09:20:00', '2024-01-14 10:51:18', '2024-01-14 10:51:18', NULL),
(378, 3, 5, 4, 2, '09:40:00', '10:15:00', '2024-01-14 10:51:18', '2024-01-14 10:51:18', NULL),
(379, 3, 5, 4, 5, '10:15:00', '10:50:00', '2024-01-14 10:51:18', '2024-01-14 10:51:18', NULL),
(380, 3, 5, 4, 5, '10:50:00', '11:25:00', '2024-01-14 10:51:18', '2024-01-14 10:51:18', NULL),
(381, 3, 5, 5, 12, '07:00:00', '07:35:00', '2024-01-14 10:51:18', '2024-01-14 10:51:18', NULL),
(382, 3, 5, 5, 12, '07:35:00', '08:10:00', '2024-01-14 10:51:18', '2024-01-14 10:51:18', NULL),
(383, 3, 5, 5, 14, '08:10:00', '08:45:00', '2024-01-14 10:51:18', '2024-01-14 10:51:18', NULL),
(384, 3, 5, 5, 14, '08:45:00', '09:20:00', '2024-01-14 10:51:18', '2024-01-14 10:51:18', NULL),
(385, 3, 5, 5, 23, '09:40:00', '10:15:00', '2024-01-14 10:51:18', '2024-01-14 10:51:18', NULL),
(386, 3, 5, 5, 23, '10:15:00', '10:50:00', '2024-01-14 10:51:18', '2024-01-14 10:51:18', NULL),
(387, 3, 5, 5, 23, '10:50:00', '11:25:00', '2024-01-14 10:51:18', '2024-01-14 10:51:18', NULL),
(388, 3, 5, 6, 5, '07:00:00', '07:35:00', '2024-01-14 10:51:18', '2024-01-14 10:51:18', NULL),
(389, 3, 5, 6, 5, '07:35:00', '08:10:00', '2024-01-14 10:51:18', '2024-01-14 10:51:18', NULL),
(390, 3, 5, 6, 23, '08:10:00', '08:45:00', '2024-01-14 10:51:18', '2024-01-14 10:51:18', NULL),
(391, 3, 5, 6, 23, '08:45:00', '09:20:00', '2024-01-14 10:51:18', '2024-01-14 10:51:18', NULL),
(392, 3, 5, 6, 22, '09:40:00', '10:15:00', '2024-01-14 10:51:18', '2024-01-14 10:51:18', NULL),
(393, 3, 5, 6, 22, '10:15:00', '10:50:00', '2024-01-14 10:51:18', '2024-01-14 10:51:18', NULL),
(394, 3, 5, 6, 22, '10:50:00', '11:25:00', '2024-01-14 10:51:18', '2024-01-14 10:51:18', NULL),
(395, 3, 5, 7, 6, '07:00:00', '07:35:00', '2024-01-14 10:51:18', '2024-01-14 10:51:18', NULL),
(396, 3, 5, 7, 6, '07:35:00', '08:10:00', '2024-01-14 10:51:18', '2024-01-14 10:51:18', NULL),
(397, 3, 5, 7, 9, '08:10:00', '08:45:00', '2024-01-14 10:51:18', '2024-01-14 10:51:18', NULL),
(398, 3, 5, 7, 9, '08:45:00', '09:20:00', '2024-01-14 10:51:18', '2024-01-14 10:51:18', NULL),
(399, 3, 5, 7, 3, '09:40:00', '10:15:00', '2024-01-14 10:51:18', '2024-01-14 10:51:18', NULL),
(400, 3, 5, 7, 3, '10:15:00', '10:50:00', '2024-01-14 10:51:18', '2024-01-14 10:51:18', NULL),
(401, 3, 5, 7, 3, '10:50:00', '11:25:00', '2024-01-14 10:51:18', '2024-01-14 10:51:18', NULL),
(402, 3, 5, 8, 9, '07:00:00', '07:35:00', '2024-01-14 10:51:18', '2024-01-14 10:51:18', NULL),
(403, 3, 5, 8, 9, '07:35:00', '08:10:00', '2024-01-14 10:51:18', '2024-01-14 10:51:18', NULL),
(404, 3, 5, 8, 4, '08:10:00', '08:45:00', '2024-01-14 10:51:18', '2024-01-14 10:51:18', NULL),
(405, 3, 5, 8, 4, '08:45:00', '09:20:00', '2024-01-14 10:51:18', '2024-01-14 10:51:18', NULL),
(406, 3, 5, 8, 19, '09:40:00', '10:15:00', '2024-01-14 10:51:18', '2024-01-14 10:51:18', NULL),
(407, 3, 5, 8, 19, '10:15:00', '10:50:00', '2024-01-14 10:51:18', '2024-01-14 10:51:18', NULL),
(408, 3, 5, 8, 19, '10:50:00', '11:25:00', '2024-01-14 10:51:18', '2024-01-14 10:51:18', NULL),
(409, 3, 5, 9, 46, '07:00:00', '07:35:00', '2024-01-14 10:51:18', '2024-01-14 10:51:18', NULL),
(410, 3, 5, 9, 46, '07:35:00', '08:10:00', '2024-01-14 10:51:18', '2024-01-14 10:51:18', NULL),
(411, 3, 5, 9, 22, '08:10:00', '08:45:00', '2024-01-14 10:51:18', '2024-01-14 10:51:18', NULL),
(412, 3, 5, 9, 22, '08:45:00', '09:20:00', '2024-01-14 10:51:18', '2024-01-14 10:51:18', NULL),
(413, 3, 5, 9, 9, '09:40:00', '10:15:00', '2024-01-14 10:51:18', '2024-01-14 10:51:18', NULL),
(414, 3, 5, 9, 9, '10:15:00', '10:50:00', '2024-01-14 10:51:18', '2024-01-14 10:51:18', NULL),
(415, 3, 5, 9, 4, '10:50:00', '11:25:00', '2024-01-14 10:51:18', '2024-01-14 10:51:18', NULL),
(416, 3, 5, 10, 22, '07:00:00', '07:35:00', '2024-01-14 10:51:18', '2024-01-14 10:51:18', NULL),
(417, 3, 5, 10, 22, '07:35:00', '08:10:00', '2024-01-14 10:51:18', '2024-01-14 10:51:18', NULL),
(418, 3, 5, 10, 46, '08:10:00', '08:45:00', '2024-01-14 10:51:18', '2024-01-14 10:51:18', NULL),
(419, 3, 5, 10, 46, '08:45:00', '09:20:00', '2024-01-14 10:51:18', '2024-01-14 10:51:18', NULL),
(420, 3, 5, 10, 4, '09:40:00', '10:15:00', '2024-01-14 10:51:18', '2024-01-14 10:51:18', NULL),
(421, 3, 5, 10, 33, '10:15:00', '10:50:00', '2024-01-14 10:51:18', '2024-01-14 10:51:18', NULL),
(422, 3, 5, 10, 33, '10:50:00', '11:25:00', '2024-01-14 10:51:18', '2024-01-14 10:51:18', NULL),
(423, 3, 5, 11, 19, '07:00:00', '07:35:00', '2024-01-14 10:51:18', '2024-01-14 10:51:18', NULL),
(424, 3, 5, 11, 19, '07:35:00', '08:10:00', '2024-01-14 10:51:18', '2024-01-14 10:51:18', NULL),
(425, 3, 5, 11, 19, '08:10:00', '08:45:00', '2024-01-14 10:51:18', '2024-01-14 10:51:18', NULL),
(426, 3, 5, 11, 6, '08:45:00', '09:20:00', '2024-01-14 10:51:18', '2024-01-14 10:51:18', NULL),
(427, 3, 5, 11, 6, '09:40:00', '10:15:00', '2024-01-14 10:51:18', '2024-01-14 10:51:18', NULL),
(428, 3, 5, 11, 14, '10:15:00', '10:50:00', '2024-01-14 10:51:18', '2024-01-14 10:51:18', NULL),
(429, 3, 5, 11, 14, '10:50:00', '11:25:00', '2024-01-14 10:51:18', '2024-01-14 10:51:18', NULL),
(859, 3, 1, 12, 52, '12:30:00', '13:05:00', '2024-01-14 11:37:24', '2024-01-14 11:37:24', NULL),
(860, 3, 1, 12, 52, '13:05:00', '13:40:00', '2024-01-14 11:37:24', '2024-01-14 11:37:24', NULL),
(861, 3, 1, 12, 43, '13:40:00', '14:15:00', '2024-01-14 11:37:24', '2024-01-14 11:37:24', NULL),
(862, 3, 1, 12, 43, '14:15:00', '14:50:00', '2024-01-14 11:37:24', '2024-01-14 11:37:24', NULL),
(863, 3, 1, 12, 45, '14:50:00', '15:25:00', '2024-01-14 11:37:24', '2024-01-14 11:37:24', NULL),
(864, 3, 1, 12, 45, '15:25:00', '16:00:00', '2024-01-14 11:37:24', '2024-01-14 11:37:24', NULL),
(865, 3, 1, 12, 28, '16:20:00', '16:55:00', '2024-01-14 11:37:24', '2024-01-14 11:37:24', NULL),
(866, 3, 1, 12, 28, '16:55:00', '17:30:00', '2024-01-14 11:37:24', '2024-01-14 11:37:24', NULL),
(867, 3, 2, 12, 18, '12:30:00', '13:05:00', '2024-01-14 11:37:24', '2024-01-14 11:37:24', NULL),
(868, 3, 2, 12, 18, '13:05:00', '13:40:00', '2024-01-14 11:37:24', '2024-01-14 11:37:24', NULL),
(869, 3, 2, 12, 9, '13:40:00', '14:15:00', '2024-01-14 11:37:24', '2024-01-14 11:37:24', NULL),
(870, 3, 2, 12, 9, '14:15:00', '14:50:00', '2024-01-14 11:37:24', '2024-01-14 11:37:24', NULL),
(871, 3, 2, 12, 43, '14:50:00', '15:25:00', '2024-01-14 11:37:24', '2024-01-14 11:37:24', NULL),
(872, 3, 2, 12, 43, '15:25:00', '16:00:00', '2024-01-14 11:37:24', '2024-01-14 11:37:24', NULL),
(873, 3, 2, 12, 32, '16:20:00', '16:55:00', '2024-01-14 11:37:24', '2024-01-14 11:37:24', NULL),
(874, 3, 2, 12, 32, '16:55:00', '17:30:00', '2024-01-14 11:37:24', '2024-01-14 11:37:24', NULL),
(875, 3, 3, 12, 41, '12:30:00', '13:05:00', '2024-01-14 11:37:24', '2024-01-14 11:37:24', NULL),
(876, 3, 3, 12, 41, '13:05:00', '13:40:00', '2024-01-14 11:37:24', '2024-01-14 11:37:24', NULL),
(877, 3, 3, 12, 41, '13:40:00', '14:15:00', '2024-01-14 11:37:24', '2024-01-14 11:37:24', NULL),
(878, 3, 3, 12, 32, '14:15:00', '14:50:00', '2024-01-14 11:37:24', '2024-01-14 11:37:24', NULL),
(879, 3, 3, 12, 32, '14:50:00', '15:25:00', '2024-01-14 11:37:24', '2024-01-14 11:37:24', NULL),
(880, 3, 3, 12, 32, '15:25:00', '16:00:00', '2024-01-14 11:37:24', '2024-01-14 11:37:24', NULL),
(881, 3, 3, 12, 28, '16:20:00', '16:55:00', '2024-01-14 11:37:24', '2024-01-14 11:37:24', NULL),
(882, 3, 3, 12, 28, '16:55:00', '17:30:00', '2024-01-14 11:37:24', '2024-01-14 11:37:24', NULL),
(883, 3, 4, 12, 16, '12:30:00', '13:05:00', '2024-01-14 11:37:24', '2024-01-14 11:37:24', NULL),
(884, 3, 4, 12, 16, '13:05:00', '13:40:00', '2024-01-14 11:37:24', '2024-01-14 11:37:24', NULL),
(885, 3, 4, 12, 9, '13:40:00', '14:15:00', '2024-01-14 11:37:24', '2024-01-14 11:37:24', NULL),
(886, 3, 4, 12, 9, '14:15:00', '14:50:00', '2024-01-14 11:37:24', '2024-01-14 11:37:24', NULL),
(887, 3, 4, 12, 30, '14:50:00', '15:25:00', '2024-01-14 11:37:24', '2024-01-14 11:37:24', NULL),
(888, 3, 4, 12, 30, '15:25:00', '16:00:00', '2024-01-14 11:37:24', '2024-01-14 11:37:24', NULL),
(889, 3, 4, 12, 54, '16:20:00', '16:55:00', '2024-01-14 11:37:24', '2024-01-14 11:37:24', NULL),
(890, 3, 4, 12, 54, '16:55:00', '17:30:00', '2024-01-14 11:37:24', '2024-01-14 11:37:24', NULL),
(891, 3, 5, 12, 16, '12:30:00', '13:05:00', '2024-01-14 11:37:24', '2024-01-14 11:37:24', NULL),
(892, 3, 5, 12, 16, '13:05:00', '13:40:00', '2024-01-14 11:37:24', '2024-01-14 11:37:24', NULL),
(893, 3, 5, 12, 43, '13:40:00', '14:15:00', '2024-01-14 11:37:24', '2024-01-14 11:37:24', NULL),
(894, 3, 5, 12, 43, '14:15:00', '14:50:00', '2024-01-14 11:37:24', '2024-01-14 11:37:24', NULL),
(895, 3, 5, 12, 30, '14:50:00', '15:25:00', '2024-01-14 11:37:24', '2024-01-14 11:37:24', NULL),
(896, 3, 5, 12, 30, '15:25:00', '16:00:00', '2024-01-14 11:37:24', '2024-01-14 11:37:24', NULL),
(897, 3, 5, 12, 30, '16:20:00', '16:55:00', '2024-01-14 11:37:24', '2024-01-14 11:37:24', NULL),
(898, 3, 1, 13, 18, '12:30:00', '13:05:00', '2024-01-14 11:37:24', '2024-01-14 11:37:24', NULL),
(899, 3, 1, 13, 18, '13:05:00', '13:40:00', '2024-01-14 11:37:24', '2024-01-14 11:37:24', NULL),
(900, 3, 1, 13, 54, '13:40:00', '14:15:00', '2024-01-14 11:37:24', '2024-01-14 11:37:24', NULL),
(901, 3, 1, 13, 54, '14:15:00', '14:50:00', '2024-01-14 11:37:24', '2024-01-14 11:37:24', NULL),
(902, 3, 1, 13, 53, '14:50:00', '15:25:00', '2024-01-14 11:37:24', '2024-01-14 11:37:24', NULL),
(903, 3, 1, 13, 53, '15:25:00', '16:00:00', '2024-01-14 11:37:24', '2024-01-14 11:37:24', NULL),
(904, 3, 1, 13, 43, '16:20:00', '16:55:00', '2024-01-14 11:37:24', '2024-01-14 11:37:24', NULL),
(905, 3, 1, 13, 43, '16:55:00', '17:30:00', '2024-01-14 11:37:24', '2024-01-14 11:37:24', NULL),
(906, 3, 2, 13, 32, '12:30:00', '13:05:00', '2024-01-14 11:37:24', '2024-01-14 11:37:24', NULL),
(907, 3, 2, 13, 32, '13:05:00', '13:40:00', '2024-01-14 11:37:24', '2024-01-14 11:37:24', NULL),
(908, 3, 2, 13, 43, '13:40:00', '14:15:00', '2024-01-14 11:37:24', '2024-01-14 11:37:24', NULL),
(909, 3, 2, 13, 43, '14:15:00', '14:50:00', '2024-01-14 11:37:24', '2024-01-14 11:37:24', NULL),
(910, 3, 2, 13, 30, '14:50:00', '15:25:00', '2024-01-14 11:37:24', '2024-01-14 11:37:24', NULL),
(911, 3, 2, 13, 30, '15:25:00', '16:00:00', '2024-01-14 11:37:24', '2024-01-14 11:37:24', NULL),
(912, 3, 2, 13, 28, '16:20:00', '16:55:00', '2024-01-14 11:37:24', '2024-01-14 11:37:24', NULL),
(913, 3, 2, 13, 28, '16:55:00', '17:30:00', '2024-01-14 11:37:24', '2024-01-14 11:37:24', NULL),
(914, 3, 3, 13, 30, '12:30:00', '13:05:00', '2024-01-14 11:37:24', '2024-01-14 11:37:24', NULL),
(915, 3, 3, 13, 30, '13:05:00', '13:40:00', '2024-01-14 11:37:24', '2024-01-14 11:37:24', NULL),
(916, 3, 3, 13, 30, '13:40:00', '14:15:00', '2024-01-14 11:37:24', '2024-01-14 11:37:24', NULL),
(917, 3, 3, 13, 41, '14:15:00', '14:50:00', '2024-01-14 11:37:24', '2024-01-14 11:37:24', NULL),
(918, 3, 3, 13, 41, '14:50:00', '15:25:00', '2024-01-14 11:37:24', '2024-01-14 11:37:24', NULL),
(919, 3, 3, 13, 41, '15:25:00', '16:00:00', '2024-01-14 11:37:24', '2024-01-14 11:37:24', NULL),
(920, 3, 3, 13, 7, '16:20:00', '16:55:00', '2024-01-14 11:37:24', '2024-01-14 11:37:24', NULL),
(921, 3, 3, 13, 7, '16:55:00', '17:30:00', '2024-01-14 11:37:24', '2024-01-14 11:37:24', NULL),
(922, 3, 4, 13, 43, '12:30:00', '13:05:00', '2024-01-14 11:37:24', '2024-01-14 11:37:24', NULL),
(923, 3, 4, 13, 43, '13:05:00', '13:40:00', '2024-01-14 11:37:24', '2024-01-14 11:37:24', NULL),
(924, 3, 4, 13, 16, '13:40:00', '14:15:00', '2024-01-14 11:37:24', '2024-01-14 11:37:24', NULL),
(925, 3, 4, 13, 16, '14:15:00', '14:50:00', '2024-01-14 11:37:24', '2024-01-14 11:37:24', NULL),
(926, 3, 4, 13, 7, '14:50:00', '15:25:00', '2024-01-14 11:37:24', '2024-01-14 11:37:24', NULL),
(927, 3, 4, 13, 7, '15:25:00', '16:00:00', '2024-01-14 11:37:24', '2024-01-14 11:37:24', NULL),
(928, 3, 4, 13, 45, '16:20:00', '16:55:00', '2024-01-14 11:37:24', '2024-01-14 11:37:24', NULL),
(929, 3, 4, 13, 45, '16:55:00', '17:30:00', '2024-01-14 11:37:24', '2024-01-14 11:37:24', NULL),
(930, 3, 5, 13, 28, '12:30:00', '13:05:00', '2024-01-14 11:37:24', '2024-01-14 11:37:24', NULL),
(931, 3, 5, 13, 28, '13:05:00', '13:40:00', '2024-01-14 11:37:24', '2024-01-14 11:37:24', NULL),
(932, 3, 5, 13, 32, '13:40:00', '14:15:00', '2024-01-14 11:37:24', '2024-01-14 11:37:24', NULL),
(933, 3, 5, 13, 32, '14:15:00', '14:50:00', '2024-01-14 11:37:24', '2024-01-14 11:37:24', NULL),
(934, 3, 5, 13, 32, '14:50:00', '15:25:00', '2024-01-14 11:37:24', '2024-01-14 11:37:24', NULL),
(935, 3, 5, 13, 16, '15:25:00', '16:00:00', '2024-01-14 11:37:24', '2024-01-14 11:37:24', NULL),
(936, 3, 5, 13, 16, '16:20:00', '16:55:00', '2024-01-14 11:37:24', '2024-01-14 11:37:24', NULL),
(937, 3, 1, 14, 43, '12:30:00', '13:05:00', '2024-01-14 11:37:24', '2024-01-14 11:37:24', NULL),
(938, 3, 1, 14, 43, '13:05:00', '13:40:00', '2024-01-14 11:37:24', '2024-01-14 11:37:24', NULL),
(939, 3, 1, 14, 45, '13:40:00', '14:15:00', '2024-01-14 11:37:24', '2024-01-14 11:37:24', NULL),
(940, 3, 1, 14, 45, '14:15:00', '14:50:00', '2024-01-14 11:37:24', '2024-01-14 11:37:24', NULL),
(941, 3, 1, 14, 6, '14:50:00', '15:25:00', '2024-01-14 11:37:24', '2024-01-14 11:37:24', NULL),
(942, 3, 1, 14, 6, '15:25:00', '16:00:00', '2024-01-14 11:37:24', '2024-01-14 11:37:24', NULL),
(943, 3, 1, 14, 16, '16:20:00', '16:55:00', '2024-01-14 11:37:24', '2024-01-14 11:37:24', NULL),
(944, 3, 1, 14, 16, '16:55:00', '17:30:00', '2024-01-14 11:37:24', '2024-01-14 11:37:24', NULL),
(945, 3, 2, 14, 30, '12:30:00', '13:05:00', '2024-01-14 11:37:24', '2024-01-14 11:37:24', NULL),
(946, 3, 2, 14, 30, '13:05:00', '13:40:00', '2024-01-14 11:37:24', '2024-01-14 11:37:24', NULL),
(947, 3, 2, 14, 30, '13:40:00', '14:15:00', '2024-01-14 11:37:24', '2024-01-14 11:37:24', NULL),
(948, 3, 2, 14, 55, '14:15:00', '14:50:00', '2024-01-14 11:37:24', '2024-01-14 11:37:24', NULL),
(949, 3, 2, 14, 55, '14:50:00', '15:25:00', '2024-01-14 11:37:24', '2024-01-14 11:37:24', NULL),
(950, 3, 2, 14, 28, '15:25:00', '16:00:00', '2024-01-14 11:37:24', '2024-01-14 11:37:24', NULL),
(951, 3, 2, 14, 7, '16:20:00', '16:55:00', '2024-01-14 11:37:24', '2024-01-14 11:37:24', NULL),
(952, 3, 2, 14, 7, '16:55:00', '17:30:00', '2024-01-14 11:37:24', '2024-01-14 11:37:24', NULL),
(953, 3, 3, 14, 32, '12:30:00', '13:05:00', '2024-01-14 11:37:24', '2024-01-14 11:37:24', NULL),
(954, 3, 3, 14, 32, '13:05:00', '13:40:00', '2024-01-14 11:37:24', '2024-01-14 11:37:24', NULL),
(955, 3, 3, 14, 32, '13:40:00', '14:15:00', '2024-01-14 11:37:24', '2024-01-14 11:37:24', NULL),
(956, 3, 3, 14, 16, '14:15:00', '14:50:00', '2024-01-14 11:37:24', '2024-01-14 11:37:24', NULL),
(957, 3, 3, 14, 16, '14:50:00', '15:25:00', '2024-01-14 11:37:24', '2024-01-14 11:37:24', NULL),
(958, 3, 3, 14, 49, '15:25:00', '16:00:00', '2024-01-14 11:37:24', '2024-01-14 11:37:24', NULL),
(959, 3, 3, 14, 49, '16:20:00', '16:55:00', '2024-01-14 11:37:24', '2024-01-14 11:37:24', NULL),
(960, 3, 3, 14, 49, '16:55:00', '17:30:00', '2024-01-14 11:37:24', '2024-01-14 11:37:24', NULL);
INSERT INTO `jadwals` (`id`, `tahun_id`, `hari_id`, `rombel_id`, `guru_id`, `jam_mulai`, `jam_selesai`, `created_at`, `updated_at`, `deleted_at`) VALUES
(961, 3, 4, 14, 7, '12:30:00', '13:05:00', '2024-01-14 11:37:24', '2024-01-14 11:37:24', NULL),
(962, 3, 4, 14, 7, '13:05:00', '13:40:00', '2024-01-14 11:37:24', '2024-01-14 11:37:24', NULL),
(963, 3, 4, 14, 30, '13:40:00', '14:15:00', '2024-01-14 11:37:24', '2024-01-14 11:37:24', NULL),
(964, 3, 4, 14, 30, '14:15:00', '14:50:00', '2024-01-14 11:37:24', '2024-01-14 11:37:24', NULL),
(965, 3, 4, 14, 43, '14:50:00', '15:25:00', '2024-01-14 11:37:24', '2024-01-14 11:37:24', NULL),
(966, 3, 4, 14, 43, '15:25:00', '16:00:00', '2024-01-14 11:37:24', '2024-01-14 11:37:24', NULL),
(967, 3, 4, 14, 32, '16:20:00', '16:55:00', '2024-01-14 11:37:24', '2024-01-14 11:37:24', NULL),
(968, 3, 4, 14, 32, '16:55:00', '17:30:00', '2024-01-14 11:37:24', '2024-01-14 11:37:24', NULL),
(969, 3, 5, 14, 43, '12:30:00', '13:05:00', '2024-01-14 11:37:24', '2024-01-14 11:37:24', NULL),
(970, 3, 5, 14, 43, '13:05:00', '13:40:00', '2024-01-14 11:37:24', '2024-01-14 11:37:24', NULL),
(971, 3, 5, 14, 18, '13:40:00', '14:15:00', '2024-01-14 11:37:24', '2024-01-14 11:37:24', NULL),
(972, 3, 5, 14, 18, '14:15:00', '14:50:00', '2024-01-14 11:37:24', '2024-01-14 11:37:24', NULL),
(973, 3, 5, 14, 28, '14:50:00', '15:25:00', '2024-01-14 11:37:24', '2024-01-14 11:37:24', NULL),
(974, 3, 5, 14, 28, '15:25:00', '16:00:00', '2024-01-14 11:37:24', '2024-01-14 11:37:24', NULL),
(975, 3, 5, 14, 28, '16:20:00', '16:55:00', '2024-01-14 11:37:24', '2024-01-14 11:37:24', NULL),
(976, 3, 1, 15, 45, '12:30:00', '13:05:00', '2024-01-14 11:37:24', '2024-01-14 11:37:24', NULL),
(977, 3, 1, 15, 45, '13:05:00', '13:40:00', '2024-01-14 11:37:24', '2024-01-14 11:37:24', NULL),
(978, 3, 1, 15, 18, '13:40:00', '14:15:00', '2024-01-14 11:37:24', '2024-01-14 11:37:24', NULL),
(979, 3, 1, 15, 18, '14:15:00', '14:50:00', '2024-01-14 11:37:24', '2024-01-14 11:37:24', NULL),
(980, 3, 1, 15, 16, '14:50:00', '15:25:00', '2024-01-14 11:37:24', '2024-01-14 11:37:24', NULL),
(981, 3, 1, 15, 16, '15:25:00', '16:00:00', '2024-01-14 11:37:24', '2024-01-14 11:37:24', NULL),
(982, 3, 1, 15, 6, '16:20:00', '16:55:00', '2024-01-14 11:37:24', '2024-01-14 11:37:24', NULL),
(983, 3, 1, 15, 6, '16:55:00', '17:30:00', '2024-01-14 11:37:24', '2024-01-14 11:37:24', NULL),
(984, 3, 2, 15, 43, '12:30:00', '13:05:00', '2024-01-14 11:37:24', '2024-01-14 11:37:24', NULL),
(985, 3, 2, 15, 43, '13:05:00', '13:40:00', '2024-01-14 11:37:24', '2024-01-14 11:37:24', NULL),
(986, 3, 2, 15, 28, '13:40:00', '14:15:00', '2024-01-14 11:37:24', '2024-01-14 11:37:24', NULL),
(987, 3, 2, 15, 28, '14:15:00', '14:50:00', '2024-01-14 11:37:24', '2024-01-14 11:37:24', NULL),
(988, 3, 2, 15, 7, '14:50:00', '15:25:00', '2024-01-14 11:37:24', '2024-01-14 11:37:24', NULL),
(989, 3, 2, 15, 7, '15:25:00', '16:00:00', '2024-01-14 11:37:24', '2024-01-14 11:37:24', NULL),
(990, 3, 2, 15, 30, '16:20:00', '16:55:00', '2024-01-14 11:37:24', '2024-01-14 11:37:24', NULL),
(991, 3, 2, 15, 30, '16:55:00', '17:30:00', '2024-01-14 11:37:24', '2024-01-14 11:37:24', NULL),
(992, 3, 3, 15, 16, '12:30:00', '13:05:00', '2024-01-14 11:37:24', '2024-01-14 11:37:24', NULL),
(993, 3, 3, 15, 16, '13:05:00', '13:40:00', '2024-01-14 11:37:24', '2024-01-14 11:37:24', NULL),
(994, 3, 3, 15, 7, '13:40:00', '14:15:00', '2024-01-14 11:37:24', '2024-01-14 11:37:24', NULL),
(995, 3, 3, 15, 7, '14:15:00', '14:50:00', '2024-01-14 11:37:24', '2024-01-14 11:37:24', NULL),
(996, 3, 3, 15, 28, '14:50:00', '15:25:00', '2024-01-14 11:37:24', '2024-01-14 11:37:24', NULL),
(997, 3, 3, 15, 28, '15:25:00', '16:00:00', '2024-01-14 11:37:24', '2024-01-14 11:37:24', NULL),
(998, 3, 3, 15, 32, '16:20:00', '16:55:00', '2024-01-14 11:37:24', '2024-01-14 11:37:24', NULL),
(999, 3, 3, 15, 32, '16:55:00', '17:30:00', '2024-01-14 11:37:24', '2024-01-14 11:37:24', NULL),
(1000, 3, 4, 15, 49, '12:30:00', '13:05:00', '2024-01-14 11:37:24', '2024-01-14 11:37:24', NULL),
(1001, 3, 4, 15, 49, '13:05:00', '13:40:00', '2024-01-14 11:37:24', '2024-01-14 11:37:24', NULL),
(1002, 3, 4, 15, 49, '13:40:00', '14:15:00', '2024-01-14 11:37:24', '2024-01-14 11:37:24', NULL),
(1003, 3, 4, 15, 32, '14:15:00', '14:50:00', '2024-01-14 11:37:24', '2024-01-14 11:37:24', NULL),
(1004, 3, 4, 15, 32, '14:50:00', '15:25:00', '2024-01-14 11:37:24', '2024-01-14 11:37:24', NULL),
(1005, 3, 4, 15, 32, '15:25:00', '16:00:00', '2024-01-14 11:37:24', '2024-01-14 11:37:24', NULL),
(1006, 3, 4, 15, 43, '16:20:00', '16:55:00', '2024-01-14 11:37:24', '2024-01-14 11:37:24', NULL),
(1007, 3, 4, 15, 43, '16:55:00', '17:30:00', '2024-01-14 11:37:24', '2024-01-14 11:37:24', NULL),
(1008, 3, 5, 15, 30, '12:30:00', '13:05:00', '2024-01-14 11:37:24', '2024-01-14 11:37:24', NULL),
(1009, 3, 5, 15, 30, '13:05:00', '13:40:00', '2024-01-14 11:37:24', '2024-01-14 11:37:24', NULL),
(1010, 3, 5, 15, 30, '13:40:00', '14:15:00', '2024-01-14 11:37:24', '2024-01-14 11:37:24', NULL),
(1011, 3, 5, 15, 55, '14:15:00', '14:50:00', '2024-01-14 11:37:24', '2024-01-14 11:37:24', NULL),
(1012, 3, 5, 15, 55, '14:50:00', '15:25:00', '2024-01-14 11:37:24', '2024-01-14 11:37:24', NULL),
(1013, 3, 5, 15, 43, '15:25:00', '16:00:00', '2024-01-14 11:37:24', '2024-01-14 11:37:24', NULL),
(1014, 3, 5, 15, 43, '16:20:00', '16:55:00', '2024-01-14 11:37:24', '2024-01-14 11:37:24', NULL),
(1015, 3, 1, 16, 55, '12:30:00', '13:05:00', '2024-01-14 11:37:24', '2024-01-14 11:37:24', NULL),
(1016, 3, 1, 16, 55, '13:05:00', '13:40:00', '2024-01-14 11:37:24', '2024-01-14 11:37:24', NULL),
(1017, 3, 1, 16, 28, '13:40:00', '14:15:00', '2024-01-14 11:37:24', '2024-01-14 11:37:24', NULL),
(1018, 3, 1, 16, 28, '14:15:00', '14:50:00', '2024-01-14 11:37:24', '2024-01-14 11:37:24', NULL),
(1019, 3, 1, 16, 18, '14:50:00', '15:25:00', '2024-01-14 11:37:24', '2024-01-14 11:37:24', NULL),
(1020, 3, 1, 16, 18, '15:25:00', '16:00:00', '2024-01-14 11:37:24', '2024-01-14 11:37:24', NULL),
(1021, 3, 1, 16, 49, '16:20:00', '16:55:00', '2024-01-14 11:37:24', '2024-01-14 11:37:24', NULL),
(1022, 3, 1, 16, 49, '16:55:00', '17:30:00', '2024-01-14 11:37:24', '2024-01-14 11:37:24', NULL),
(1023, 3, 2, 16, 49, '12:30:00', '13:05:00', '2024-01-14 11:37:24', '2024-01-14 11:37:24', NULL),
(1024, 3, 2, 16, 7, '13:05:00', '13:40:00', '2024-01-14 11:37:24', '2024-01-14 11:37:24', NULL),
(1025, 3, 2, 16, 7, '13:40:00', '14:15:00', '2024-01-14 11:37:24', '2024-01-14 11:37:24', NULL),
(1026, 3, 2, 16, 32, '14:15:00', '14:50:00', '2024-01-14 11:37:24', '2024-01-14 11:37:24', NULL),
(1027, 3, 2, 16, 32, '14:50:00', '15:25:00', '2024-01-14 11:37:24', '2024-01-14 11:37:24', NULL),
(1028, 3, 2, 16, 32, '15:25:00', '16:00:00', '2024-01-14 11:37:24', '2024-01-14 11:37:24', NULL),
(1029, 3, 2, 16, 50, '16:20:00', '16:55:00', '2024-01-14 11:37:24', '2024-01-14 11:37:24', NULL),
(1030, 3, 2, 16, 50, '16:55:00', '17:30:00', '2024-01-14 11:37:24', '2024-01-14 11:37:24', NULL),
(1031, 3, 3, 16, 36, '12:30:00', '13:05:00', '2024-01-14 11:37:24', '2024-01-14 11:37:24', NULL),
(1032, 3, 3, 16, 36, '13:05:00', '13:40:00', '2024-01-14 11:37:24', '2024-01-14 11:37:24', NULL),
(1033, 3, 3, 16, 36, '13:40:00', '14:15:00', '2024-01-14 11:37:24', '2024-01-14 11:37:24', NULL),
(1034, 3, 3, 16, 30, '14:15:00', '14:50:00', '2024-01-14 11:37:24', '2024-01-14 11:37:24', NULL),
(1035, 3, 3, 16, 30, '14:50:00', '15:25:00', '2024-01-14 11:37:24', '2024-01-14 11:37:24', NULL),
(1036, 3, 3, 16, 30, '15:25:00', '16:00:00', '2024-01-14 11:37:24', '2024-01-14 11:37:24', NULL),
(1037, 3, 3, 16, 16, '16:20:00', '16:55:00', '2024-01-14 11:37:24', '2024-01-14 11:37:24', NULL),
(1038, 3, 3, 16, 16, '16:55:00', '17:30:00', '2024-01-14 11:37:24', '2024-01-14 11:37:24', NULL),
(1039, 3, 4, 16, 45, '12:30:00', '13:05:00', '2024-01-14 11:37:24', '2024-01-14 11:37:24', NULL),
(1040, 3, 4, 16, 45, '13:05:00', '13:40:00', '2024-01-14 11:37:24', '2024-01-14 11:37:24', NULL),
(1041, 3, 4, 16, 7, '13:40:00', '14:15:00', '2024-01-14 11:37:24', '2024-01-14 11:37:24', NULL),
(1042, 3, 4, 16, 7, '14:15:00', '14:50:00', '2024-01-14 11:37:24', '2024-01-14 11:37:24', NULL),
(1043, 3, 4, 16, 16, '14:50:00', '15:25:00', '2024-01-14 11:37:24', '2024-01-14 11:37:24', NULL),
(1044, 3, 4, 16, 16, '15:25:00', '16:00:00', '2024-01-14 11:37:24', '2024-01-14 11:37:24', NULL),
(1045, 3, 4, 16, 30, '16:20:00', '16:55:00', '2024-01-14 11:37:24', '2024-01-14 11:37:24', NULL),
(1046, 3, 4, 16, 30, '16:55:00', '17:30:00', '2024-01-14 11:37:24', '2024-01-14 11:37:24', NULL),
(1047, 3, 5, 16, 32, '12:30:00', '13:05:00', '2024-01-14 11:37:24', '2024-01-14 11:37:24', NULL),
(1048, 3, 5, 16, 32, '13:05:00', '13:40:00', '2024-01-14 11:37:24', '2024-01-14 11:37:24', NULL),
(1049, 3, 5, 16, 28, '13:40:00', '14:15:00', '2024-01-14 11:37:24', '2024-01-14 11:37:24', NULL),
(1050, 3, 5, 16, 28, '14:15:00', '14:50:00', '2024-01-14 11:37:24', '2024-01-14 11:37:24', NULL),
(1051, 3, 5, 16, 36, '14:50:00', '15:25:00', '2024-01-14 11:37:24', '2024-01-14 11:37:24', NULL),
(1052, 3, 5, 16, 36, '15:25:00', '16:00:00', '2024-01-14 11:37:24', '2024-01-14 11:37:24', NULL),
(1053, 3, 5, 16, 36, '16:20:00', '16:55:00', '2024-01-14 11:37:24', '2024-01-14 11:37:24', NULL),
(1054, 3, 1, 17, 16, '12:30:00', '13:05:00', '2024-01-14 11:37:24', '2024-01-14 11:37:24', NULL),
(1055, 3, 1, 17, 16, '13:05:00', '13:40:00', '2024-01-14 11:37:24', '2024-01-14 11:37:24', NULL),
(1056, 3, 1, 17, 55, '13:40:00', '14:15:00', '2024-01-14 11:37:24', '2024-01-14 11:37:24', NULL),
(1057, 3, 1, 17, 55, '14:15:00', '14:50:00', '2024-01-14 11:37:24', '2024-01-14 11:37:24', NULL),
(1058, 3, 1, 17, 28, '14:50:00', '15:25:00', '2024-01-14 11:37:24', '2024-01-14 11:37:24', NULL),
(1059, 3, 1, 17, 28, '15:25:00', '16:00:00', '2024-01-14 11:37:24', '2024-01-14 11:37:24', NULL),
(1060, 3, 1, 17, 21, '16:20:00', '16:55:00', '2024-01-14 11:37:24', '2024-01-14 11:37:24', NULL),
(1061, 3, 1, 17, 21, '16:55:00', '17:30:00', '2024-01-14 11:37:24', '2024-01-14 11:37:24', NULL),
(1062, 3, 2, 17, 28, '12:30:00', '13:05:00', '2024-01-14 11:37:24', '2024-01-14 11:37:24', NULL),
(1063, 3, 2, 17, 28, '13:05:00', '13:40:00', '2024-01-14 11:37:24', '2024-01-14 11:37:24', NULL),
(1064, 3, 2, 17, 49, '13:40:00', '14:15:00', '2024-01-14 11:37:24', '2024-01-14 11:37:24', NULL),
(1065, 3, 2, 17, 49, '14:15:00', '14:50:00', '2024-01-14 11:37:24', '2024-01-14 11:37:24', NULL),
(1066, 3, 2, 17, 49, '14:50:00', '15:25:00', '2024-01-14 11:37:24', '2024-01-14 11:37:24', NULL),
(1067, 3, 2, 17, 35, '15:25:00', '16:00:00', '2024-01-14 11:37:24', '2024-01-14 11:37:24', NULL),
(1068, 3, 2, 17, 35, '16:20:00', '16:55:00', '2024-01-14 11:37:24', '2024-01-14 11:37:24', NULL),
(1069, 3, 2, 17, 35, '16:55:00', '17:30:00', '2024-01-14 11:37:24', '2024-01-14 11:37:24', NULL),
(1070, 3, 3, 17, 45, '12:30:00', '13:05:00', '2024-01-14 11:37:24', '2024-01-14 11:37:24', NULL),
(1071, 3, 3, 17, 45, '13:05:00', '13:40:00', '2024-01-14 11:37:24', '2024-01-14 11:37:24', NULL),
(1072, 3, 3, 17, 37, '13:40:00', '14:15:00', '2024-01-14 11:37:24', '2024-01-14 11:37:24', NULL),
(1073, 3, 3, 17, 37, '14:15:00', '14:50:00', '2024-01-14 11:37:24', '2024-01-14 11:37:24', NULL),
(1074, 3, 3, 17, 7, '14:50:00', '15:25:00', '2024-01-14 11:37:24', '2024-01-14 11:37:24', NULL),
(1075, 3, 3, 17, 36, '15:25:00', '16:00:00', '2024-01-14 11:37:24', '2024-01-14 11:37:24', NULL),
(1076, 3, 3, 17, 36, '16:20:00', '16:55:00', '2024-01-14 11:37:24', '2024-01-14 11:37:24', NULL),
(1077, 3, 3, 17, 36, '16:55:00', '17:30:00', '2024-01-14 11:37:24', '2024-01-14 11:37:24', NULL),
(1078, 3, 4, 17, 36, '12:30:00', '13:05:00', '2024-01-14 11:37:24', '2024-01-14 11:37:24', NULL),
(1079, 3, 4, 17, 36, '13:05:00', '13:40:00', '2024-01-14 11:37:24', '2024-01-14 11:37:24', NULL),
(1080, 3, 4, 17, 36, '13:40:00', '14:15:00', '2024-01-14 11:37:24', '2024-01-14 11:37:24', NULL),
(1081, 3, 4, 17, 37, '14:15:00', '14:50:00', '2024-01-14 11:37:24', '2024-01-14 11:37:24', NULL),
(1082, 3, 4, 17, 37, '14:50:00', '15:25:00', '2024-01-14 11:37:24', '2024-01-14 11:37:24', NULL),
(1083, 3, 4, 17, 37, '15:25:00', '16:00:00', '2024-01-14 11:37:24', '2024-01-14 11:37:24', NULL),
(1084, 3, 4, 17, 35, '16:20:00', '16:55:00', '2024-01-14 11:37:24', '2024-01-14 11:37:24', NULL),
(1085, 3, 4, 17, 35, '16:55:00', '17:30:00', '2024-01-14 11:37:24', '2024-01-14 11:37:24', NULL),
(1086, 3, 5, 17, 7, '12:30:00', '13:05:00', '2024-01-14 11:37:24', '2024-01-14 11:37:24', NULL),
(1087, 3, 5, 17, 7, '13:05:00', '13:40:00', '2024-01-14 11:37:24', '2024-01-14 11:37:24', NULL),
(1088, 3, 5, 17, 16, '13:40:00', '14:15:00', '2024-01-14 11:37:24', '2024-01-14 11:37:24', NULL),
(1089, 3, 5, 17, 16, '14:15:00', '14:50:00', '2024-01-14 11:37:24', '2024-01-14 11:37:24', NULL),
(1090, 3, 5, 17, 16, '14:50:00', '15:25:00', '2024-01-14 11:37:24', '2024-01-14 11:37:24', NULL),
(1091, 3, 5, 17, 50, '15:25:00', '16:00:00', '2024-01-14 11:37:24', '2024-01-14 11:37:24', NULL),
(1092, 3, 5, 17, 50, '16:20:00', '16:55:00', '2024-01-14 11:37:24', '2024-01-14 11:37:24', NULL),
(1093, 3, 1, 18, 28, '12:30:00', '13:05:00', '2024-01-14 11:37:24', '2024-01-14 11:37:24', NULL),
(1094, 3, 1, 18, 28, '13:05:00', '13:40:00', '2024-01-14 11:37:24', '2024-01-14 11:37:24', NULL),
(1095, 3, 1, 18, 16, '13:40:00', '14:15:00', '2024-01-14 11:37:24', '2024-01-14 11:37:24', NULL),
(1096, 3, 1, 18, 16, '14:15:00', '14:50:00', '2024-01-14 11:37:24', '2024-01-14 11:37:24', NULL),
(1097, 3, 1, 18, 34, '14:50:00', '15:25:00', '2024-01-14 11:37:24', '2024-01-14 11:37:24', NULL),
(1098, 3, 1, 18, 34, '15:25:00', '16:00:00', '2024-01-14 11:37:24', '2024-01-14 11:37:24', NULL),
(1099, 3, 1, 18, 37, '16:20:00', '16:55:00', '2024-01-14 11:37:24', '2024-01-14 11:37:24', NULL),
(1100, 3, 1, 18, 37, '16:55:00', '17:30:00', '2024-01-14 11:37:24', '2024-01-14 11:37:24', NULL),
(1101, 3, 2, 18, 35, '12:30:00', '13:05:00', '2024-01-14 11:37:24', '2024-01-14 11:37:24', NULL),
(1102, 3, 2, 18, 35, '13:05:00', '13:40:00', '2024-01-14 11:37:24', '2024-01-14 11:37:24', NULL),
(1103, 3, 2, 18, 50, '13:40:00', '14:15:00', '2024-01-14 11:37:24', '2024-01-14 11:37:24', NULL),
(1104, 3, 2, 18, 50, '14:15:00', '14:50:00', '2024-01-14 11:37:24', '2024-01-14 11:37:24', NULL),
(1105, 3, 2, 18, 34, '14:50:00', '15:25:00', '2024-01-14 11:37:24', '2024-01-14 11:37:24', NULL),
(1106, 3, 2, 18, 34, '15:25:00', '16:00:00', '2024-01-14 11:37:24', '2024-01-14 11:37:24', NULL),
(1107, 3, 2, 18, 55, '16:20:00', '16:55:00', '2024-01-14 11:37:24', '2024-01-14 11:37:24', NULL),
(1108, 3, 2, 18, 55, '16:55:00', '17:30:00', '2024-01-14 11:37:24', '2024-01-14 11:37:24', NULL),
(1109, 3, 3, 18, 7, '12:30:00', '13:05:00', '2024-01-14 11:37:24', '2024-01-14 11:37:24', NULL),
(1110, 3, 3, 18, 28, '13:05:00', '13:40:00', '2024-01-14 11:37:24', '2024-01-14 11:37:24', NULL),
(1111, 3, 3, 18, 28, '13:40:00', '14:15:00', '2024-01-14 11:37:24', '2024-01-14 11:37:24', NULL),
(1112, 3, 3, 18, 35, '14:15:00', '14:50:00', '2024-01-14 11:37:24', '2024-01-14 11:37:24', NULL),
(1113, 3, 3, 18, 35, '14:50:00', '15:25:00', '2024-01-14 11:37:24', '2024-01-14 11:37:24', NULL),
(1114, 3, 3, 18, 35, '15:25:00', '16:00:00', '2024-01-14 11:37:24', '2024-01-14 11:37:24', NULL),
(1115, 3, 3, 18, 34, '16:20:00', '16:55:00', '2024-01-14 11:37:24', '2024-01-14 11:37:24', NULL),
(1116, 3, 3, 18, 34, '16:55:00', '17:30:00', '2024-01-14 11:37:24', '2024-01-14 11:37:24', NULL),
(1117, 3, 4, 18, 37, '12:30:00', '13:05:00', '2024-01-14 11:37:24', '2024-01-14 11:37:24', NULL),
(1118, 3, 4, 18, 37, '13:05:00', '13:40:00', '2024-01-14 11:37:24', '2024-01-14 11:37:24', NULL),
(1119, 3, 4, 18, 37, '13:40:00', '14:15:00', '2024-01-14 11:37:24', '2024-01-14 11:37:24', NULL),
(1120, 3, 4, 18, 49, '14:15:00', '14:50:00', '2024-01-14 11:37:24', '2024-01-14 11:37:24', NULL),
(1121, 3, 4, 18, 49, '14:50:00', '15:25:00', '2024-01-14 11:37:24', '2024-01-14 11:37:24', NULL),
(1122, 3, 4, 18, 49, '15:25:00', '16:00:00', '2024-01-14 11:37:24', '2024-01-14 11:37:24', NULL),
(1123, 3, 4, 18, 16, '16:20:00', '16:55:00', '2024-01-14 11:37:24', '2024-01-14 11:37:24', NULL),
(1124, 3, 4, 18, 16, '16:55:00', '17:30:00', '2024-01-14 11:37:24', '2024-01-14 11:37:24', NULL),
(1125, 3, 5, 18, 21, '12:30:00', '13:05:00', '2024-01-14 11:37:24', '2024-01-14 11:37:24', NULL),
(1126, 3, 5, 18, 21, '13:05:00', '13:40:00', '2024-01-14 11:37:24', '2024-01-14 11:37:24', NULL),
(1127, 3, 5, 18, 45, '13:40:00', '14:15:00', '2024-01-14 11:37:24', '2024-01-14 11:37:24', NULL),
(1128, 3, 5, 18, 45, '14:15:00', '14:50:00', '2024-01-14 11:37:24', '2024-01-14 11:37:24', NULL),
(1129, 3, 5, 18, 7, '14:50:00', '15:25:00', '2024-01-14 11:37:24', '2024-01-14 11:37:24', NULL),
(1130, 3, 5, 18, 7, '15:25:00', '16:00:00', '2024-01-14 11:37:24', '2024-01-14 11:37:24', NULL),
(1131, 3, 5, 18, 7, '16:20:00', '16:55:00', '2024-01-14 11:37:24', '2024-01-14 11:37:24', NULL),
(1132, 3, 1, 19, 31, '12:30:00', '13:05:00', '2024-01-14 11:37:24', '2024-01-14 11:37:24', NULL),
(1133, 3, 1, 19, 31, '13:05:00', '13:40:00', '2024-01-14 11:37:24', '2024-01-14 11:37:24', NULL),
(1134, 3, 1, 19, 34, '13:40:00', '14:15:00', '2024-01-14 11:37:24', '2024-01-14 11:37:24', NULL),
(1135, 3, 1, 19, 34, '14:15:00', '14:50:00', '2024-01-14 11:37:24', '2024-01-14 11:37:24', NULL),
(1136, 3, 1, 19, 37, '14:50:00', '15:25:00', '2024-01-14 11:37:24', '2024-01-14 11:37:24', NULL),
(1137, 3, 1, 19, 37, '15:25:00', '16:00:00', '2024-01-14 11:37:24', '2024-01-14 11:37:24', NULL),
(1138, 3, 1, 19, 45, '16:20:00', '16:55:00', '2024-01-14 11:37:24', '2024-01-14 11:37:24', NULL),
(1139, 3, 1, 19, 45, '16:55:00', '17:30:00', '2024-01-14 11:37:24', '2024-01-14 11:37:24', NULL),
(1140, 3, 2, 19, 40, '12:30:00', '13:05:00', '2024-01-14 11:37:24', '2024-01-14 11:37:24', NULL),
(1141, 3, 2, 19, 40, '13:05:00', '13:40:00', '2024-01-14 11:37:24', '2024-01-14 11:37:24', NULL),
(1142, 3, 2, 19, 40, '13:40:00', '14:15:00', '2024-01-14 11:37:24', '2024-01-14 11:37:24', NULL),
(1143, 3, 2, 19, 15, '14:15:00', '14:50:00', '2024-01-14 11:37:24', '2024-01-14 11:37:24', NULL),
(1144, 3, 2, 19, 15, '14:50:00', '15:25:00', '2024-01-14 11:37:24', '2024-01-14 11:37:24', NULL),
(1145, 3, 2, 19, 49, '15:25:00', '16:00:00', '2024-01-14 11:37:24', '2024-01-14 11:37:24', NULL),
(1146, 3, 2, 19, 49, '16:20:00', '16:55:00', '2024-01-14 11:37:24', '2024-01-14 11:37:24', NULL),
(1147, 3, 2, 19, 49, '16:55:00', '17:30:00', '2024-01-14 11:37:24', '2024-01-14 11:37:24', NULL),
(1148, 3, 3, 19, 34, '12:30:00', '13:05:00', '2024-01-14 11:37:24', '2024-01-14 11:37:24', NULL),
(1149, 3, 3, 19, 34, '13:05:00', '13:40:00', '2024-01-14 11:37:24', '2024-01-14 11:37:24', NULL),
(1150, 3, 3, 19, 15, '13:40:00', '14:15:00', '2024-01-14 11:37:24', '2024-01-14 11:37:24', NULL),
(1151, 3, 3, 19, 15, '14:15:00', '14:50:00', '2024-01-14 11:37:24', '2024-01-14 11:37:24', NULL),
(1152, 3, 3, 19, 37, '14:50:00', '15:25:00', '2024-01-14 11:37:24', '2024-01-14 11:37:24', NULL),
(1153, 3, 3, 19, 37, '15:25:00', '16:00:00', '2024-01-14 11:37:24', '2024-01-14 11:37:24', NULL),
(1154, 3, 3, 19, 37, '16:20:00', '16:55:00', '2024-01-14 11:37:24', '2024-01-14 11:37:24', NULL),
(1155, 3, 3, 19, 29, '16:55:00', '17:30:00', '2024-01-14 11:37:24', '2024-01-14 11:37:24', NULL),
(1156, 3, 4, 19, 31, '12:30:00', '13:05:00', '2024-01-14 11:37:24', '2024-01-14 11:37:24', NULL),
(1157, 3, 4, 19, 31, '13:05:00', '13:40:00', '2024-01-14 11:37:24', '2024-01-14 11:37:24', NULL),
(1158, 3, 4, 19, 40, '13:40:00', '14:15:00', '2024-01-14 11:37:24', '2024-01-14 11:37:24', NULL),
(1159, 3, 4, 19, 40, '14:15:00', '14:50:00', '2024-01-14 11:37:24', '2024-01-14 11:37:24', NULL),
(1160, 3, 4, 19, 21, '14:50:00', '15:25:00', '2024-01-14 11:37:24', '2024-01-14 11:37:24', NULL),
(1161, 3, 4, 19, 21, '15:25:00', '16:00:00', '2024-01-14 11:37:24', '2024-01-14 11:37:24', NULL),
(1162, 3, 4, 19, 34, '16:20:00', '16:55:00', '2024-01-14 11:37:24', '2024-01-14 11:37:24', NULL),
(1163, 3, 4, 19, 34, '16:55:00', '17:30:00', '2024-01-14 11:37:24', '2024-01-14 11:37:24', NULL),
(1164, 3, 5, 19, 55, '12:30:00', '13:05:00', '2024-01-14 11:37:24', '2024-01-14 11:37:24', NULL),
(1165, 3, 5, 19, 55, '13:05:00', '13:40:00', '2024-01-14 11:37:24', '2024-01-14 11:37:24', NULL),
(1166, 3, 5, 19, 50, '13:40:00', '14:15:00', '2024-01-14 11:37:24', '2024-01-14 11:37:24', NULL),
(1167, 3, 5, 19, 50, '14:15:00', '14:50:00', '2024-01-14 11:37:24', '2024-01-14 11:37:24', NULL),
(1168, 3, 5, 19, 29, '14:50:00', '15:25:00', '2024-01-14 11:37:24', '2024-01-14 11:37:24', NULL),
(1169, 3, 5, 19, 29, '15:25:00', '16:00:00', '2024-01-14 11:37:24', '2024-01-14 11:37:24', NULL),
(1170, 3, 5, 19, 29, '16:20:00', '16:55:00', '2024-01-14 11:37:24', '2024-01-14 11:37:24', NULL),
(1171, 3, 1, 20, 21, '12:30:00', '13:05:00', '2024-01-14 11:37:24', '2024-01-14 11:37:24', NULL),
(1172, 3, 1, 20, 21, '13:05:00', '13:40:00', '2024-01-14 11:37:24', '2024-01-14 11:37:24', NULL),
(1173, 3, 1, 20, 38, '13:40:00', '14:15:00', '2024-01-14 11:37:24', '2024-01-14 11:37:24', NULL),
(1174, 3, 1, 20, 38, '14:15:00', '14:50:00', '2024-01-14 11:37:24', '2024-01-14 11:37:24', NULL),
(1175, 3, 1, 20, 31, '14:50:00', '15:25:00', '2024-01-14 11:37:24', '2024-01-14 11:37:24', NULL),
(1176, 3, 1, 20, 31, '15:25:00', '16:00:00', '2024-01-14 11:37:24', '2024-01-14 11:37:24', NULL),
(1177, 3, 1, 20, 34, '16:20:00', '16:55:00', '2024-01-14 11:37:24', '2024-01-14 11:37:24', NULL),
(1178, 3, 1, 20, 34, '16:55:00', '17:30:00', '2024-01-14 11:37:24', '2024-01-14 11:37:24', NULL),
(1179, 3, 2, 20, 55, '12:30:00', '13:05:00', '2024-01-14 11:37:24', '2024-01-14 11:37:24', NULL),
(1180, 3, 2, 20, 55, '13:05:00', '13:40:00', '2024-01-14 11:37:24', '2024-01-14 11:37:24', NULL),
(1181, 3, 2, 20, 34, '13:40:00', '14:15:00', '2024-01-14 11:37:24', '2024-01-14 11:37:24', NULL),
(1182, 3, 2, 20, 34, '14:15:00', '14:50:00', '2024-01-14 11:37:24', '2024-01-14 11:37:24', NULL),
(1183, 3, 2, 20, 29, '14:50:00', '15:25:00', '2024-01-14 11:37:24', '2024-01-14 11:37:24', NULL),
(1184, 3, 2, 20, 29, '15:25:00', '16:00:00', '2024-01-14 11:37:24', '2024-01-14 11:37:24', NULL),
(1185, 3, 2, 20, 40, '16:20:00', '16:55:00', '2024-01-14 11:37:24', '2024-01-14 11:37:24', NULL),
(1186, 3, 2, 20, 40, '16:55:00', '17:30:00', '2024-01-14 11:37:24', '2024-01-14 11:37:24', NULL),
(1187, 3, 3, 20, 29, '12:30:00', '13:05:00', '2024-01-14 11:37:24', '2024-01-14 11:37:24', NULL),
(1188, 3, 3, 20, 29, '13:05:00', '13:40:00', '2024-01-14 11:37:24', '2024-01-14 11:37:24', NULL),
(1189, 3, 3, 20, 49, '13:40:00', '14:15:00', '2024-01-14 11:37:24', '2024-01-14 11:37:24', NULL),
(1190, 3, 3, 20, 49, '14:15:00', '14:50:00', '2024-01-14 11:37:24', '2024-01-14 11:37:24', NULL),
(1191, 3, 3, 20, 49, '14:50:00', '15:25:00', '2024-01-14 11:37:24', '2024-01-14 11:37:24', NULL),
(1192, 3, 3, 20, 15, '15:25:00', '16:00:00', '2024-01-14 11:37:24', '2024-01-14 11:37:24', NULL),
(1193, 3, 3, 20, 45, '16:20:00', '16:55:00', '2024-01-14 11:37:24', '2024-01-14 11:37:24', NULL),
(1194, 3, 3, 20, 45, '16:55:00', '17:30:00', '2024-01-14 11:37:24', '2024-01-14 11:37:24', NULL),
(1195, 3, 4, 20, 34, '12:30:00', '13:05:00', '2024-01-14 11:37:24', '2024-01-14 11:37:24', NULL),
(1196, 3, 4, 20, 34, '13:05:00', '13:40:00', '2024-01-14 11:37:24', '2024-01-14 11:37:24', NULL),
(1197, 3, 4, 20, 38, '13:40:00', '14:15:00', '2024-01-14 11:37:24', '2024-01-14 11:37:24', NULL),
(1198, 3, 4, 20, 38, '14:15:00', '14:50:00', '2024-01-14 11:37:24', '2024-01-14 11:37:24', NULL),
(1199, 3, 4, 20, 38, '14:50:00', '15:25:00', '2024-01-14 11:37:24', '2024-01-14 11:37:24', NULL),
(1200, 3, 4, 20, 40, '15:25:00', '16:00:00', '2024-01-14 11:37:24', '2024-01-14 11:37:24', NULL),
(1201, 3, 4, 20, 40, '16:20:00', '16:55:00', '2024-01-14 11:37:24', '2024-01-14 11:37:24', NULL),
(1202, 3, 4, 20, 40, '16:55:00', '17:30:00', '2024-01-14 11:37:24', '2024-01-14 11:37:24', NULL),
(1203, 3, 5, 20, 50, '12:30:00', '13:05:00', '2024-01-14 11:37:24', '2024-01-14 11:37:24', NULL),
(1204, 3, 5, 20, 50, '13:05:00', '13:40:00', '2024-01-14 11:37:24', '2024-01-14 11:37:24', NULL),
(1205, 3, 5, 20, 15, '13:40:00', '14:15:00', '2024-01-14 11:37:24', '2024-01-14 11:37:24', NULL),
(1206, 3, 5, 20, 15, '14:15:00', '14:50:00', '2024-01-14 11:37:24', '2024-01-14 11:37:24', NULL),
(1207, 3, 5, 20, 15, '14:50:00', '15:25:00', '2024-01-14 11:37:24', '2024-01-14 11:37:24', NULL),
(1208, 3, 5, 20, 31, '15:25:00', '16:00:00', '2024-01-14 11:37:24', '2024-01-14 11:37:24', NULL),
(1209, 3, 5, 20, 31, '16:20:00', '16:55:00', '2024-01-14 11:37:24', '2024-01-14 11:37:24', NULL),
(1210, 3, 1, 21, 38, '12:30:00', '13:05:00', '2024-01-14 11:37:24', '2024-01-14 11:37:24', NULL),
(1211, 3, 1, 21, 38, '13:05:00', '13:40:00', '2024-01-14 11:37:24', '2024-01-14 11:37:24', NULL),
(1212, 3, 1, 21, 50, '13:40:00', '14:15:00', '2024-01-14 11:37:24', '2024-01-14 11:37:24', NULL),
(1213, 3, 1, 21, 50, '14:15:00', '14:50:00', '2024-01-14 11:37:24', '2024-01-14 11:37:24', NULL),
(1214, 3, 1, 21, 55, '14:50:00', '15:25:00', '2024-01-14 11:37:24', '2024-01-14 11:37:24', NULL),
(1215, 3, 1, 21, 55, '15:25:00', '16:00:00', '2024-01-14 11:37:24', '2024-01-14 11:37:24', NULL),
(1216, 3, 1, 21, 31, '16:20:00', '16:55:00', '2024-01-14 11:37:24', '2024-01-14 11:37:24', NULL),
(1217, 3, 1, 21, 31, '16:55:00', '17:30:00', '2024-01-14 11:37:24', '2024-01-14 11:37:24', NULL),
(1218, 3, 2, 21, 15, '12:30:00', '13:05:00', '2024-01-14 11:37:24', '2024-01-14 11:37:24', NULL),
(1219, 3, 2, 21, 15, '13:05:00', '13:40:00', '2024-01-14 11:37:24', '2024-01-14 11:37:24', NULL),
(1220, 3, 2, 21, 15, '13:40:00', '14:15:00', '2024-01-14 11:37:24', '2024-01-14 11:37:24', NULL),
(1221, 3, 2, 21, 38, '14:15:00', '14:50:00', '2024-01-14 11:37:24', '2024-01-14 11:37:24', NULL),
(1222, 3, 2, 21, 38, '14:50:00', '15:25:00', '2024-01-14 11:37:24', '2024-01-14 11:37:24', NULL),
(1223, 3, 2, 21, 38, '15:25:00', '16:00:00', '2024-01-14 11:37:24', '2024-01-14 11:37:24', NULL),
(1224, 3, 2, 21, 34, '16:20:00', '16:55:00', '2024-01-14 11:37:24', '2024-01-14 11:37:24', NULL),
(1225, 3, 2, 21, 34, '16:55:00', '17:30:00', '2024-01-14 11:37:24', '2024-01-14 11:37:24', NULL),
(1226, 3, 3, 21, 49, '12:30:00', '13:05:00', '2024-01-14 11:37:24', '2024-01-14 11:37:24', NULL),
(1227, 3, 3, 21, 15, '13:05:00', '13:40:00', '2024-01-14 11:37:24', '2024-01-14 11:37:24', NULL),
(1228, 3, 3, 21, 29, '13:40:00', '14:15:00', '2024-01-14 11:37:24', '2024-01-14 11:37:24', NULL),
(1229, 3, 3, 21, 29, '14:15:00', '14:50:00', '2024-01-14 11:37:24', '2024-01-14 11:37:24', NULL),
(1230, 3, 3, 21, 34, '14:50:00', '15:25:00', '2024-01-14 11:37:24', '2024-01-14 11:37:24', NULL),
(1231, 3, 3, 21, 34, '15:25:00', '16:00:00', '2024-01-14 11:37:24', '2024-01-14 11:37:24', NULL),
(1232, 3, 3, 21, 21, '16:20:00', '16:55:00', '2024-01-14 11:37:24', '2024-01-14 11:37:24', NULL),
(1233, 3, 3, 21, 21, '16:55:00', '17:30:00', '2024-01-14 11:37:24', '2024-01-14 11:37:24', NULL),
(1234, 3, 4, 21, 40, '12:30:00', '13:05:00', '2024-01-14 11:37:24', '2024-01-14 11:37:24', NULL),
(1235, 3, 4, 21, 40, '13:05:00', '13:40:00', '2024-01-14 11:37:24', '2024-01-14 11:37:24', NULL),
(1236, 3, 4, 21, 34, '13:40:00', '14:15:00', '2024-01-14 11:37:24', '2024-01-14 11:37:24', NULL),
(1237, 3, 4, 21, 34, '14:15:00', '14:50:00', '2024-01-14 11:37:24', '2024-01-14 11:37:24', NULL),
(1238, 3, 4, 21, 45, '14:50:00', '15:25:00', '2024-01-14 11:37:24', '2024-01-14 11:37:24', NULL),
(1239, 3, 4, 21, 45, '15:25:00', '16:00:00', '2024-01-14 11:37:24', '2024-01-14 11:37:24', NULL),
(1240, 3, 4, 21, 49, '16:20:00', '16:55:00', '2024-01-14 11:37:24', '2024-01-14 11:37:24', NULL),
(1241, 3, 4, 21, 49, '16:55:00', '17:30:00', '2024-01-14 11:37:24', '2024-01-14 11:37:24', NULL),
(1242, 3, 5, 21, 31, '12:30:00', '13:05:00', '2024-01-14 11:37:24', '2024-01-14 11:37:24', NULL),
(1243, 3, 5, 21, 31, '13:05:00', '13:40:00', '2024-01-14 11:37:24', '2024-01-14 11:37:24', NULL),
(1244, 3, 5, 21, 29, '13:40:00', '14:15:00', '2024-01-14 11:37:24', '2024-01-14 11:37:24', NULL),
(1245, 3, 5, 21, 29, '14:15:00', '14:50:00', '2024-01-14 11:37:24', '2024-01-14 11:37:24', NULL),
(1246, 3, 5, 21, 40, '14:50:00', '15:25:00', '2024-01-14 11:37:24', '2024-01-14 11:37:24', NULL),
(1247, 3, 5, 21, 40, '15:25:00', '16:00:00', '2024-01-14 11:37:24', '2024-01-14 11:37:24', NULL),
(1248, 3, 5, 21, 40, '16:20:00', '16:55:00', '2024-01-14 11:37:24', '2024-01-14 11:37:24', NULL),
(1249, 3, 1, 22, 34, '12:30:00', '13:05:00', '2024-01-14 11:37:24', '2024-01-14 11:37:24', NULL),
(1250, 3, 1, 22, 34, '13:05:00', '13:40:00', '2024-01-14 11:37:24', '2024-01-14 11:37:24', NULL),
(1251, 3, 1, 22, 49, '13:40:00', '14:15:00', '2024-01-14 11:37:24', '2024-01-14 11:37:24', NULL),
(1252, 3, 1, 22, 49, '14:15:00', '14:50:00', '2024-01-14 11:37:24', '2024-01-14 11:37:24', NULL),
(1253, 3, 1, 22, 49, '14:50:00', '15:25:00', '2024-01-14 11:37:24', '2024-01-14 11:37:24', NULL),
(1254, 3, 1, 22, 38, '15:25:00', '16:00:00', '2024-01-14 11:37:24', '2024-01-14 11:37:24', NULL),
(1255, 3, 1, 22, 38, '16:20:00', '16:55:00', '2024-01-14 11:37:24', '2024-01-14 11:37:24', NULL),
(1256, 3, 1, 22, 38, '16:55:00', '17:30:00', '2024-01-14 11:37:24', '2024-01-14 11:37:24', NULL),
(1257, 3, 2, 22, 50, '12:30:00', '13:05:00', '2024-01-14 11:37:24', '2024-01-14 11:37:24', NULL),
(1258, 3, 2, 22, 50, '13:05:00', '13:40:00', '2024-01-14 11:37:24', '2024-01-14 11:37:24', NULL),
(1259, 3, 2, 22, 29, '13:40:00', '14:15:00', '2024-01-14 11:37:24', '2024-01-14 11:37:24', NULL),
(1260, 3, 2, 22, 29, '14:15:00', '14:50:00', '2024-01-14 11:37:24', '2024-01-14 11:37:24', NULL),
(1261, 3, 2, 22, 40, '14:50:00', '15:25:00', '2024-01-14 11:37:24', '2024-01-14 11:37:24', NULL),
(1262, 3, 2, 22, 40, '15:25:00', '16:00:00', '2024-01-14 11:37:24', '2024-01-14 11:37:24', NULL),
(1263, 3, 2, 22, 15, '16:20:00', '16:55:00', '2024-01-14 11:37:24', '2024-01-14 11:37:24', NULL),
(1264, 3, 2, 22, 15, '16:55:00', '17:30:00', '2024-01-14 11:37:24', '2024-01-14 11:37:24', NULL),
(1265, 3, 3, 22, 21, '12:30:00', '13:05:00', '2024-01-14 11:37:24', '2024-01-14 11:37:24', NULL),
(1266, 3, 3, 22, 21, '13:05:00', '13:40:00', '2024-01-14 11:37:24', '2024-01-14 11:37:24', NULL),
(1267, 3, 3, 22, 34, '13:40:00', '14:15:00', '2024-01-14 11:37:24', '2024-01-14 11:37:24', NULL),
(1268, 3, 3, 22, 34, '14:15:00', '14:50:00', '2024-01-14 11:37:24', '2024-01-14 11:37:24', NULL),
(1269, 3, 3, 22, 29, '14:50:00', '15:25:00', '2024-01-14 11:37:24', '2024-01-14 11:37:24', NULL),
(1270, 3, 3, 22, 29, '15:25:00', '16:00:00', '2024-01-14 11:37:24', '2024-01-14 11:37:24', NULL),
(1271, 3, 3, 22, 15, '16:20:00', '16:55:00', '2024-01-14 11:37:24', '2024-01-14 11:37:24', NULL),
(1272, 3, 3, 22, 15, '16:55:00', '17:30:00', '2024-01-14 11:37:24', '2024-01-14 11:37:24', NULL),
(1273, 3, 4, 22, 38, '12:30:00', '13:05:00', '2024-01-14 11:37:24', '2024-01-14 11:37:24', NULL),
(1274, 3, 4, 22, 38, '13:05:00', '13:40:00', '2024-01-14 11:37:24', '2024-01-14 11:37:24', NULL),
(1275, 3, 4, 22, 45, '13:40:00', '14:15:00', '2024-01-14 11:37:24', '2024-01-14 11:37:24', NULL),
(1276, 3, 4, 22, 45, '14:15:00', '14:50:00', '2024-01-14 11:37:24', '2024-01-14 11:37:24', NULL),
(1277, 3, 4, 22, 34, '14:50:00', '15:25:00', '2024-01-14 11:37:24', '2024-01-14 11:37:24', NULL),
(1278, 3, 4, 22, 34, '15:25:00', '16:00:00', '2024-01-14 11:37:24', '2024-01-14 11:37:24', NULL),
(1279, 3, 4, 22, 31, '16:20:00', '16:55:00', '2024-01-14 11:37:24', '2024-01-14 11:37:24', NULL),
(1280, 3, 4, 22, 31, '16:55:00', '17:30:00', '2024-01-14 11:37:24', '2024-01-14 11:37:24', NULL),
(1281, 3, 5, 22, 40, '12:30:00', '13:05:00', '2024-01-14 11:37:24', '2024-01-14 11:37:24', NULL),
(1282, 3, 5, 22, 40, '13:05:00', '13:40:00', '2024-01-14 11:37:24', '2024-01-14 11:37:24', NULL),
(1283, 3, 5, 22, 40, '13:40:00', '14:15:00', '2024-01-14 11:37:24', '2024-01-14 11:37:24', NULL),
(1284, 3, 5, 22, 31, '14:15:00', '14:50:00', '2024-01-14 11:37:24', '2024-01-14 11:37:24', NULL),
(1285, 3, 5, 22, 31, '14:50:00', '15:25:00', '2024-01-14 11:37:24', '2024-01-14 11:37:24', NULL),
(1286, 3, 5, 22, 55, '15:25:00', '16:00:00', '2024-01-14 11:37:24', '2024-01-14 11:37:24', NULL),
(1287, 3, 5, 22, 55, '16:20:00', '16:55:00', '2024-01-14 11:37:24', '2024-01-14 11:37:24', NULL),
(1289, 1, 1, 1, 12, '07:35:00', '08:10:00', '2024-01-14 10:51:17', '2024-01-14 10:51:17', NULL);

-- --------------------------------------------------------

--
-- Table structure for table `mapels`
--

CREATE TABLE `mapels` (
  `id` bigint(20) UNSIGNED NOT NULL,
  `name` varchar(255) NOT NULL,
  `created_at` timestamp NULL DEFAULT NULL,
  `updated_at` timestamp NULL DEFAULT NULL
) ENGINE=InnoDB DEFAULT CHARSET=utf8mb4 COLLATE=utf8mb4_unicode_ci;

--
-- Dumping data for table `mapels`
--

INSERT INTO `mapels` (`id`, `name`, `created_at`, `updated_at`) VALUES
(1, 'Matematika', '2023-09-13 07:18:49', '2023-09-13 07:18:49'),
(2, 'IPA', '2023-09-13 07:18:56', '2023-09-13 07:18:56'),
(3, 'IPS', '2023-09-13 07:19:11', '2023-09-13 07:19:11'),
(4, 'Bahasa Indonesia', '2023-09-13 07:19:17', '2023-09-13 07:19:17'),
(5, 'Bahasa Inggris', '2023-09-13 07:19:28', '2023-09-13 07:19:28'),
(6, 'Bahasa Sunda', '2023-09-13 07:19:38', '2023-09-13 07:19:38'),
(7, 'PPKn', '2023-09-13 07:20:01', '2023-09-13 07:20:01'),
(8, 'TIK', '2023-09-13 07:20:12', '2023-09-13 07:20:12'),
(9, 'PJOK', '2023-09-13 07:20:22', '2023-09-13 07:20:22'),
(10, 'PAI', '2023-09-13 07:20:27', '2023-09-13 07:20:27'),
(11, 'BTQ', '2023-09-13 07:20:30', '2023-09-13 07:20:30'),
(12, 'Seni Budaya', '2023-09-13 07:20:42', '2023-09-13 07:20:42'),
(13, 'Prakarya', '2023-09-13 07:20:49', '2023-09-13 07:20:49'),
(14, 'BK', '2023-09-13 07:20:54', '2023-09-13 07:20:54'),
(15, 'PAI & BTQ', '2023-09-13 08:34:33', '2023-09-13 08:34:33');

-- --------------------------------------------------------

--
-- Table structure for table `migrations`
--

CREATE TABLE `migrations` (
  `id` int(10) UNSIGNED NOT NULL,
  `migration` varchar(255) NOT NULL,
  `batch` int(11) NOT NULL
) ENGINE=InnoDB DEFAULT CHARSET=utf8mb4 COLLATE=utf8mb4_unicode_ci;

--
-- Dumping data for table `migrations`
--

INSERT INTO `migrations` (`id`, `migration`, `batch`) VALUES
(1, '2014_10_12_000000_create_user_table', 1),
(2, '2014_10_12_100000_create_password_reset_tokens_table', 1),
(3, '2019_08_19_000000_create_failed_jobs_table', 1),
(4, '2019_12_14_000001_create_personal_access_tokens_table', 1),
(5, '2023_09_11_042120_create_categories_table', 1),
(6, '2023_09_11_064239_create_posts_table', 1),
(7, '2023_09_13_045943_create_gurus_table', 1),
(8, '2023_09_13_071937_create_mapels_table', 1),
(9, '2023_09_13_140435_create_tugas_tambahans_table', 1),
(10, '2023_09_13_210629_create_staff_table', 1),
(11, '2023_09_25_094819_create_siswas_table', 1),
(12, '2023_09_30_161803_create_rombels_table', 1),
(13, '2023_09_30_222621_create_jadwals_table', 1),
(14, '2023_09_30_222928_create_haris_table', 1),
(15, '2023_11_20_155436_create_nilais_table', 1),
(16, '2024_01_05_153050_create_tahuns_table', 2),
(17, '2024_01_05_153050_create_semesters_table', 3),
(18, '2024_01_05_153050_create_semes_table', 4),
(19, '2024_06_23_132655_create_tahuns_table', 5);

-- --------------------------------------------------------

--
-- Table structure for table `nilais`
--

CREATE TABLE `nilais` (
  `id` bigint(20) UNSIGNED NOT NULL,
  `tahun_id` int(11) NOT NULL,
  `semester_id` int(11) NOT NULL,
  `siswa_id` int(11) NOT NULL,
  `mapel_id` int(11) NOT NULL,
  `nh1` int(4) DEFAULT NULL,
  `nh2` int(4) DEFAULT NULL,
  `nh3` int(4) DEFAULT NULL,
  `nh4` int(4) DEFAULT NULL,
  `nh5` int(4) DEFAULT NULL,
  `nh6` int(4) DEFAULT NULL,
  `nh7` int(4) DEFAULT NULL,
  `nh8` int(4) DEFAULT NULL,
  `uts` int(4) DEFAULT NULL,
  `uas` int(4) DEFAULT NULL,
  `created_at` timestamp NULL DEFAULT NULL,
  `updated_at` timestamp NULL DEFAULT NULL
) ENGINE=InnoDB DEFAULT CHARSET=utf8mb4 COLLATE=utf8mb4_unicode_ci;

--
-- Dumping data for table `nilais`
--

INSERT INTO `nilais` (`id`, `tahun_id`, `semester_id`, `siswa_id`, `mapel_id`, `nh1`, `nh2`, `nh3`, `nh4`, `nh5`, `nh6`, `nh7`, `nh8`, `uts`, `uas`, `created_at`, `updated_at`) VALUES
(8, 1, 1, 212207008, 1, 80, 80, 83, 82, 80, 81, NULL, NULL, 79, 80, '2024-06-23 11:03:44', '2024-06-23 11:23:10'),
(9, 1, 1, 212207008, 2, 90, 78, 85, 80, 83, 79, NULL, NULL, 87, 81, '2024-06-23 11:04:36', '2024-06-23 11:17:23'),
(10, 1, 1, 212207008, 3, 80, 85, 84, 81, NULL, NULL, NULL, NULL, 80, 79, '2024-06-23 11:17:56', '2024-06-23 11:17:56'),
(11, 1, 1, 212207008, 4, 90, 89, 85, 93, 80, NULL, NULL, NULL, 83, 78, '2024-06-23 11:18:36', '2024-06-23 11:18:36'),
(12, 1, 1, 212207008, 5, 76, 76, 79, 80, 81, 82, NULL, NULL, 79, 84, '2024-06-23 11:19:20', '2024-06-23 11:19:20'),
(13, 1, 1, 212207008, 6, 73, 74, 76, 81, NULL, NULL, NULL, NULL, 81, 84, '2024-06-23 11:20:08', '2024-06-23 11:20:16'),
(14, 1, 1, 212207008, 7, 81, 83, 82, NULL, NULL, NULL, NULL, NULL, 90, 87, '2024-06-23 11:20:43', '2024-06-23 11:22:04'),
(15, 1, 1, 212207008, 8, 80, 79, 82, 83, 86, NULL, NULL, NULL, 80, 86, '2024-06-23 11:21:20', '2024-06-23 11:22:11'),
(16, 1, 1, 212207008, 9, 86, 87, 86, 85, NULL, NULL, NULL, NULL, 90, 80, '2024-06-23 11:21:52', '2024-06-23 11:27:35'),
(17, 1, 1, 212207008, 10, 90, 87, 87, 85, NULL, NULL, NULL, NULL, 90, 90, '2024-06-23 11:22:54', '2024-06-23 11:27:48'),
(18, 1, 1, 212207008, 11, 100, 90, 89, 100, NULL, NULL, NULL, NULL, 87, 89, '2024-06-23 11:23:43', '2024-06-23 11:28:01'),
(19, 1, 1, 212207008, 12, 90, 98, 80, 80, NULL, NULL, NULL, NULL, 90, 80, '2024-06-23 11:26:17', '2024-06-23 11:28:25'),
(20, 1, 1, 212207008, 13, 90, 90, 80, 90, NULL, NULL, NULL, NULL, 80, 90, '2024-06-23 11:28:42', '2024-06-23 11:28:51'),
(21, 1, 1, 212207008, 14, 80, 87, 86, 85, NULL, NULL, NULL, NULL, 85, 85, '2024-06-23 11:29:12', '2024-06-23 11:29:12'),
(22, 1, 2, 212207008, 1, 90, 82, 83, 85, 84, 83, NULL, NULL, 77, 84, '2024-06-23 11:03:44', '2024-06-23 11:23:10'),
(23, 1, 2, 212207008, 2, 80, 85, 84, 81, NULL, NULL, NULL, NULL, 80, 79, '2024-06-23 11:17:56', '2024-06-23 11:17:56'),
(24, 1, 2, 212207008, 3, 90, 89, 85, 93, 80, NULL, NULL, NULL, 83, 78, '2024-06-23 11:18:36', '2024-06-23 11:18:36'),
(25, 1, 2, 212207008, 4, 76, 76, 79, 80, 81, 82, NULL, NULL, 79, 84, '2024-06-23 11:19:20', '2024-06-23 11:19:20'),
(26, 1, 2, 212207008, 5, 73, 74, 76, 81, NULL, NULL, NULL, NULL, 81, 84, '2024-06-23 11:20:08', '2024-06-23 11:20:16'),
(27, 1, 2, 212207008, 6, 81, 83, 82, NULL, NULL, NULL, NULL, NULL, 90, 87, '2024-06-23 11:20:43', '2024-06-23 11:22:04'),
(28, 1, 2, 212207008, 7, 80, 79, 82, 83, 86, NULL, NULL, NULL, 80, 86, '2024-06-23 11:21:20', '2024-06-23 11:22:11'),
(29, 1, 2, 212207008, 8, 86, 87, 86, 85, NULL, NULL, NULL, NULL, 90, 80, '2024-06-23 11:21:52', '2024-06-23 11:27:35'),
(30, 1, 2, 212207008, 9, 90, 87, 87, 85, NULL, NULL, NULL, NULL, 90, 90, '2024-06-23 11:22:54', '2024-06-23 11:27:48'),
(31, 1, 2, 212207008, 10, 90, 90, 89, 80, NULL, NULL, NULL, NULL, 87, 89, '2024-06-23 11:23:43', '2024-06-23 11:28:01'),
(32, 1, 2, 212207008, 11, 90, 98, 80, 80, NULL, NULL, NULL, NULL, 90, 80, '2024-06-23 11:26:17', '2024-06-23 11:28:25'),
(33, 1, 2, 212207008, 12, 90, 90, 80, 90, NULL, NULL, NULL, NULL, 80, 90, '2024-06-23 11:28:42', '2024-06-23 11:28:51'),
(34, 1, 2, 212207008, 13, 80, 87, 86, 85, NULL, NULL, NULL, NULL, 85, 85, '2024-06-23 11:29:12', '2024-06-23 11:29:12'),
(35, 1, 2, 212207008, 14, 80, 80, 83, 82, 80, 81, NULL, NULL, 79, 80, '2024-06-23 11:03:44', '2024-06-23 11:23:10'),
(36, 2, 1, 212207008, 1, 80, 80, 83, 82, 80, 81, NULL, NULL, 79, 80, '2024-06-23 11:03:44', '2024-06-23 11:23:10'),
(37, 2, 1, 212207008, 2, 80, 79, 82, 83, 86, NULL, NULL, NULL, 80, 86, '2024-06-23 11:21:20', '2024-06-23 11:22:11'),
(38, 2, 1, 212207008, 3, 80, 87, 86, 85, NULL, NULL, NULL, NULL, 85, 85, '2024-06-23 11:29:12', '2024-06-23 11:29:12'),
(39, 2, 1, 212207008, 4, 90, 90, 80, 90, NULL, NULL, NULL, NULL, 80, 90, '2024-06-23 11:28:42', '2024-06-23 11:28:51'),
(40, 2, 1, 212207008, 5, 73, 74, 76, 81, NULL, NULL, NULL, NULL, 81, 84, '2024-06-23 11:20:08', '2024-06-23 11:20:16'),
(41, 2, 1, 212207008, 6, 90, 98, 80, 80, NULL, NULL, NULL, NULL, 90, 80, '2024-06-23 11:26:17', '2024-06-23 11:28:25'),
(42, 2, 1, 212207008, 7, 80, 85, 84, 81, NULL, NULL, NULL, NULL, 80, 79, '2024-06-23 11:17:56', '2024-06-23 11:17:56'),
(43, 2, 1, 212207008, 8, 80, 80, 83, 82, 80, 81, NULL, NULL, 79, 80, '2024-06-23 11:03:44', '2024-06-23 11:23:10'),
(44, 2, 1, 212207008, 9, 81, 83, 82, NULL, NULL, NULL, NULL, NULL, 90, 87, '2024-06-23 11:20:43', '2024-06-23 11:22:04'),
(45, 2, 1, 212207008, 10, 90, 87, 87, 85, NULL, NULL, NULL, NULL, 90, 90, '2024-06-23 11:22:54', '2024-06-23 11:27:48'),
(46, 2, 1, 212207008, 11, 80, 80, 83, 82, 80, 81, NULL, NULL, 79, 80, '2024-06-23 11:03:44', '2024-06-23 11:23:10'),
(47, 2, 1, 212207008, 12, 90, 87, 87, 85, NULL, NULL, NULL, NULL, 90, 90, '2024-06-23 11:22:54', '2024-06-23 11:27:48'),
(48, 2, 1, 212207008, 13, 80, 87, 86, 85, NULL, NULL, NULL, NULL, 85, 85, '2024-06-23 11:29:12', '2024-06-23 11:29:12'),
(49, 2, 1, 212207008, 14, 90, 98, 80, 80, NULL, NULL, NULL, NULL, 90, 80, '2024-06-23 11:26:17', '2024-06-23 11:28:25'),
(50, 2, 2, 212207008, 1, 90, 90, 89, 80, NULL, NULL, NULL, NULL, 87, 89, '2024-06-23 11:23:43', '2024-06-23 11:28:01'),
(51, 2, 2, 212207008, 2, 80, 80, 83, 82, 80, 81, NULL, NULL, 79, 80, '2024-06-23 11:03:44', '2024-06-23 11:23:10'),
(52, 2, 2, 212207008, 3, 90, 98, 80, 80, NULL, NULL, NULL, NULL, 90, 80, '2024-06-23 11:26:17', '2024-06-23 11:28:25'),
(53, 2, 2, 212207008, 4, 80, 80, 83, 82, 80, 81, NULL, NULL, 79, 80, '2024-06-23 11:03:44', '2024-06-23 11:23:10'),
(54, 2, 2, 212207008, 5, 80, 80, 83, 82, 80, 81, NULL, NULL, 79, 80, '2024-06-23 11:03:44', '2024-06-23 11:23:10'),
(55, 2, 2, 212207008, 6, 90, 89, 85, 93, 80, NULL, NULL, NULL, 83, 78, '2024-06-23 11:18:36', '2024-06-23 11:18:36'),
(56, 2, 2, 212207008, 7, 81, 83, 82, NULL, NULL, NULL, NULL, NULL, 90, 87, '2024-06-23 11:20:43', '2024-06-23 11:22:04'),
(57, 2, 2, 212207008, 8, 90, 82, 83, 85, 84, 83, NULL, NULL, 77, 84, '2024-06-23 11:03:44', '2024-06-23 11:23:10'),
(58, 2, 2, 212207008, 9, 80, 85, 84, 81, NULL, NULL, NULL, NULL, 80, 79, '2024-06-23 11:17:56', '2024-06-23 11:17:56'),
(59, 2, 2, 212207008, 10, 80, 85, 84, 81, NULL, NULL, NULL, NULL, 80, 79, '2024-06-23 11:17:56', '2024-06-23 11:17:56'),
(60, 2, 2, 212207008, 11, 90, 98, 80, 80, NULL, NULL, NULL, NULL, 90, 80, '2024-06-23 11:26:17', '2024-06-23 11:28:25'),
(61, 2, 2, 212207008, 12, 80, 80, 83, 82, 80, 81, NULL, NULL, 79, 80, '2024-06-23 11:03:44', '2024-06-23 11:23:10'),
(62, 2, 2, 212207008, 13, 80, 79, 82, 83, 86, NULL, NULL, NULL, 80, 86, '2024-06-23 11:21:20', '2024-06-23 11:22:11'),
(63, 2, 2, 212207008, 14, 90, 90, 80, 90, NULL, NULL, NULL, NULL, 80, 90, '2024-06-23 11:28:42', '2024-06-23 11:28:51'),
(67, 3, 2, 212207008, 1, 80, 90, NULL, NULL, NULL, NULL, NULL, NULL, NULL, NULL, '2024-06-26 06:18:11', '2024-06-26 06:18:11'),
(68, 3, 2, 212207008, 2, 80, 80, 82, NULL, NULL, NULL, NULL, NULL, NULL, NULL, '2024-06-26 18:37:28', '2024-06-26 18:37:28');

-- --------------------------------------------------------

--
-- Table structure for table `password_reset_tokens`
--

CREATE TABLE `password_reset_tokens` (
  `email` varchar(255) NOT NULL,
  `token` varchar(255) NOT NULL,
  `created_at` timestamp NULL DEFAULT NULL
) ENGINE=InnoDB DEFAULT CHARSET=utf8mb4 COLLATE=utf8mb4_unicode_ci;

-- --------------------------------------------------------

--
-- Table structure for table `personal_access_tokens`
--

CREATE TABLE `personal_access_tokens` (
  `id` bigint(20) UNSIGNED NOT NULL,
  `tokenable_type` varchar(255) NOT NULL,
  `tokenable_id` bigint(20) UNSIGNED NOT NULL,
  `name` varchar(255) NOT NULL,
  `token` varchar(64) NOT NULL,
  `abilities` text DEFAULT NULL,
  `last_used_at` timestamp NULL DEFAULT NULL,
  `expires_at` timestamp NULL DEFAULT NULL,
  `created_at` timestamp NULL DEFAULT NULL,
  `updated_at` timestamp NULL DEFAULT NULL
) ENGINE=InnoDB DEFAULT CHARSET=utf8mb4 COLLATE=utf8mb4_unicode_ci;

-- --------------------------------------------------------

--
-- Table structure for table `posts`
--

CREATE TABLE `posts` (
  `id` bigint(20) UNSIGNED NOT NULL,
  `category_id` bigint(20) UNSIGNED NOT NULL,
  `title` varchar(255) NOT NULL,
  `slug` varchar(255) NOT NULL,
  `thumbnail` varchar(255) NOT NULL,
  `yt` varchar(255) DEFAULT NULL,
  `excerpt` text NOT NULL,
  `body` text NOT NULL,
  `published_at` timestamp NOT NULL DEFAULT current_timestamp() ON UPDATE current_timestamp(),
  `created_at` timestamp NULL DEFAULT NULL,
  `updated_at` timestamp NULL DEFAULT NULL
) ENGINE=InnoDB DEFAULT CHARSET=utf8mb4 COLLATE=utf8mb4_unicode_ci;

--
-- Dumping data for table `posts`
--

INSERT INTO `posts` (`id`, `category_id`, `title`, `slug`, `thumbnail`, `yt`, `excerpt`, `body`, `published_at`, `created_at`, `updated_at`) VALUES
(1, 3, 'Lomba Gerak Jalan Menggunakan Baju Adat', 'lomba-gerak-jalan-menggunakan-baju-adat', '231117064411.jpg', NULL, 'Dalam rangka meriahkan Hari Pramuka ke-62, Hari Jadi Kabupaten Bekasi ke-73 dan HUT Kemerdekaan RI ke-78. Pemerintah Kabupaten Bekasi mengadakan lomba gerak jalan menggunakan pakaian adat dan senam se...', '<p align=\"justify\">Dalam rangka meriahkan Hari Pramuka ke-62, Hari Jadi Kabupaten Bekasi ke-73 dan HUT Kemerdekaan RI ke-78. Pemerintah Kabupaten Bekasi mengadakan lomba gerak jalan menggunakan pakaian adat dan senam sehat. Sekitar 1500 peserta yang mengikuti acara tersebut, yang terdiri dari 76 grup gerak jalan dan 116 grup senam sehat. Yang masing-masing grup terdiri dari 10 peserta setiap desa, instansi, tokoh masyarakat, pelajar, mahasiswa, Puskesmas, guru dan unsur lainnya.</p>\r\n<p align=\"justify\">Menurut Najmuddin Camat Tambun Utara, untuk rute pada kegiatan gerak jalan kali ini, yang dilakukan start dari Kantor Kecamatan Tambun Utara dan Finish di Water Splash Waterpark Darmawangsa Tambun Utara dengan jarak tempuh kurang lebih 3 kilometer.</p>\r\n<p align=\"justify\">SMP Negeri 1 Tambun Utara juga tidak lupa mengikuti kegiatan gera jalan tingkat kecamatan, dengan mengirimkan perwakilan untuk mengikuti kegiatan tersebut</p>', '2023-11-18 10:37:58', '2023-08-16 20:28:40', '2023-11-17 11:44:11'),
(2, 2, 'Peringatan Hari Pramuka Tingkat Sekolah', 'peringatan-hari-pramuka-tingkat-sekolah', '231117064652.jpg', NULL, 'Dalam rangka memperingati hari pramuka ke-62, pasuskatama ekstrakurikuler pramuka SMP Negeri 1 Tambun Utara mengadakan apel atau upacara sekaligus memberikan penghargaan kepada pasuskatama', '<p align=\"justify\">Dalam rangka memperingati hari pramuka ke-62, pasuskatama ekstrakurikuler pramuka SMP Negeri 1 Tambun Utara mengadakan apel atau upacara sekaligus memberikan penghargaan kepada pasuskatama</p>', '2023-11-18 10:37:58', '2023-08-16 20:44:21', '2023-11-17 11:46:52'),
(3, 2, 'Peringatan HUT RI', 'peringatan-hut-ri', '231117065015.jpg', NULL, 'Dalam rangka memperingati HUT RI ke-78, Terus melaju untuk Indonesia Maju. Siswa dan Guru SMP Negeri 1 Tambun Utara mengadakan kegiatan Lomba 17 Agustus 2023, yang dimeriahkan dengan berbagai macam lo...', '<p align=\"justify\">Dalam rangka memperingati HUT RI ke-78, Terus melaju untuk Indonesia Maju. Siswa dan Guru SMP Negeri 1 Tambun Utara mengadakan kegiatan Lomba 17 Agustus 2023, yang dimeriahkan dengan berbagai macam lomba.</p>', '2023-11-18 10:37:58', '2023-08-16 20:54:20', '2023-11-17 11:50:15'),
(4, 2, 'Penyerahan Hadiah Lomba 17 Agustus 2023', 'penyerahan-hadiah-lomba-17-agustus-2023', '231117065308.jpg', NULL, 'Menjelang beberapa hari setelah kegiatan Lomba 17 Agustus 2023, penyerahan hadiah kepada pemenang lomba di setiap cabang lomba, yang diberikan oleh Kepala Sekolah dan Guru.', '<p align=\"justify\">Menjelang beberapa hari setelah kegiatan Lomba 17 Agustus 2023, penyerahan hadiah kepada pemenang lomba di setiap cabang lomba, yang diberikan oleh Kepala Sekolah dan Guru.</p>', '2023-11-18 10:37:58', '2023-08-20 20:58:39', '2023-11-17 11:53:08'),
(5, 3, 'Rapat Orangtua Siswa Kelas 7 2023', 'rapat-orangtua-siswa-kelas-7-2023', '231117064644.jpg', NULL, 'SMP Negeri 1 Tambun Utara mengadakan acara rutin, yakni pertemuan wali murid kelas VII. Pertemuan Wali Murid tersebut dilaksanakan diruang kelas partisi SMP Negeri 1 Tambun Utara. Pertemuan Wali Murid...', '<p align=\"justify\">SMP Negeri 1 Tambun Utara mengadakan acara rutin, yakni pertemuan wali murid kelas VII. Pertemuan Wali Murid tersebut dilaksanakan diruang kelas partisi SMP Negeri 1 Tambun Utara. Pertemuan Wali Murid di awal tahun pelajaran sangat penting untuk dilaksanakan, pertemuan wali murid dilakukan untuk sebuah pembuka jalur komunikasi antara pihak sekolah dan pihak orang tua. Peranan Wali Murid sebagai rekan guru dalam mendidik anak-anak tidak dapat disepelekan. Tujuan dari diadakannya pertemuan ini yaitu, mensosialisasikan program Sekolah, tata tertib siswa, serta perkenalan guru/wali kelas.</p>\r\n<p align=\"justify\">Acara rutin setiap tahun yang dilaksanakan oleh Sekolah ini bertujuan untuk menjembatani antara pihak sekolah dengan para orang tua siswa yang berhubungan dengan kebutuhan peserta didik, diantaranya kebutuhan pokok seperti proses belajar mengajar maupun kebutuhan pendukung lain demi kelancaran proses belajar mengajar.</p>\r\n<p align=\"justify\">Antusiasme dan semangat yang luar biasa dari para wali murid SMP Negeri 1 Tambun Utara dapat dilihat dari jumlah yang datang. Hal ini menunjukkan kepedulian para orang tua/wali murid kepada SMP Negeri 1 Tambun Utara. Dalam pertemuan ini disampaikan beberapa materi yang menyangkut kemajuan dan perkembangan para siswa nantinya.</p>\r\n<p align=\"justify\">Drs. Wanda, M.M.Pd selaku Kepala Sekolah, Bapak H.Idris selaku Komite Sekolah , para Wakil Kepala Sekolah beserta Wali Kelas 7 turut serta mengisi kegiatan pertemuan wali murid dengan menjelaskan beberapa hal seperti :</p>\r\n<ul>\r\n<li>Visi dan Misi Sekolah</li>\r\n<li>Perkenalan Wali Kelas</li>\r\n<li>Program Sekolah</li>\r\n<li>Struktur kurikulum</li>\r\n<li>Beban belajar peserta didik</li>\r\n<li>Penilaian ketuntasan belajar peserta didik</li>\r\n<li>Ketuntasan belajar peserta didik dalam menempuh pendidikan di SMP Negeri 1 Tambun Utara</li>\r\n<li>Syarat kenaikan kelas</li>\r\n</ul>\r\n<p>&nbsp;</p>\r\n<p align=\"justify\">Dengan adanya pemaparan program kurikulum diharapkan orang tua/wali dapat memantau perkembangan dan kemajuan anak-anaknya. Sehingga akan terjalin kerjasama yang baik antara pihak sekolah dan orang tua/ wali. Kalender akademik juga disampaikan supaya orang tua mengetahui jadwal kegiatan apa saja yang akan ditempuh pada kegiatan selama dua semester. Disambung materi Kesiswaan seperti:</p>\r\n<ul>\r\n<li>Tata tertib sekolah</li>\r\n<li>Perilaku disiplin</li>\r\n<li>Tata tertib jam masuk sekolah</li>\r\n<li>Konsekuensi untuk siswa yang melanggar peraturan</li>\r\n</ul>\r\n<p>&nbsp;</p>\r\n<p align=\"justify\">Tidak hanya itu, Kepala Sekolah beserta jajaranya juga menegaskan tentang tata tertib di sekolah maka diharapkan orang tua/wali juga ikut bekerjasama untuk menanamkan kedisiplinan pada diri siswa, selain materi kurikulum dan kesiswaan, materi tentang sarana dan prasarana praktik yang ada di SMP Negeri 1 Tambun Utara tidak lupa di perkenalkan kepada para wali murid.</p>', '2023-11-18 10:37:58', '2023-09-18 02:10:41', '2023-11-17 11:46:44'),
(6, 3, 'Realisasi Pengecatan Lapangan Olahraga', 'realisasi-pengecatan-lapangan-olahraga', '231117064019.jpg', NULL, 'Dalam rangka meningkatkan sarana dan prasana yang ada di SMP Negeri 1 Tambun Utara. SMP Negeri 1 Tambun Utara merealisasikan pengecatan lapangan olahraga yang beberapa saat lalu direncanakan pada saat...', '<p align=\"justify\">Dalam rangka meningkatkan sarana dan prasana yang ada di SMP Negeri 1 Tambun Utara. SMP Negeri 1 Tambun Utara merealisasikan pengecatan lapangan olahraga yang beberapa saat lalu direncanakan pada saat rapat orangtua wali murid.</p>\r\n<p align=\"justify\">Pengecatan dilakukan Mulai dari jam 07.00 WIB sampai dengan selesai. Esok hari setelah lapangan selesai dicat dan kering, lapangan diresmikan oleh Drs. Wanda, M.M.Pd selaku Kepala Sekolah beserta Jajaran Wakil Kepala Sekolah, Guru dan Staff.</p>', '2023-11-18 10:37:58', '2023-09-18 02:54:09', '2023-11-17 11:40:19'),
(7, 1, 'Kegiatan GeRaCa', 'kegiatan-geraca', '231117064629.jpg', NULL, 'GeRaCa singkatan dari Gerak Rabu membaCa merupakan sebuah kegiatan literasi yang dilakukan setiap hari Rabu dilapangan SMP Negeri 1 Tambun Utara, pada pukul 06.50 WIB sebelum memasuki jam pertama pela...', '<p align=\"justify\">GeRaCa singkatan dari Gerak Rabu membaCa merupakan sebuah kegiatan literasi yang dilakukan setiap hari Rabu dilapangan SMP Negeri 1 Tambun Utara, pada pukul 06.50 WIB sebelum memasuki jam pertama pelajaran. Agar kegiatan mudah diawasi oleh guru pendamping, kegiatan ini dilalukan bergiliran per 3 sampai 4 kelas setiap hari Rabu.</p>\r\n<p align=\"justify\">Tidak hanya melakukan kegiatan membaca saja, siswa juga mampu menjelaskan ide cerita ataupun sinopsis buku yang dia baca secara singkat. Lalu siswa tuliskan pada sebuah Sticky Note yang mereka bawa, untuk mereka tempelkan di pohon literasi yang sudah disediakan</p>', '2023-11-18 10:37:58', '2023-09-18 03:44:05', '2023-11-17 11:46:29'),
(8, 1, 'Kegiatan P5 Pembiasaan Shalat Dhuha', 'kegiatan-p5-pembiasaan-shalat-dhuha', '231117063911.jpg', NULL, 'Projek Penguatan Profil Pelajar Pancasila (P5) merupakan salah satu bagian yang tak terpisahkan dalam Implementasi Kurikulum Merdeka (IKM). P5 adalah upaya untuk mewujudkan Pelajar Pancasila yang mamp...', '<p align=\"justify\">Projek Penguatan Profil Pelajar Pancasila (P5) merupakan salah satu bagian yang tak terpisahkan dalam Implementasi Kurikulum Merdeka (IKM). P5 adalah upaya untuk mewujudkan Pelajar Pancasila yang mampu berperilaku sesuai dengan nilai-nilai Pancasila, yaitu beriman dan bertaqwa kepada Tuhan Yang Maha Esa, berkebhinekaan global, gotong royong, mandiri, bernalar kritis, dan kreatif. IKM P5 menjadi istimewa karena penerapannya tidak terintegrasi dalam pembelajaran setiap mata pelajaran melainkan mempunyai porsi khusus dalam setiap alokasi jam mata pelajaran yang membuat peserta didik memiliki kesempatan untuk dapat mengembangkan kompetensi pengetahuan, keterampilan dan sikap mereka dengan belajar dari teman mereka, guru, bahkan sampai pada tokoh masyarakat sekitar dalam menganalisis isu-isu hangat yang terjadi di lingkungan sekitar.</p>\r\n<p align=\"justify\">Kegiatan P5 yang pertama dilaksanakan di SMP Negeri 1 Tambun Utara mengambil tema bangunlah jiwa dan raganya dengan judul Stop Bulying. Mengapa SMP Negeri 1 Tambun Utara melakukan kegiatan P5 yang bertemakan Stop Bulying? dikarenakan di SMP Negeri 1 Tambun Utara masih banyaknya kasus perundungan sesama pelajar baik satu tingkat kelas maupun berbeda tingkat kelas. Upaya untuk mengurangi hal tersebut maka dituangkan dalam kegiatan P5.</p>\r\n<p align=\"justify\">Didalam kegiatan P5 ini nilai nilai Pancasila yang diambil pada dimensi Ketuhanan yang Maha Esa dan berakhlak mulia. Dengan elemen akhlak beragama(akhlak kepada Tuhan yang Maha Esa) dan akhlak terhadap sesama manusia. Adapun salah satu kegiatan P5 yang diimpelementasikan adalah tata cara berwudhu dan shalat dhuha. Kegiatan pembiasaan shalat dhuha merupakan suatu kegiatan mengerjakan sunah Rasulullah saw yaitu shalat dhuha yang dikerjakan secara berulang-ulang dan terus-menerus yang bertujuan agar shalat dhuha menjadi suatu rutinitas yang biasa dilakukan.</p>', '2023-11-18 10:37:58', '2023-09-18 04:05:17', '2023-11-17 11:39:11'),
(9, 1, 'Kegiatan P5 Pembuatan Mural', 'kegiatan-p5-pembuatan-mural', '231117064331.jpg', NULL, 'Projek Penguatan Profil Pelajar Pancasila (P5) merupakan salah satu bagian yang tak terpisahkan dalam Implementasi Kurikulum Merdeka (IKM). P5 adalah upaya untuk mewujudkan Pelajar Pancasila yang mamp...', '<p align=\"justify\">Projek Penguatan Profil Pelajar Pancasila (P5) merupakan salah satu bagian yang tak terpisahkan dalam Implementasi Kurikulum Merdeka (IKM). P5 adalah upaya untuk mewujudkan Pelajar Pancasila yang mampu berperilaku sesuai dengan nilai-nilai Pancasila, yaitu beriman dan bertaqwa kepada Tuhan Yang Maha Esa, berkebhinekaan global, gotong royong, mandiri, bernalar kritis, dan kreatif. IKM P5 menjadi istimewa karena penerapannya tidak terintegrasi dalam pembelajaran setiap mata pelajaran melainkan mempunyai porsi khusus dalam setiap alokasi jam mata pelajaran yang membuat peserta didik memiliki kesempatan untuk dapat mengembangkan kompetensi pengetahuan, keterampilan dan sikap mereka dengan belajar dari teman mereka, guru, bahkan sampai pada tokoh masyarakat sekitar dalam menganalisis isu-isu hangat yang terjadi di lingkungan sekitar.</p>\r\n<p align=\"justify\">Kegiatan P5 yang pertama dilaksanakan di SMP Negeri 1 Tambun Utara mengambil tema bangunlah jiwa dan raganya dengan judul Stop Bulying. Mengapa SMP Negeri 1 Tambun Utara melakukan kegiatan P5 yang bertemakan Stop Bulying? dikarenakan di SMP Negeri 1 Tambun Utara masih banyaknya kasus perundungan sesama pelajar baik satu tingkat kelas maupun berbeda tingkat kelas. Upaya untuk mengurangi hal tersebut maka dituangkan dalam kegiatan P5.</p>\r\n<p align=\"justify\">Didalam kegiatan P5 ini nilai nilai Pancasila yang diambil pada dimensi Ketuhanan yang Maha Esa dan berakhlak mulia. Dengan elemen akhlak beragama (akhlak kepada Tuhan yang Maha Esa) dan akhlak terhadap sesama manusia. Adapun salah satu kegiatan P5 yang diimpelementasikan adalah kegiatan pembuatan mural stop bulying.</p>', '2023-11-18 10:37:58', '2023-09-18 04:30:47', '2023-11-17 11:43:31'),
(10, 1, 'Kegiatan P5 Karakter Building', 'kegiatan-p5-karakter-building', '231118012048.jpg', NULL, 'Projek Penguatan Profil Pelajar Pancasila (P5) merupakan salah satu bagian yang tak terpisahkan dalam Implementasi Kurikulum Merdeka (IKM). P5 adalah upaya untuk mewujudkan Pelajar Pancasila yang mamp...', '<p align=\"justify\">Projek Penguatan Profil Pelajar Pancasila (P5) merupakan salah satu bagian yang tak terpisahkan dalam Implementasi Kurikulum Merdeka (IKM). P5 adalah upaya untuk mewujudkan Pelajar Pancasila yang mampu berperilaku sesuai dengan nilai-nilai Pancasila, yaitu beriman dan bertaqwa kepada Tuhan Yang Maha Esa, berkebhinekaan global, gotong royong, mandiri, bernalar kritis, dan kreatif. IKM P5 menjadi istimewa karena penerapannya tidak terintegrasi dalam pembelajaran setiap mata pelajaran melainkan mempunyai porsi khusus dalam setiap alokasi jam mata pelajaran yang membuat peserta didik memiliki kesempatan untuk dapat mengembangkan kompetensi pengetahuan, keterampilan dan sikap mereka dengan belajar dari teman mereka, guru, bahkan sampai pada tokoh masyarakat sekitar dalam menganalisis isu-isu hangat yang terjadi di lingkungan sekitar.</p>\r\n<p align=\"justify\">Kegiatan P5 yang pertama dilaksanakan di SMP Negeri 1 Tambun Utara mengambil tema bangunlah jiwa dan raganya dengan judul Stop Bulying. Mengapa SMP Negeri 1 Tambun Utara melakukan kegiatan P5 yang bertemakan Stop Bulying? dikarenakan di SMP Negeri 1 Tambun Utara masih banyaknya kasus perundungan sesama pelajar baik satu tingkat kelas maupun berbeda tingkat kelas. Upaya untuk mengurangi hal tersebut maka dituangkan dalam kegiatan P5.</p>\r\n<p align=\"justify\">Didalam kegiatan P5 ini nilai nilai Pancasila yang diambil pada dimensi Ketuhanan yang Maha Esa dan berakhlak mulia. Dengan elemen akhlak beragama(akhlak kepada Tuhan yang Maha Esa) dan akhlak terhadap sesama manusia.</p>\r\n<p align=\"justify\">Adapun salah satu kegiatan P5 yang diimpelementasikan adalah kegiatan karakter building. Kegiatan karakter building merupakan kegiatan yang bertujuan membangun solidiratis sesama siswa dengan cara melakukan permainan kerjasama tim seperti gambar.</p>', '2023-11-18 10:37:58', '2023-09-18 04:57:57', '2023-11-17 18:20:48');

-- --------------------------------------------------------

--
-- Table structure for table `rombels`
--

CREATE TABLE `rombels` (
  `id` bigint(20) UNSIGNED NOT NULL,
  `tahun_id` int(11) NOT NULL,
  `name` varchar(50) NOT NULL,
  `guru_id` int(11) NOT NULL,
  `created_at` timestamp NULL DEFAULT NULL,
  `updated_at` timestamp NULL DEFAULT NULL
) ENGINE=InnoDB DEFAULT CHARSET=utf8mb4 COLLATE=utf8mb4_unicode_ci;

--
-- Dumping data for table `rombels`
--

INSERT INTO `rombels` (`id`, `tahun_id`, `name`, `guru_id`, `created_at`, `updated_at`) VALUES
(1, 3, 'IX 1', 12, '2023-09-30 09:38:22', '2023-09-30 09:38:22'),
(2, 3, 'IX 2', 11, '2023-09-30 10:02:21', '2023-09-30 10:02:21'),
(3, 3, 'IX 3', 3, '2023-09-30 10:05:48', '2023-09-30 10:05:48'),
(4, 3, 'IX 4', 5, '2023-09-30 10:06:01', '2023-09-30 10:06:01'),
(5, 3, 'IX 5', 2, '2023-09-30 10:06:13', '2023-09-30 10:06:13'),
(6, 3, 'IX 6', 14, '2023-09-30 10:06:28', '2023-09-30 10:06:28'),
(7, 3, 'IX 7', 22, '2023-09-30 10:06:46', '2023-09-30 10:06:46'),
(8, 3, 'IX 8', 4, '2023-09-30 10:07:18', '2023-09-30 10:07:18'),
(9, 3, 'IX 9', 17, '2023-09-30 10:07:42', '2023-09-30 10:07:42'),
(10, 3, 'IX 10', 9, '2023-09-30 10:07:51', '2023-09-30 10:07:51'),
(11, 3, 'IX 11', 19, '2023-09-30 10:08:02', '2023-09-30 10:08:02'),
(12, 3, 'VIII 1', 16, '2023-09-30 10:09:07', '2023-09-30 10:09:07'),
(13, 3, 'VIII 2', 7, '2023-09-30 10:09:17', '2023-09-30 10:09:17'),
(14, 3, 'VIII 3', 43, '2023-09-30 10:09:30', '2023-09-30 10:09:30'),
(15, 3, 'VIII 4', 49, '2023-09-30 10:12:35', '2023-09-30 10:12:35'),
(16, 3, 'VIII 5', 32, '2023-09-30 10:12:49', '2023-09-30 10:12:49'),
(17, 3, 'VIII 6', 36, '2023-09-30 10:12:58', '2023-09-30 10:12:58'),
(18, 3, 'VIII 7', 34, '2023-09-30 10:13:15', '2023-09-30 10:13:15'),
(19, 3, 'VIII 8', 37, '2023-09-30 10:13:49', '2023-09-30 10:13:49'),
(20, 3, 'VIII 9', 38, '2023-09-30 10:13:58', '2023-09-30 10:13:58'),
(21, 3, 'VIII 10', 15, '2023-09-30 10:14:14', '2023-09-30 10:14:14'),
(22, 3, 'VIII 11', 31, '2023-09-30 10:14:22', '2023-09-30 10:14:22'),
(23, 3, 'VII 1', 29, '2023-09-30 10:14:52', '2023-09-30 10:14:52'),
(24, 3, 'VII 2', 27, '2023-09-30 10:16:24', '2023-09-30 10:16:24'),
(25, 3, 'VII 3', 20, '2023-09-30 10:16:38', '2023-09-30 10:16:38'),
(26, 3, 'VII 4', 33, '2023-09-30 10:17:05', '2023-09-30 10:17:05'),
(27, 3, 'VII 5', 24, '2023-09-30 10:17:18', '2023-09-30 10:17:18'),
(28, 3, 'VII 6', 41, '2023-09-30 10:17:28', '2023-09-30 10:17:28'),
(29, 3, 'VII 7', 35, '2023-09-30 10:17:40', '2023-09-30 10:17:40'),
(30, 3, 'VII 8', 42, '2023-09-30 10:17:55', '2023-09-30 10:17:55'),
(31, 3, 'VII 9', 26, '2023-09-30 10:18:04', '2023-09-30 10:18:04'),
(32, 3, 'VII 10', 23, '2023-09-30 10:18:18', '2023-09-30 10:18:18'),
(34, 3, 'VII 11', 40, '2023-09-30 10:22:05', '2023-09-30 10:27:19');

-- --------------------------------------------------------

--
-- Table structure for table `semesters`
--

CREATE TABLE `semesters` (
  `id` bigint(20) NOT NULL,
  `name` varchar(255) DEFAULT NULL,
  `status` enum('Aktif','Nonaktif') NOT NULL,
  `created_at` timestamp NULL DEFAULT NULL,
  `updated_at` timestamp NULL DEFAULT NULL
) ENGINE=InnoDB DEFAULT CHARSET=utf8mb4 COLLATE=utf8mb4_unicode_ci;

--
-- Dumping data for table `semesters`
--

INSERT INTO `semesters` (`id`, `name`, `status`, `created_at`, `updated_at`) VALUES
(1, 'Ganjil', 'Nonaktif', '2024-01-06 06:24:00', '2024-01-09 11:40:25'),
(2, 'Genap', 'Aktif', '2024-01-06 06:24:13', '2024-01-06 20:41:33');

-- --------------------------------------------------------

--
-- Table structure for table `siswas`
--

CREATE TABLE `siswas` (
  `id` bigint(20) NOT NULL,
  `nisn` varchar(10) DEFAULT NULL,
  `nama_siswa` varchar(50) NOT NULL,
  `jk` enum('L','P') NOT NULL,
  `agama` varchar(15) NOT NULL,
  `telp` varchar(13) DEFAULT NULL,
  `tmp_lahir` varchar(20) DEFAULT NULL,
  `tgl_lahir` date DEFAULT NULL,
  `alamat` varchar(255) DEFAULT NULL,
  `foto` varchar(255) DEFAULT NULL,
  `rombel_id` bigint(20) UNSIGNED NOT NULL,
  `bapak` varchar(50) DEFAULT NULL,
  `ibu` varchar(50) DEFAULT NULL,
  `pbapak` varchar(20) DEFAULT NULL,
  `pibu` varchar(20) DEFAULT NULL,
  `alamat_ortu` varchar(255) DEFAULT NULL,
  `wali` varchar(50) DEFAULT NULL,
  `pwali` varchar(20) DEFAULT NULL,
  `alamat_wali` varchar(255) DEFAULT NULL,
  `created_at` timestamp NULL DEFAULT NULL,
  `updated_at` timestamp NULL DEFAULT NULL
) ENGINE=InnoDB DEFAULT CHARSET=utf8mb4 COLLATE=utf8mb4_unicode_ci;

--
-- Dumping data for table `siswas`
--

INSERT INTO `siswas` (`id`, `nisn`, `nama_siswa`, `jk`, `agama`, `telp`, `tmp_lahir`, `tgl_lahir`, `alamat`, `foto`, `rombel_id`, `bapak`, `ibu`, `pbapak`, `pibu`, `alamat_ortu`, `wali`, `pwali`, `alamat_wali`, `created_at`, `updated_at`) VALUES
(202107082, NULL, 'AULIA KHOIRUNISA', 'P', 'Islam', NULL, NULL, NULL, NULL, NULL, 5, NULL, NULL, NULL, NULL, NULL, NULL, NULL, NULL, '2023-11-29 00:22:58', '2023-11-29 00:22:58'),
(202107095, NULL, 'BILAL AL MU\'ARIF', 'L', 'Islam', NULL, NULL, NULL, NULL, NULL, 3, NULL, NULL, NULL, NULL, NULL, NULL, NULL, NULL, '2023-11-29 00:22:58', '2023-11-29 00:22:58'),
(202107121, NULL, 'DERIH MUHAMAD.S', 'L', 'Islam', NULL, NULL, NULL, NULL, NULL, 10, NULL, NULL, NULL, NULL, NULL, NULL, NULL, NULL, '2023-11-29 00:22:58', '2023-11-29 00:22:58'),
(202107359, NULL, 'PURWATI', 'P', 'Islam', NULL, NULL, NULL, NULL, NULL, 3, NULL, NULL, NULL, NULL, NULL, NULL, NULL, NULL, '2023-11-29 00:22:58', '2023-11-29 00:22:58'),
(202107427, '0086035549', 'SITI AISAH', 'P', 'Islam', NULL, NULL, NULL, NULL, NULL, 3, NULL, NULL, NULL, NULL, NULL, NULL, NULL, NULL, '2023-11-29 00:22:58', '2023-11-29 00:22:58'),
(212207001, '0086493828', 'ABDURACHMAN FADIL RAMADHAN', 'L', 'Islam', NULL, NULL, NULL, NULL, NULL, 1, NULL, NULL, NULL, NULL, NULL, NULL, NULL, NULL, '2023-11-29 00:22:57', '2023-12-04 20:20:30'),
(212207002, '0092403789', 'ABELDA PUTRI IDRAHIM', 'P', 'Islam', NULL, NULL, NULL, NULL, NULL, 1, NULL, NULL, NULL, NULL, NULL, NULL, NULL, NULL, '2023-11-29 00:22:57', '2023-11-29 00:22:57'),
(212207003, '0096424963', 'ACHMAD RINO', 'L', 'Islam', NULL, NULL, NULL, NULL, NULL, 2, NULL, NULL, NULL, NULL, NULL, NULL, NULL, NULL, '2023-11-29 00:22:58', '2023-11-29 00:22:58'),
(212207004, '0099334674', 'ADE IRAWAN', 'L', 'Islam', NULL, NULL, NULL, NULL, NULL, 6, NULL, NULL, NULL, NULL, NULL, NULL, NULL, NULL, '2023-11-29 00:22:58', '2023-11-29 00:22:58'),
(212207005, '0081593119', 'ADE RAYHAN SAPUTRA', 'L', 'Islam', NULL, NULL, NULL, NULL, NULL, 4, NULL, NULL, NULL, NULL, NULL, NULL, NULL, NULL, '2023-11-29 00:22:58', '2023-11-29 00:22:58'),
(212207006, '0096399470', 'ADELIA', 'P', 'Islam', NULL, NULL, NULL, NULL, NULL, 2, NULL, NULL, NULL, NULL, NULL, NULL, NULL, NULL, '2023-11-29 00:22:58', '2023-11-29 00:22:58'),
(212207007, '0096771565', 'ADINDA CHAERUNNISAH', 'P', 'Islam', NULL, NULL, NULL, NULL, NULL, 3, NULL, NULL, NULL, NULL, NULL, NULL, NULL, NULL, '2023-11-29 00:22:58', '2023-11-29 00:22:58'),
(212207008, '0099801493', 'ADITA REYHAN', 'L', 'Islam', NULL, NULL, NULL, NULL, NULL, 5, NULL, NULL, NULL, NULL, NULL, NULL, NULL, NULL, '2023-11-29 00:22:58', '2023-11-29 00:22:58'),
(212207009, '0087712232', 'ADITHIA', 'L', 'Islam', NULL, NULL, NULL, NULL, NULL, 6, NULL, NULL, NULL, NULL, NULL, NULL, NULL, NULL, '2023-11-29 00:22:58', '2023-11-29 00:22:58'),
(212207010, '0081214828', 'ADSA NOVANRY', 'L', 'Islam', NULL, NULL, NULL, NULL, NULL, 7, NULL, NULL, NULL, NULL, NULL, NULL, NULL, NULL, '2023-11-29 00:22:58', '2023-11-29 00:22:58'),
(212207011, '0095710641', 'AFEELYA ZHULYANIZ', 'P', 'Islam', NULL, NULL, NULL, NULL, NULL, 4, NULL, NULL, NULL, NULL, NULL, NULL, NULL, NULL, '2023-11-29 00:22:58', '2023-11-29 00:22:58'),
(212207012, '8200002960', 'AFIFA ZAHIRA SAFANA', 'P', 'Islam', NULL, NULL, NULL, NULL, NULL, 5, NULL, NULL, NULL, NULL, NULL, NULL, NULL, NULL, '2023-11-29 00:22:58', '2023-11-29 00:22:58'),
(212207013, '0096732814', 'AFIFAH AZZAHRA', 'P', 'Islam', NULL, NULL, NULL, NULL, NULL, 6, NULL, NULL, NULL, NULL, NULL, NULL, NULL, NULL, '2023-11-29 00:22:58', '2023-11-29 00:22:58'),
(212207014, '0094070171', 'AHMAD ABDUL KHOIR', 'L', 'Islam', NULL, NULL, NULL, NULL, NULL, 8, NULL, NULL, NULL, NULL, NULL, NULL, NULL, NULL, '2023-11-29 00:22:58', '2023-11-29 00:22:58'),
(212207015, '0084610682', 'AHMAD ARIA FIRDAUS', 'L', 'Islam', NULL, NULL, NULL, NULL, NULL, 9, NULL, NULL, NULL, NULL, NULL, NULL, NULL, NULL, '2023-11-29 00:22:58', '2023-11-29 00:22:58'),
(212207016, '0085037726', 'AHMAD BAIHAQI', 'L', 'Islam', NULL, NULL, NULL, NULL, NULL, 10, NULL, NULL, NULL, NULL, NULL, NULL, NULL, NULL, '2023-11-29 00:22:58', '2023-11-29 00:22:58'),
(212207017, '0081892754', 'AHMAD DAIFAN SYA- BANSYAH', 'L', 'Islam', NULL, NULL, NULL, NULL, NULL, 11, NULL, NULL, NULL, NULL, NULL, NULL, NULL, NULL, '2023-11-29 00:22:59', '2023-11-29 00:22:59'),
(212207018, '0081520217', 'AHMAD DZAKI JUMAYYIL', 'L', 'Islam', NULL, NULL, NULL, NULL, NULL, 1, NULL, NULL, NULL, NULL, NULL, NULL, NULL, NULL, '2023-11-29 00:22:57', '2023-11-29 00:22:57'),
(212207019, '0087877274', 'AHMAD EMIR RIDWAN', 'L', 'Islam', NULL, NULL, NULL, NULL, NULL, 22, NULL, NULL, NULL, NULL, NULL, NULL, NULL, NULL, '2023-11-29 00:23:00', '2023-11-29 00:23:00'),
(212207020, '0096912590', 'AHMAD FASHA EVENDI', 'L', 'Islam', NULL, NULL, NULL, NULL, NULL, 2, NULL, NULL, NULL, NULL, NULL, NULL, NULL, NULL, '2023-11-29 00:22:58', '2023-11-29 00:22:58'),
(212207021, NULL, 'AHMAD FIRDAUS', 'L', 'Islam', NULL, NULL, NULL, NULL, NULL, 3, NULL, NULL, NULL, NULL, NULL, NULL, NULL, NULL, '2023-11-29 00:22:58', '2023-11-29 00:22:58'),
(212207022, '0089672761', 'AHMAD JUNAEDI', 'L', 'Islam', NULL, NULL, NULL, NULL, NULL, 4, NULL, NULL, NULL, NULL, NULL, NULL, NULL, NULL, '2023-11-29 00:22:58', '2023-11-29 00:22:58'),
(212207023, '0081683155', 'AHMAD NICKO ALFARIZI', 'L', 'Islam', NULL, NULL, NULL, NULL, NULL, 5, NULL, NULL, NULL, NULL, NULL, NULL, NULL, NULL, '2023-11-29 00:22:58', '2023-11-29 00:22:58'),
(212207024, '0082875300', 'AHMAD NICKY ALFARIZI', 'L', 'Islam', NULL, NULL, NULL, NULL, NULL, 6, NULL, NULL, NULL, NULL, NULL, NULL, NULL, NULL, '2023-11-29 00:22:58', '2023-11-29 00:22:58'),
(212207025, '0094571256', 'AHMAD RABIUL MAULANA', 'L', 'Islam', NULL, NULL, NULL, NULL, NULL, 7, NULL, NULL, NULL, NULL, NULL, NULL, NULL, NULL, '2023-11-29 00:22:58', '2023-11-29 00:22:58'),
(212207026, '0094022019', 'AHMAD ZUL FAHMI', 'L', 'Islam', NULL, NULL, NULL, NULL, NULL, 8, NULL, NULL, NULL, NULL, NULL, NULL, NULL, NULL, '2023-11-29 00:22:58', '2023-11-29 00:22:58'),
(212207027, '0097528606', 'AHMAT SAFARULLOH', 'L', 'Islam', NULL, NULL, NULL, NULL, NULL, 9, NULL, NULL, NULL, NULL, NULL, NULL, NULL, NULL, '2023-11-29 00:22:58', '2023-11-29 00:22:58'),
(212207028, '8200001730', 'AIDA NAILATUL IZZA', 'P', 'Islam', NULL, NULL, NULL, NULL, NULL, 7, NULL, NULL, NULL, NULL, NULL, NULL, NULL, NULL, '2023-11-29 00:22:58', '2023-11-29 00:22:58'),
(212207029, '0091643393', 'AIDAH SELVA LIANI', 'P', 'Islam', NULL, NULL, NULL, NULL, NULL, 8, NULL, NULL, NULL, NULL, NULL, NULL, NULL, NULL, '2023-11-29 00:22:58', '2023-11-29 00:22:58'),
(212207030, '0082773238', 'AIDIL ILHAM', 'L', 'Islam', NULL, NULL, NULL, NULL, NULL, 10, NULL, NULL, NULL, NULL, NULL, NULL, NULL, NULL, '2023-11-29 00:22:58', '2023-11-29 00:22:58'),
(212207031, '0097671193', 'AIRA ZAMZAMI ILMI', 'P', 'Islam', NULL, NULL, NULL, NULL, NULL, 10, NULL, NULL, NULL, NULL, NULL, NULL, NULL, NULL, '2023-11-29 00:22:58', '2023-11-29 00:22:58'),
(212207032, '0092334373', 'AIRUL RAHADIAN', 'L', 'Islam', NULL, NULL, NULL, NULL, NULL, 11, NULL, NULL, NULL, NULL, NULL, NULL, NULL, NULL, '2023-11-29 00:22:59', '2023-11-29 00:22:59'),
(212207034, '0093494503', 'AISYAH ANNUR RAHMA', 'P', 'Islam', NULL, NULL, NULL, NULL, NULL, 11, NULL, NULL, NULL, NULL, NULL, NULL, NULL, NULL, '2023-11-29 00:22:59', '2023-11-29 00:22:59'),
(212207035, '0081197901', 'AJENG SUKMAWATI', 'P', 'Islam', NULL, NULL, NULL, NULL, NULL, 1, NULL, NULL, NULL, NULL, NULL, NULL, NULL, NULL, '2023-11-29 00:22:57', '2023-11-29 00:22:57'),
(212207036, '0099560598', 'AJIS MAULANA SAPUTRA', 'L', 'Islam', NULL, NULL, NULL, NULL, NULL, 1, NULL, NULL, NULL, NULL, NULL, NULL, NULL, NULL, '2023-11-29 00:22:57', '2023-11-29 00:22:57'),
(212207037, '0098360556', 'AKBAR', 'L', 'Islam', NULL, NULL, NULL, NULL, NULL, 2, NULL, NULL, NULL, NULL, NULL, NULL, NULL, NULL, '2023-11-29 00:22:58', '2023-11-29 00:22:58'),
(212207038, '0083777376', 'AL AKBAR', 'L', 'Islam', NULL, NULL, NULL, NULL, NULL, 4, NULL, NULL, NULL, NULL, NULL, NULL, NULL, NULL, '2023-11-29 00:22:58', '2023-11-29 00:22:58'),
(212207039, '0095103217', 'ALDINO JAVAS IBRAHIM', 'L', 'Islam', NULL, NULL, NULL, NULL, NULL, 5, NULL, NULL, NULL, NULL, NULL, NULL, NULL, NULL, '2023-11-29 00:22:58', '2023-11-29 00:22:58'),
(212207040, '0073301909', 'ALDIYANSAH', 'L', 'Islam', NULL, NULL, NULL, NULL, NULL, 2, NULL, NULL, NULL, NULL, NULL, NULL, NULL, NULL, '2023-11-29 00:22:58', '2023-11-29 00:22:58'),
(212207041, '8200002115', 'ALDY YANSYAH SAPUTRA', 'L', 'Islam', NULL, NULL, NULL, NULL, NULL, 7, NULL, NULL, NULL, NULL, NULL, NULL, NULL, NULL, '2023-11-29 00:22:58', '2023-11-29 00:22:58'),
(212207042, '0092833612', 'ALFAN RASYA PRATAMA', 'L', 'Islam', NULL, NULL, NULL, NULL, NULL, 8, NULL, NULL, NULL, NULL, NULL, NULL, NULL, NULL, '2023-11-29 00:22:58', '2023-11-29 00:22:58'),
(212207043, '0095212581', 'ALFIN RIDHO ANANDA', 'L', 'Islam', NULL, NULL, NULL, NULL, NULL, 9, NULL, NULL, NULL, NULL, NULL, NULL, NULL, NULL, '2023-11-29 00:22:58', '2023-11-29 00:22:58'),
(212207044, '8200003408', 'ALFIRA RAISSA ARIWIYANTI', 'P', 'Islam', NULL, NULL, NULL, NULL, NULL, 2, NULL, NULL, NULL, NULL, NULL, NULL, NULL, NULL, '2023-11-29 00:22:58', '2023-11-29 00:22:58'),
(212207045, '0087233383', 'ALIF BAGUS PRADANA', 'L', 'Islam', NULL, NULL, NULL, NULL, NULL, 10, NULL, NULL, NULL, NULL, NULL, NULL, NULL, NULL, '2023-11-29 00:22:58', '2023-11-29 00:22:58'),
(212207046, '0095179285', 'ALISHA AZZAHRA PUTRI', 'P', 'Islam', NULL, NULL, NULL, NULL, NULL, 3, NULL, NULL, NULL, NULL, NULL, NULL, NULL, NULL, '2023-11-29 00:22:58', '2023-11-29 00:22:58'),
(212207047, '0088045938', 'ALLUNA AISYAHRAH', 'P', 'Islam', NULL, NULL, NULL, NULL, NULL, 4, NULL, NULL, NULL, NULL, NULL, NULL, NULL, NULL, '2023-11-29 00:22:58', '2023-11-29 00:22:58'),
(212207048, '0089676750', 'ALMIRA NAZWA RIZKY', 'P', 'Islam', NULL, NULL, NULL, NULL, NULL, 5, NULL, NULL, NULL, NULL, NULL, NULL, NULL, NULL, '2023-11-29 00:22:58', '2023-11-29 00:22:58'),
(212207049, '0087526774', 'ALPA RIZI', 'L', 'Islam', NULL, NULL, NULL, NULL, NULL, 11, NULL, NULL, NULL, NULL, NULL, NULL, NULL, NULL, '2023-11-29 00:22:59', '2023-11-29 00:22:59'),
(212207050, '8200000306', 'ALUNA ZIANKA KHUMAIRAA', 'P', 'Islam', NULL, NULL, NULL, NULL, NULL, 6, NULL, NULL, NULL, NULL, NULL, NULL, NULL, NULL, '2023-11-29 00:22:58', '2023-11-29 00:22:58'),
(212207051, '0093413877', 'ALVERO RAMADHAN KAFI', 'L', 'Islam', NULL, NULL, NULL, NULL, NULL, 1, NULL, NULL, NULL, NULL, NULL, NULL, NULL, NULL, '2023-11-29 00:22:58', '2023-11-29 00:22:58'),
(212207052, '0099547812', 'ALYA AZIZAH', 'P', 'Islam', NULL, NULL, NULL, NULL, NULL, 7, NULL, NULL, NULL, NULL, NULL, NULL, NULL, NULL, '2023-11-29 00:22:58', '2023-11-29 00:22:58'),
(212207053, '0081860519', 'AMEL APRILIA', 'P', 'Islam', NULL, NULL, NULL, NULL, NULL, 8, NULL, NULL, NULL, NULL, NULL, NULL, NULL, NULL, '2023-11-29 00:22:58', '2023-11-29 00:22:58'),
(212207054, '0085296269', 'AMELIA LESTARI', 'P', 'Islam', NULL, NULL, NULL, NULL, NULL, 9, NULL, NULL, NULL, NULL, NULL, NULL, NULL, NULL, '2023-11-29 00:22:58', '2023-11-29 00:22:58'),
(212207055, '0096346436', 'AMELIA PUTRI', 'P', 'Islam', NULL, NULL, NULL, NULL, NULL, 10, NULL, NULL, NULL, NULL, NULL, NULL, NULL, NULL, '2023-11-29 00:22:58', '2023-11-29 00:22:58'),
(212207056, NULL, 'AMELIA WENGI LAWI', 'P', 'Islam', NULL, NULL, NULL, NULL, NULL, 11, NULL, NULL, NULL, NULL, NULL, NULL, NULL, NULL, '2023-11-29 00:22:59', '2023-11-29 00:22:59'),
(212207057, '0084717698', 'ANAN', 'L', 'Islam', NULL, NULL, NULL, NULL, NULL, 6, NULL, NULL, NULL, NULL, NULL, NULL, NULL, NULL, '2023-11-29 00:22:58', '2023-11-29 00:22:58'),
(212207058, '0083446528', 'ANDHIKA DARMAWAN', 'L', 'Islam', NULL, NULL, NULL, NULL, NULL, 3, NULL, NULL, NULL, NULL, NULL, NULL, NULL, NULL, '2023-11-29 00:22:58', '2023-11-29 00:22:58'),
(212207060, '0081007191', 'ANDHIKA SURYA DWI ANGGARA', 'L', 'Islam', NULL, NULL, NULL, NULL, NULL, 4, NULL, NULL, NULL, NULL, NULL, NULL, NULL, NULL, '2023-11-29 00:22:58', '2023-11-29 00:22:58'),
(212207061, '8200003559', 'ANDI AHMAD ROZAQI', 'L', 'Islam', NULL, NULL, NULL, NULL, NULL, 5, NULL, NULL, NULL, NULL, NULL, NULL, NULL, NULL, '2023-11-29 00:22:58', '2023-11-29 00:22:58'),
(212207062, '0091685602', 'ANDIKA PRAMANA PUTRA', 'L', 'Islam', NULL, NULL, NULL, NULL, NULL, 6, NULL, NULL, NULL, NULL, NULL, NULL, NULL, NULL, '2023-11-29 00:22:58', '2023-11-29 00:22:58'),
(212207063, '0089709877', 'ANDIKA SAPUTRA', 'L', 'Islam', NULL, NULL, NULL, NULL, NULL, 7, NULL, NULL, NULL, NULL, NULL, NULL, NULL, NULL, '2023-11-29 00:22:58', '2023-11-29 00:22:58'),
(212207064, '0097040365', 'ANDINI', 'P', 'Islam', NULL, NULL, NULL, NULL, NULL, 1, NULL, NULL, NULL, NULL, NULL, NULL, NULL, NULL, '2023-11-29 00:22:58', '2023-11-29 00:22:58'),
(212207065, '0091844503', 'ANDINI ARPIYANIH', 'P', 'Islam', NULL, NULL, NULL, NULL, NULL, 2, NULL, NULL, NULL, NULL, NULL, NULL, NULL, NULL, '2023-11-29 00:22:58', '2023-11-29 00:22:58'),
(212207066, '0096928130', 'ANDRA ANDIKA PRATAMA', 'L', 'Islam', NULL, NULL, NULL, NULL, NULL, 8, NULL, NULL, NULL, NULL, NULL, NULL, NULL, NULL, '2023-11-29 00:22:58', '2023-11-29 00:22:58'),
(212207067, '0099727015', 'ANDREA PUTRI WIJAYA', 'P', 'Islam', NULL, NULL, NULL, NULL, NULL, 4, NULL, NULL, NULL, NULL, NULL, NULL, NULL, NULL, '2023-11-29 00:22:58', '2023-11-29 00:22:58'),
(212207068, '0087383386', 'ANDRES', 'L', 'Islam', NULL, NULL, NULL, NULL, NULL, 8, NULL, NULL, NULL, NULL, NULL, NULL, NULL, NULL, '2023-11-29 00:22:58', '2023-11-29 00:22:58'),
(212207069, '0094128412', 'ANDRIAN KHAIRIL', 'L', 'Islam', NULL, NULL, NULL, NULL, NULL, 10, NULL, NULL, NULL, NULL, NULL, NULL, NULL, NULL, '2023-11-29 00:22:58', '2023-11-29 00:22:58'),
(212207070, '0081083348', 'ANGGITA SETYA SALSABILA', 'P', 'Islam', NULL, NULL, NULL, NULL, NULL, 4, NULL, NULL, NULL, NULL, NULL, NULL, NULL, NULL, '2023-11-29 00:22:58', '2023-11-29 00:22:58'),
(212207071, '0087845866', 'ANGGUN SAFITRI', 'P', 'Islam', NULL, NULL, NULL, NULL, NULL, 5, NULL, NULL, NULL, NULL, NULL, NULL, NULL, NULL, '2023-11-29 00:22:58', '2023-11-29 00:22:58'),
(212207072, '8200002685', 'ANGGUN WULANDARI', 'P', 'Islam', NULL, NULL, NULL, NULL, NULL, 6, NULL, NULL, NULL, NULL, NULL, NULL, NULL, NULL, '2023-11-29 00:22:58', '2023-11-29 00:22:58'),
(212207073, '0097121673', 'ANGLING PUTRA RAMADHAN', 'L', 'Islam', NULL, NULL, NULL, NULL, NULL, 11, NULL, NULL, NULL, NULL, NULL, NULL, NULL, NULL, '2023-11-29 00:22:59', '2023-11-29 00:22:59'),
(212207074, '0087319412', 'ANI NOPITA SARI', 'P', 'Islam', NULL, NULL, NULL, NULL, NULL, 7, NULL, NULL, NULL, NULL, NULL, NULL, NULL, NULL, '2023-11-29 00:22:58', '2023-11-29 00:22:58'),
(212207075, '8200002485', 'ANNEKE CINTAMI AINUROPIK', 'P', 'Islam', NULL, NULL, NULL, NULL, NULL, 8, NULL, NULL, NULL, NULL, NULL, NULL, NULL, NULL, '2023-11-29 00:22:58', '2023-11-29 00:22:58'),
(212207076, '0084551464', 'ANNISA NUR AZ-ZAHRA', 'P', 'Islam', NULL, NULL, NULL, NULL, NULL, 9, NULL, NULL, NULL, NULL, NULL, NULL, NULL, NULL, '2023-11-29 00:22:58', '2023-11-29 00:22:58'),
(212207077, '8200002517', 'APRILIA NATASYA', 'P', 'Islam', NULL, NULL, NULL, NULL, NULL, 6, NULL, NULL, NULL, NULL, NULL, NULL, NULL, NULL, '2023-11-29 00:22:58', '2023-11-29 00:22:58'),
(212207078, '0097832475', 'AQIILA PUTRI CAHYANI', 'P', 'Islam', NULL, NULL, NULL, NULL, NULL, 11, NULL, NULL, NULL, NULL, NULL, NULL, NULL, NULL, '2023-11-29 00:22:59', '2023-11-29 00:22:59'),
(212207079, NULL, 'ARDIANSYAH', 'L', 'Islam', NULL, NULL, NULL, NULL, NULL, 1, NULL, NULL, NULL, NULL, NULL, NULL, NULL, NULL, '2023-11-29 00:22:58', '2023-11-29 00:22:58'),
(212207080, '0092373807', 'ARGA ADIWITYA SAPUTRA', 'L', 'Islam', NULL, NULL, NULL, NULL, NULL, 2, NULL, NULL, NULL, NULL, NULL, NULL, NULL, NULL, '2023-11-29 00:22:58', '2023-11-29 00:22:58'),
(212207081, '0088320287', 'ARIF ERLANGGA', 'L', 'Islam', NULL, NULL, NULL, NULL, NULL, 3, NULL, NULL, NULL, NULL, NULL, NULL, NULL, NULL, '2023-11-29 00:22:58', '2023-11-29 00:22:58'),
(212207082, '0097762420', 'ARIS FERDIANSYAH', 'L', 'Islam', NULL, NULL, NULL, NULL, NULL, 4, NULL, NULL, NULL, NULL, NULL, NULL, NULL, NULL, '2023-11-29 00:22:58', '2023-11-29 00:22:58'),
(212207084, '8200003540', 'ARTA RAMADHAN', 'L', 'Islam', NULL, NULL, NULL, NULL, NULL, 5, NULL, NULL, NULL, NULL, NULL, NULL, NULL, NULL, '2023-11-29 00:22:58', '2023-11-29 00:22:58'),
(212207085, '0087319510', 'ARVA ADITYA SAPRUDIN', 'L', 'Islam', NULL, NULL, NULL, NULL, NULL, 6, NULL, NULL, NULL, NULL, NULL, NULL, NULL, NULL, '2023-11-29 00:22:58', '2023-11-29 00:22:58'),
(212207086, '009915121', 'ARYA ADI KUSUMA', 'L', 'Islam', NULL, NULL, NULL, NULL, NULL, 7, NULL, NULL, NULL, NULL, NULL, NULL, NULL, NULL, '2023-11-29 00:22:58', '2023-11-29 00:22:58'),
(212207087, '0099915121', 'ARYA ADI WIJAYA', 'L', 'Islam', NULL, NULL, NULL, NULL, NULL, 8, NULL, NULL, NULL, NULL, NULL, NULL, NULL, NULL, '2023-11-29 00:22:58', '2023-11-29 00:22:58'),
(212207088, '0081078113', 'ARYA SATRIA MAULANA', 'L', 'Islam', NULL, NULL, NULL, NULL, NULL, 9, NULL, NULL, NULL, NULL, NULL, NULL, NULL, NULL, '2023-11-29 00:22:58', '2023-11-29 00:22:58'),
(212207089, '0097818489', 'ASNA WATI', 'P', 'Islam', NULL, NULL, NULL, NULL, NULL, 1, NULL, NULL, NULL, NULL, NULL, NULL, NULL, NULL, '2023-11-29 00:22:58', '2023-11-29 00:22:58'),
(212207090, '0081104155', 'AUDYA SYAHFALINA BILQIS', 'P', 'Islam', NULL, NULL, NULL, NULL, NULL, 2, NULL, NULL, NULL, NULL, NULL, NULL, NULL, NULL, '2023-11-29 00:22:58', '2023-11-29 00:22:58'),
(212207091, '0089377216', 'AULIA AYU FITRA', 'P', 'Islam', NULL, NULL, NULL, NULL, NULL, 3, NULL, NULL, NULL, NULL, NULL, NULL, NULL, NULL, '2023-11-29 00:22:58', '2023-11-29 00:22:58'),
(212207092, '0096509419', 'AULIA JAMILA', 'P', 'Islam', NULL, NULL, NULL, NULL, NULL, 4, NULL, NULL, NULL, NULL, NULL, NULL, NULL, NULL, '2023-11-29 00:22:58', '2023-11-29 00:22:58'),
(212207093, '0093211231', 'AULIA PUTRI', 'P', 'Islam', NULL, NULL, NULL, NULL, NULL, 6, NULL, NULL, NULL, NULL, NULL, NULL, NULL, NULL, '2023-11-29 00:22:58', '2023-11-29 00:22:58'),
(212207094, '0082390295', 'AULIA RAMADHANI', 'P', 'Islam', NULL, NULL, NULL, NULL, NULL, 7, NULL, NULL, NULL, NULL, NULL, NULL, NULL, NULL, '2023-11-29 00:22:58', '2023-11-29 00:22:58'),
(212207095, '8200003088', 'AURA DIVA LARASATY', 'P', 'Islam', NULL, NULL, NULL, NULL, NULL, 8, NULL, NULL, NULL, NULL, NULL, NULL, NULL, NULL, '2023-11-29 00:22:58', '2023-11-29 00:22:58'),
(212207096, '8200001968', 'AURA DWI OKTARIANI', 'P', 'Islam', NULL, NULL, NULL, NULL, NULL, 9, NULL, NULL, NULL, NULL, NULL, NULL, NULL, NULL, '2023-11-29 00:22:58', '2023-11-29 00:22:58'),
(212207097, '0861378980', 'AURA PRATIKA DEWI', 'P', 'Islam', NULL, NULL, NULL, NULL, NULL, 18, NULL, NULL, NULL, NULL, NULL, NULL, NULL, NULL, '2023-11-29 00:22:59', '2023-11-29 00:22:59'),
(212207098, '0099409315', 'AUREL', 'P', 'Islam', NULL, NULL, NULL, NULL, NULL, 10, NULL, NULL, NULL, NULL, NULL, NULL, NULL, NULL, '2023-11-29 00:22:58', '2023-11-29 00:22:58'),
(212207099, '8200001866', 'AURELIA REVA AZZAHRA', 'P', 'Islam', NULL, NULL, NULL, NULL, NULL, 11, NULL, NULL, NULL, NULL, NULL, NULL, NULL, NULL, '2023-11-29 00:22:59', '2023-11-29 00:22:59'),
(212207100, '0095044946', 'AYNURJULYA ARYA PUTRI', 'P', 'Islam', NULL, NULL, NULL, NULL, NULL, 1, NULL, NULL, NULL, NULL, NULL, NULL, NULL, NULL, '2023-11-29 00:22:58', '2023-11-29 00:22:58'),
(212207101, '0096780171', 'AZKA NAJLA AQILAH', 'P', 'Islam', NULL, NULL, NULL, NULL, NULL, 2, NULL, NULL, NULL, NULL, NULL, NULL, NULL, NULL, '2023-11-29 00:22:58', '2023-11-29 00:22:58'),
(212207102, '0096502514', 'AZKHYA AZ-ZAHRA', 'P', 'Islam', NULL, NULL, NULL, NULL, NULL, 3, NULL, NULL, NULL, NULL, NULL, NULL, NULL, NULL, '2023-11-29 00:22:58', '2023-11-29 00:22:58'),
(212207103, '0098744662', 'AZMY AZ-ZAHRY', 'L', 'Islam', NULL, NULL, NULL, NULL, NULL, 10, NULL, NULL, NULL, NULL, NULL, NULL, NULL, NULL, '2023-11-29 00:22:58', '2023-11-29 00:22:58'),
(212207104, '8200000142', 'AZRI TALITA FARRAS', 'P', 'Islam', NULL, NULL, NULL, NULL, NULL, 4, NULL, NULL, NULL, NULL, NULL, NULL, NULL, NULL, '2023-11-29 00:22:58', '2023-11-29 00:22:58'),
(212207105, '0086045485', 'BALGI NASROHI', 'L', 'Islam', NULL, NULL, NULL, NULL, NULL, 11, NULL, NULL, NULL, NULL, NULL, NULL, NULL, NULL, '2023-11-29 00:22:59', '2023-11-29 00:22:59'),
(212207106, '0085018795', 'BA\'RI ADNAND', 'L', 'Islam', NULL, NULL, NULL, NULL, NULL, 1, NULL, NULL, NULL, NULL, NULL, NULL, NULL, NULL, '2023-11-29 00:22:58', '2023-11-29 00:22:58'),
(212207107, '0086779342', 'BAYU WIRA ATMAJA', 'L', 'Islam', NULL, NULL, NULL, NULL, NULL, 2, NULL, NULL, NULL, NULL, NULL, NULL, NULL, NULL, '2023-11-29 00:22:58', '2023-11-29 00:22:58'),
(212207108, '0093366244', 'BUNGA CITRA ZENAL', 'P', 'Islam', NULL, NULL, NULL, NULL, NULL, 5, NULL, NULL, NULL, NULL, NULL, NULL, NULL, NULL, '2023-11-29 00:22:58', '2023-11-29 00:22:58'),
(212207109, '0095695524', 'BUNGA SRI KERATON AK', 'P', 'Islam', NULL, NULL, NULL, NULL, NULL, 6, NULL, NULL, NULL, NULL, NULL, NULL, NULL, NULL, '2023-11-29 00:22:58', '2023-11-29 00:22:58'),
(212207110, '0095255489', 'CALLYSTA PUTRI', 'P', 'Islam', NULL, NULL, NULL, NULL, NULL, 7, NULL, NULL, NULL, NULL, NULL, NULL, NULL, NULL, '2023-11-29 00:22:58', '2023-11-29 00:22:58'),
(212207111, NULL, 'CELESTA ZUYYINA NAHRI REALJATI', 'P', 'Islam', NULL, NULL, NULL, NULL, NULL, 8, NULL, NULL, NULL, NULL, NULL, NULL, NULL, NULL, '2023-11-29 00:22:58', '2023-11-29 00:22:58'),
(212207112, '0099975944', 'CHARLITA SHOFIA ARSETO', 'P', 'Islam', NULL, NULL, NULL, NULL, NULL, 9, NULL, NULL, NULL, NULL, NULL, NULL, NULL, NULL, '2023-11-29 00:22:58', '2023-11-29 00:22:58'),
(212207113, '0093167673', 'CINDY CANTIKA FARADILAH', 'P', 'Islam', NULL, NULL, NULL, NULL, NULL, 10, NULL, NULL, NULL, NULL, NULL, NULL, NULL, NULL, '2023-11-29 00:22:58', '2023-11-29 00:22:58'),
(212207114, '0089297299', 'CINTA FITRIYAH RAMADANI', 'P', 'Islam', NULL, NULL, NULL, NULL, NULL, 11, NULL, NULL, NULL, NULL, NULL, NULL, NULL, NULL, '2023-11-29 00:22:59', '2023-11-29 00:22:59'),
(212207115, '0093964652', 'CINTIA NILAM SARI SAFITRI', 'P', 'Islam', NULL, NULL, NULL, NULL, NULL, 1, NULL, NULL, NULL, NULL, NULL, NULL, NULL, NULL, '2023-11-29 00:22:58', '2023-11-29 00:22:58'),
(212207116, '8200002995', 'CLARESIA IDRIS', 'P', 'Islam', NULL, NULL, NULL, NULL, NULL, 2, NULL, NULL, NULL, NULL, NULL, NULL, NULL, NULL, '2023-11-29 00:22:58', '2023-11-29 00:22:58'),
(212207117, '8200002347', 'DAFA ABDUL HARIS', 'L', 'Islam', NULL, NULL, NULL, NULL, NULL, 4, NULL, NULL, NULL, NULL, NULL, NULL, NULL, NULL, '2023-11-29 00:22:58', '2023-11-29 00:22:58'),
(212207118, '8200002242', 'DAFINAH DWI KARTIKA', 'P', 'Islam', NULL, NULL, NULL, NULL, NULL, 3, NULL, NULL, NULL, NULL, NULL, NULL, NULL, NULL, '2023-11-29 00:22:58', '2023-11-29 00:22:58'),
(212207119, '0081463593', 'DAMAR SHAUMA', 'L', 'Islam', NULL, NULL, NULL, NULL, NULL, 5, NULL, NULL, NULL, NULL, NULL, NULL, NULL, NULL, '2023-11-29 00:22:58', '2023-11-29 00:22:58'),
(212207120, '0088927739', 'DANDY ANDIKA', 'L', 'Islam', NULL, NULL, NULL, NULL, NULL, 6, NULL, NULL, NULL, NULL, NULL, NULL, NULL, NULL, '2023-11-29 00:22:58', '2023-11-29 00:22:58'),
(212207121, '0085976074', 'DANIEL SAPUTRA', 'L', 'Protestan', NULL, NULL, NULL, NULL, NULL, 7, NULL, NULL, NULL, NULL, NULL, NULL, NULL, NULL, '2023-11-29 00:22:58', '2023-11-29 00:22:58'),
(212207122, '8200002143', 'DAVIN', 'L', 'Islam', NULL, NULL, NULL, NULL, NULL, 8, NULL, NULL, NULL, NULL, NULL, NULL, NULL, NULL, '2023-11-29 00:22:58', '2023-11-29 00:22:58'),
(212207123, '0098580725', 'DEA MELATI PUTRI', 'P', 'Islam', NULL, NULL, NULL, NULL, NULL, 4, NULL, NULL, NULL, NULL, NULL, NULL, NULL, NULL, '2023-11-29 00:22:58', '2023-11-29 00:22:58'),
(212207124, '0084493481', 'DEKA ANDES', 'L', 'Islam', NULL, NULL, NULL, NULL, NULL, 9, NULL, NULL, NULL, NULL, NULL, NULL, NULL, NULL, '2023-11-29 00:22:58', '2023-11-29 00:22:58'),
(212207125, '8200003598', 'DENISA ADINDA PUTRI', 'P', 'Islam', NULL, NULL, NULL, NULL, NULL, 5, NULL, NULL, NULL, NULL, NULL, NULL, NULL, NULL, '2023-11-29 00:22:58', '2023-11-29 00:22:58'),
(212207126, '8200003621', 'DESFITA MAHARANI', 'P', 'Islam', NULL, NULL, NULL, NULL, NULL, 6, NULL, NULL, NULL, NULL, NULL, NULL, NULL, NULL, '2023-11-29 00:22:58', '2023-11-29 00:22:58'),
(212207127, '0082795541', 'DESTI INDAH SARI', 'P', 'Islam', NULL, NULL, NULL, NULL, NULL, 7, NULL, NULL, NULL, NULL, NULL, NULL, NULL, NULL, '2023-11-29 00:22:58', '2023-11-29 00:22:58'),
(212207128, '3096824690', 'DESVITA PRISCILLA KHAIRUNNISA', 'P', 'Islam', NULL, NULL, NULL, NULL, NULL, 8, NULL, NULL, NULL, NULL, NULL, NULL, NULL, NULL, '2023-11-29 00:22:58', '2023-11-29 00:22:58'),
(212207129, '0082366902', 'DESWITA', 'P', 'Islam', NULL, NULL, NULL, NULL, NULL, 9, NULL, NULL, NULL, NULL, NULL, NULL, NULL, NULL, '2023-11-29 00:22:58', '2023-11-29 00:22:58'),
(212207130, NULL, 'DEVANSA RIFKY ATTHA ILLAH', 'L', 'Islam', NULL, NULL, NULL, NULL, NULL, 11, NULL, NULL, NULL, NULL, NULL, NULL, NULL, NULL, '2023-11-29 00:22:59', '2023-11-29 00:22:59'),
(212207131, '0092165765', 'DEYVAN LEYA PUTRA', 'L', 'Islam', NULL, NULL, NULL, NULL, NULL, 1, NULL, NULL, NULL, NULL, NULL, NULL, NULL, NULL, '2023-11-29 00:22:58', '2023-11-29 00:22:58'),
(212207132, '0094868126', 'DIAN FAMELA', 'P', 'Islam', NULL, NULL, NULL, NULL, NULL, 11, NULL, NULL, NULL, NULL, NULL, NULL, NULL, NULL, '2023-11-29 00:22:59', '2023-11-29 00:22:59'),
(212207133, '0093626192', 'DINDA APRILIA SARI', 'P', 'Islam', NULL, NULL, NULL, NULL, NULL, 1, NULL, NULL, NULL, NULL, NULL, NULL, NULL, NULL, '2023-11-29 00:22:58', '2023-11-29 00:22:58'),
(212207134, '0094269558', 'DWI RAHAYU', 'P', 'Islam', NULL, NULL, NULL, NULL, NULL, 3, NULL, NULL, NULL, NULL, NULL, NULL, NULL, NULL, '2023-11-29 00:22:58', '2023-11-29 00:22:58'),
(212207135, '8200003098', 'EKA PUTRI FEBRIYANI', 'P', 'Islam', NULL, NULL, NULL, NULL, NULL, 4, NULL, NULL, NULL, NULL, NULL, NULL, NULL, NULL, '2023-11-29 00:22:58', '2023-11-29 00:22:58'),
(212207136, '0094370633', 'ELMIRA THERESYA FRANSISKA SINAMBELA', 'P', 'Protestan', NULL, NULL, NULL, NULL, NULL, 5, NULL, NULL, NULL, NULL, NULL, NULL, NULL, NULL, '2023-11-29 00:22:58', '2023-11-29 00:22:58'),
(212207137, '8200001194', 'ELSA SARI', 'P', 'Islam', NULL, NULL, NULL, NULL, NULL, 6, NULL, NULL, NULL, NULL, NULL, NULL, NULL, NULL, '2023-11-29 00:22:58', '2023-11-29 00:22:58'),
(212207138, '0082213775', 'EMIRA HASNA CHOIRIAH', 'P', 'Islam', NULL, NULL, NULL, NULL, NULL, 7, NULL, NULL, NULL, NULL, NULL, NULL, NULL, NULL, '2023-11-29 00:22:58', '2023-11-29 00:22:58'),
(212207139, NULL, 'ENDRA KELANA ISMAN', 'L', 'Islam', NULL, NULL, NULL, NULL, NULL, 3, NULL, NULL, NULL, NULL, NULL, NULL, NULL, NULL, '2023-11-29 00:22:58', '2023-11-29 00:22:58'),
(212207140, '0087528178', 'EPRILIA MEIDY KAMILA', 'P', 'Islam', NULL, NULL, NULL, NULL, NULL, 8, NULL, NULL, NULL, NULL, NULL, NULL, NULL, NULL, '2023-11-29 00:22:58', '2023-11-29 00:22:58'),
(212207141, '0092950811', 'ERLANGGA DANISH ADLI', 'L', 'Islam', NULL, NULL, NULL, NULL, NULL, 4, NULL, NULL, NULL, NULL, NULL, NULL, NULL, NULL, '2023-11-29 00:22:58', '2023-11-29 00:22:58'),
(212207142, '0098953004', 'ERLIANATUN ANZANI', 'P', 'Islam', NULL, NULL, NULL, NULL, NULL, 9, NULL, NULL, NULL, NULL, NULL, NULL, NULL, NULL, '2023-11-29 00:22:58', '2023-11-29 00:22:58'),
(212207143, '0094056261', 'EZAR AKBAR SUTEJO', 'L', 'Islam', NULL, NULL, NULL, NULL, NULL, 5, NULL, NULL, NULL, NULL, NULL, NULL, NULL, NULL, '2023-11-29 00:22:58', '2023-11-29 00:22:58'),
(212207144, '0092311912', 'EZZAR RADITYA', 'L', 'Islam', NULL, NULL, NULL, NULL, NULL, 4, NULL, NULL, NULL, NULL, NULL, NULL, NULL, NULL, '2023-11-29 00:22:58', '2023-11-29 00:22:58'),
(212207145, '0092973888', 'FADIA APRILIA PUTRI', 'P', 'Islam', NULL, NULL, NULL, NULL, NULL, 10, NULL, NULL, NULL, NULL, NULL, NULL, NULL, NULL, '2023-11-29 00:22:58', '2023-11-29 00:22:58'),
(212207146, '0081032149', 'FADLI ARFANDI', 'L', 'Islam', NULL, NULL, NULL, NULL, NULL, 7, NULL, NULL, NULL, NULL, NULL, NULL, NULL, NULL, '2023-11-29 00:22:58', '2023-11-29 00:22:58'),
(212207147, '0093901047', 'FADLI BADRUSSALAM', 'L', 'Islam', NULL, NULL, NULL, NULL, NULL, 8, NULL, NULL, NULL, NULL, NULL, NULL, NULL, NULL, '2023-11-29 00:22:58', '2023-11-29 00:22:58'),
(212207148, '0094897426', 'FAHMI IDRUS YAHYA', 'L', 'Islam', NULL, NULL, NULL, NULL, NULL, 9, NULL, NULL, NULL, NULL, NULL, NULL, NULL, NULL, '2023-11-29 00:22:58', '2023-11-29 00:22:58'),
(212207149, '0087162038', 'FAHRELI PUTRA ALI', 'L', 'Islam', NULL, NULL, NULL, NULL, NULL, 10, NULL, NULL, NULL, NULL, NULL, NULL, NULL, NULL, '2023-11-29 00:22:58', '2023-11-29 00:22:58'),
(212207150, '0092703560', 'FAHRI BUDIONO', 'L', 'Islam', NULL, NULL, NULL, NULL, NULL, 11, NULL, NULL, NULL, NULL, NULL, NULL, NULL, NULL, '2023-11-29 00:22:59', '2023-11-29 00:22:59'),
(212207151, '0081872473', 'FAHRI EVENDI', 'L', 'Islam', NULL, NULL, NULL, NULL, NULL, 1, NULL, NULL, NULL, NULL, NULL, NULL, NULL, NULL, '2023-11-29 00:22:58', '2023-11-29 00:22:58'),
(212207152, '0098199451', 'FAHRI MUHAYAT', 'L', 'Islam', NULL, NULL, NULL, NULL, NULL, 2, NULL, NULL, NULL, NULL, NULL, NULL, NULL, NULL, '2023-11-29 00:22:58', '2023-11-29 00:22:58'),
(212207153, '0091074245', 'FAHRI NUR ANWAR', 'L', 'Islam', NULL, NULL, NULL, NULL, NULL, 3, NULL, NULL, NULL, NULL, NULL, NULL, NULL, NULL, '2023-11-29 00:22:58', '2023-11-29 00:22:58'),
(212207154, '0083856001', 'FAIRUZ', 'P', 'Islam', NULL, NULL, NULL, NULL, NULL, 11, NULL, NULL, NULL, NULL, NULL, NULL, NULL, NULL, '2023-11-29 00:22:59', '2023-11-29 00:22:59'),
(212207155, '0081756820', 'FAISAL PAHRI', 'L', 'Islam', NULL, NULL, NULL, NULL, NULL, 4, NULL, NULL, NULL, NULL, NULL, NULL, NULL, NULL, '2023-11-29 00:22:58', '2023-11-29 00:22:58'),
(212207156, '8200002015', 'FAIZA KHAYIRA ANJANI', 'P', 'Islam', NULL, NULL, NULL, NULL, NULL, 1, NULL, NULL, NULL, NULL, NULL, NULL, NULL, NULL, '2023-11-29 00:22:58', '2023-11-29 00:22:58'),
(212207157, '0083465323', 'FAJRI AULIA HARYU DAMAR', 'L', 'Islam', NULL, NULL, NULL, NULL, NULL, 5, NULL, NULL, NULL, NULL, NULL, NULL, NULL, NULL, '2023-11-29 00:22:58', '2023-11-29 00:22:58'),
(212207158, '0087530131', 'FAKHRI PUTRA PRASASTI', 'L', 'Islam', NULL, NULL, NULL, NULL, NULL, 6, NULL, NULL, NULL, NULL, NULL, NULL, NULL, NULL, '2023-11-29 00:22:58', '2023-11-29 00:22:58'),
(212207159, '0092253764', 'FAQIH TETUKO', 'L', 'Islam', NULL, NULL, NULL, NULL, NULL, 7, NULL, NULL, NULL, NULL, NULL, NULL, NULL, NULL, '2023-11-29 00:22:58', '2023-11-29 00:22:58'),
(212207161, '0085491113', 'FARREL ARDIAN', 'L', 'Islam', NULL, NULL, NULL, NULL, NULL, 8, NULL, NULL, NULL, NULL, NULL, NULL, NULL, NULL, '2023-11-29 00:22:58', '2023-11-29 00:22:58'),
(212207162, '0093501939', 'FATHAN TEGAR HUTAMA', 'L', 'Islam', NULL, NULL, NULL, NULL, NULL, 9, NULL, NULL, NULL, NULL, NULL, NULL, NULL, NULL, '2023-11-29 00:22:58', '2023-11-29 00:22:58'),
(212207163, '0094268168', 'FATIMAH AZ ZAHRA', 'P', 'Islam', NULL, NULL, NULL, NULL, NULL, 2, NULL, NULL, NULL, NULL, NULL, NULL, NULL, NULL, '2023-11-29 00:22:58', '2023-11-29 00:22:58'),
(212207164, '0087769045', 'FAZRIL MAULANA', 'L', 'Islam', NULL, NULL, NULL, NULL, NULL, 3, NULL, NULL, NULL, NULL, NULL, NULL, NULL, NULL, '2023-11-29 00:22:58', '2023-11-29 00:22:58'),
(212207165, '0071856090', 'FEBRIAN JUARDI', 'L', 'Islam', NULL, NULL, NULL, NULL, NULL, 11, NULL, NULL, NULL, NULL, NULL, NULL, NULL, NULL, '2023-11-29 00:22:59', '2023-11-29 00:22:59'),
(212207166, '0099285049', 'FEBRIYANTI HARVIONY', 'P', 'Islam', NULL, NULL, NULL, NULL, NULL, 3, NULL, NULL, NULL, NULL, NULL, NULL, NULL, NULL, '2023-11-29 00:22:58', '2023-11-29 00:22:58'),
(212207167, '0094093300', 'FEBY RAHAYU', 'P', 'Islam', NULL, NULL, NULL, NULL, NULL, 4, NULL, NULL, NULL, NULL, NULL, NULL, NULL, NULL, '2023-11-29 00:22:58', '2023-11-29 00:22:58'),
(212207168, '0095764129', 'FHATIH DWI FERNANDA', 'L', 'Islam', NULL, NULL, NULL, NULL, NULL, 1, NULL, NULL, NULL, NULL, NULL, NULL, NULL, NULL, '2023-11-29 00:22:58', '2023-11-29 00:22:58'),
(212207169, '0086375003', 'FIRDAUS SETIAWAN', 'L', 'Islam', NULL, NULL, NULL, NULL, NULL, 2, NULL, NULL, NULL, NULL, NULL, NULL, NULL, NULL, '2023-11-29 00:22:58', '2023-11-29 00:22:58'),
(212207170, '0084482346', 'FITRI AULIA', 'P', 'Islam', NULL, NULL, NULL, NULL, NULL, 5, NULL, NULL, NULL, NULL, NULL, NULL, NULL, NULL, '2023-11-29 00:22:58', '2023-11-29 00:22:58'),
(212207171, '0087427372', 'GALANG ALDIYANSAH', 'L', 'Islam', NULL, NULL, NULL, NULL, NULL, 3, NULL, NULL, NULL, NULL, NULL, NULL, NULL, NULL, '2023-11-29 00:22:58', '2023-11-29 00:22:58'),
(212207172, '0098143471', 'GEDE ARYO AJI PANGESTU', 'L', 'Islam', NULL, NULL, NULL, NULL, NULL, 4, NULL, NULL, NULL, NULL, NULL, NULL, NULL, NULL, '2023-11-29 00:22:58', '2023-11-29 00:22:58'),
(212207173, '0094788488', 'GRECIA INDAHSARI', 'P', 'Islam', NULL, NULL, NULL, NULL, NULL, 6, NULL, NULL, NULL, NULL, NULL, NULL, NULL, NULL, '2023-11-29 00:22:58', '2023-11-29 00:22:58'),
(212207174, '0081963280', 'GUNTUR SETYO WICAKSONO', 'L', 'Islam', NULL, NULL, NULL, NULL, NULL, 5, NULL, NULL, NULL, NULL, NULL, NULL, NULL, NULL, '2023-11-29 00:22:58', '2023-11-29 00:22:58'),
(212207175, '0094086444', 'HAFISH PRASTYA PUTRA', 'L', 'Islam', NULL, NULL, NULL, NULL, NULL, 3, NULL, NULL, NULL, NULL, NULL, NULL, NULL, NULL, '2023-11-29 00:22:58', '2023-11-29 00:22:58'),
(212207176, '0089602579', 'HAFIZH ALIF FERNANDA', 'L', 'Islam', NULL, NULL, NULL, NULL, NULL, 7, NULL, NULL, NULL, NULL, NULL, NULL, NULL, NULL, '2023-11-29 00:22:58', '2023-11-29 00:22:58'),
(212207177, '0094285634', 'HAIRAN NUR HAPIZAH', 'P', 'Islam', NULL, NULL, NULL, NULL, NULL, 7, NULL, NULL, NULL, NULL, NULL, NULL, NULL, NULL, '2023-11-29 00:22:58', '2023-11-29 00:22:58'),
(212207178, '8200003608', 'HAKIKI NUR HAFIDDUDIN', 'L', 'Islam', NULL, NULL, NULL, NULL, NULL, 8, NULL, NULL, NULL, NULL, NULL, NULL, NULL, NULL, '2023-11-29 00:22:58', '2023-11-29 00:22:58'),
(212207179, '0084528413', 'HANAFIH HIBATULLOH', 'L', 'Islam', NULL, NULL, NULL, NULL, NULL, 9, NULL, NULL, NULL, NULL, NULL, NULL, NULL, NULL, '2023-11-29 00:22:58', '2023-11-29 00:22:58'),
(212207180, '3081666223', 'HASBIYALLAH', 'L', 'Islam', NULL, NULL, NULL, NULL, NULL, 10, NULL, NULL, NULL, NULL, NULL, NULL, NULL, NULL, '2023-11-29 00:22:58', '2023-11-29 00:22:58'),
(212207181, '0085376784', 'IBNI IMAM EFENDI', 'L', 'Islam', NULL, NULL, NULL, NULL, NULL, 2, NULL, NULL, NULL, NULL, NULL, NULL, NULL, NULL, '2023-11-29 00:22:58', '2023-11-29 00:22:58'),
(212207182, '0085851336', 'IBNU AL GHOZALI', 'L', 'Islam', NULL, NULL, NULL, NULL, NULL, 2, NULL, NULL, NULL, NULL, NULL, NULL, NULL, NULL, '2023-11-29 00:22:58', '2023-11-29 00:22:58'),
(212207183, '0099083594', 'IBNU HAFIZH', 'L', 'Islam', NULL, NULL, NULL, NULL, NULL, 3, NULL, NULL, NULL, NULL, NULL, NULL, NULL, NULL, '2023-11-29 00:22:58', '2023-11-29 00:22:58'),
(212207184, '0082726313', 'ILHAM AGUSTYAN PRATAMA', 'L', 'Islam', NULL, NULL, NULL, NULL, NULL, 4, NULL, NULL, NULL, NULL, NULL, NULL, NULL, NULL, '2023-11-29 00:22:58', '2023-11-29 00:22:58'),
(212207185, '0093044687', 'IMAM MAULANA YUSUP', 'L', 'Islam', NULL, NULL, NULL, NULL, NULL, 5, NULL, NULL, NULL, NULL, NULL, NULL, NULL, NULL, '2023-11-29 00:22:58', '2023-11-29 00:22:58'),
(212207186, '0089405699', 'IMAS', 'P', 'Islam', NULL, NULL, NULL, NULL, NULL, 8, NULL, NULL, NULL, NULL, NULL, NULL, NULL, NULL, '2023-11-29 00:22:58', '2023-11-29 00:22:58'),
(212207187, '0085952580', 'IMELDA GRESIA', 'P', 'Protestan', NULL, NULL, NULL, NULL, NULL, 9, NULL, NULL, NULL, NULL, NULL, NULL, NULL, NULL, '2023-11-29 00:22:58', '2023-11-29 00:22:58'),
(212207188, '0082832667', 'IMELDA SARI', 'P', 'Islam', NULL, NULL, NULL, NULL, NULL, 10, NULL, NULL, NULL, NULL, NULL, NULL, NULL, NULL, '2023-11-29 00:22:58', '2023-11-29 00:22:58'),
(212207189, '0098634768', 'INA YATUL SAFA', 'P', 'Islam', NULL, NULL, NULL, NULL, NULL, 11, NULL, NULL, NULL, NULL, NULL, NULL, NULL, NULL, '2023-11-29 00:22:59', '2023-11-29 00:22:59'),
(212207190, '0092648984', 'INDRI NURMALIKA', 'P', 'Islam', NULL, NULL, NULL, NULL, NULL, 1, NULL, NULL, NULL, NULL, NULL, NULL, NULL, NULL, '2023-11-29 00:22:58', '2023-11-29 00:22:58'),
(212207191, '0086513119', 'IPAN FIRMANSYAH', 'L', 'Islam', NULL, NULL, NULL, NULL, NULL, 6, NULL, NULL, NULL, NULL, NULL, NULL, NULL, NULL, '2023-11-29 00:22:58', '2023-11-29 00:22:58'),
(212207193, '0091904138', 'IZMI AGUSTA SUNARYA', 'L', 'Islam', NULL, NULL, NULL, NULL, NULL, 7, NULL, NULL, NULL, NULL, NULL, NULL, NULL, NULL, '2023-11-29 00:22:58', '2023-11-29 00:22:58'),
(212207194, '0087189238', 'JAHRA AULIA', 'P', 'Islam', NULL, NULL, NULL, NULL, NULL, 2, NULL, NULL, NULL, NULL, NULL, NULL, NULL, NULL, '2023-11-29 00:22:58', '2023-11-29 00:22:58'),
(212207195, '0089980961', 'JAKA', 'L', 'Islam', NULL, NULL, NULL, NULL, NULL, 19, NULL, NULL, NULL, NULL, NULL, NULL, NULL, NULL, '2023-11-29 00:22:59', '2023-11-29 00:22:59'),
(212207196, '0087229820', 'JANUARI PURBA', 'L', 'Protestan', NULL, NULL, NULL, NULL, NULL, 8, NULL, NULL, NULL, NULL, NULL, NULL, NULL, NULL, '2023-11-29 00:22:58', '2023-11-29 00:22:58'),
(212207197, '0092155733', 'JAYA SAPUTRA', 'L', 'Islam', NULL, NULL, NULL, NULL, NULL, 9, NULL, NULL, NULL, NULL, NULL, NULL, NULL, NULL, '2023-11-29 00:22:58', '2023-11-29 00:22:58'),
(212207198, '0089613990', 'JELITA PUTRI', 'P', 'Islam', NULL, NULL, NULL, NULL, NULL, 1, NULL, NULL, NULL, NULL, NULL, NULL, NULL, NULL, '2023-11-29 00:22:58', '2023-11-29 00:22:58'),
(212207199, '0095243324', 'JELITA RIANTIH OKTAPIANIH', 'P', 'Islam', NULL, NULL, NULL, NULL, NULL, 4, NULL, NULL, NULL, NULL, NULL, NULL, NULL, NULL, '2023-11-29 00:22:58', '2023-11-29 00:22:58'),
(212207200, '0096344283', 'JESIKA KLENI', 'P', 'Islam', NULL, NULL, NULL, NULL, NULL, 2, NULL, NULL, NULL, NULL, NULL, NULL, NULL, NULL, '2023-11-29 00:22:58', '2023-11-29 00:22:58'),
(212207201, '0092243738', 'JESSICA ELIANA WAHYUDI', 'P', 'Islam', NULL, NULL, NULL, NULL, NULL, 6, NULL, NULL, NULL, NULL, NULL, NULL, NULL, NULL, '2023-11-29 00:22:58', '2023-11-29 00:22:58'),
(212207202, '0094592397', 'JESYA AULIA', 'P', 'Islam', NULL, NULL, NULL, NULL, NULL, 7, NULL, NULL, NULL, NULL, NULL, NULL, NULL, NULL, '2023-11-29 00:22:58', '2023-11-29 00:22:58'),
(212207203, '0086439394', 'JIHAN AYU DEWANTARI', 'P', 'Islam', NULL, NULL, NULL, NULL, NULL, 8, NULL, NULL, NULL, NULL, NULL, NULL, NULL, NULL, '2023-11-29 00:22:58', '2023-11-29 00:22:58'),
(212207204, '8200001820', 'JINGGA MAHARANI', 'P', 'Islam', NULL, NULL, NULL, NULL, NULL, 9, NULL, NULL, NULL, NULL, NULL, NULL, NULL, NULL, '2023-11-29 00:22:58', '2023-11-29 00:22:58'),
(212207205, '0093495700', 'JOHAN SAIMIMA', 'L', 'Islam', NULL, NULL, NULL, NULL, NULL, 10, NULL, NULL, NULL, NULL, NULL, NULL, NULL, NULL, '2023-11-29 00:22:58', '2023-11-29 00:22:58'),
(212207206, '0094982102', 'JOUREAL RAFANSYAH GUNADY', 'L', 'Islam', NULL, NULL, NULL, NULL, NULL, 11, NULL, NULL, NULL, NULL, NULL, NULL, NULL, NULL, '2023-11-29 00:22:59', '2023-11-29 00:22:59'),
(212207207, '0083154950', 'JUWITA', 'P', 'Islam', NULL, NULL, NULL, NULL, NULL, 10, NULL, NULL, NULL, NULL, NULL, NULL, NULL, NULL, '2023-11-29 00:22:58', '2023-11-29 00:22:58'),
(212207208, '0094496295', 'KAILA PUTRI AULIA', 'P', 'Islam', NULL, NULL, NULL, NULL, NULL, 11, NULL, NULL, NULL, NULL, NULL, NULL, NULL, NULL, '2023-11-29 00:22:59', '2023-11-29 00:22:59'),
(212207210, '0086507536', 'KASIH', 'P', 'Islam', NULL, NULL, NULL, NULL, NULL, 2, NULL, NULL, NULL, NULL, NULL, NULL, NULL, NULL, '2023-11-29 00:22:58', '2023-11-29 00:22:58'),
(212207211, '0085508762', 'KESYA ALIFIA NARENDRA', 'P', 'Islam', NULL, NULL, NULL, NULL, NULL, 3, NULL, NULL, NULL, NULL, NULL, NULL, NULL, NULL, '2023-11-29 00:22:58', '2023-11-29 00:22:58'),
(212207212, '0096042107', 'KEYSHA PUTRI RAMADHANI', 'P', 'Islam', NULL, NULL, NULL, NULL, NULL, 11, NULL, NULL, NULL, NULL, NULL, NULL, NULL, NULL, '2023-11-29 00:22:59', '2023-11-29 00:22:59'),
(212207213, '0087035739', 'KHEISYA NUR SAFA\'AT', 'P', 'Islam', NULL, NULL, NULL, NULL, NULL, 5, NULL, NULL, NULL, NULL, NULL, NULL, NULL, NULL, '2023-11-29 00:22:58', '2023-11-29 00:22:58'),
(212207214, '0095959882', 'KHIRANIA MEGA PUSPA', 'P', 'Islam', NULL, NULL, NULL, NULL, NULL, 6, NULL, NULL, NULL, NULL, NULL, NULL, NULL, NULL, '2023-11-29 00:22:58', '2023-11-29 00:22:58'),
(212207215, '0098672992', 'KHOIRUNISSA AD ASSA', 'P', 'Islam', NULL, NULL, NULL, NULL, NULL, 7, NULL, NULL, NULL, NULL, NULL, NULL, NULL, NULL, '2023-11-29 00:22:58', '2023-11-29 00:22:58'),
(212207216, '0084152177', 'KIRANIA DEWI SALSABILA', 'P', 'Islam', NULL, NULL, NULL, NULL, NULL, 8, NULL, NULL, NULL, NULL, NULL, NULL, NULL, NULL, '2023-11-29 00:22:58', '2023-11-29 00:22:58'),
(212207217, '0089193869', 'KRISTINA DESRIYANTI LUBIS', 'P', 'Protestan', NULL, NULL, NULL, NULL, NULL, 9, NULL, NULL, NULL, NULL, NULL, NULL, NULL, NULL, '2023-11-29 00:22:58', '2023-11-29 00:22:58'),
(212207218, '0097475854', 'LAILA KOMARIYAH', 'P', 'Islam', NULL, NULL, NULL, NULL, NULL, 10, NULL, NULL, NULL, NULL, NULL, NULL, NULL, NULL, '2023-11-29 00:22:58', '2023-11-29 00:22:58'),
(212207219, '0095476967', 'LATHIFA AZZAHRAH', 'P', 'Islam', NULL, NULL, NULL, NULL, NULL, 11, NULL, NULL, NULL, NULL, NULL, NULL, NULL, NULL, '2023-11-29 00:22:59', '2023-11-29 00:22:59'),
(212207220, '0095293600', 'LAZUARDI SLAMET', 'L', 'Islam', NULL, NULL, NULL, NULL, NULL, 1, NULL, NULL, NULL, NULL, NULL, NULL, NULL, NULL, '2023-11-29 00:22:58', '2023-11-29 00:22:58'),
(212207221, '0097156341', 'LESTARI ROSPITA', 'P', 'Islam', NULL, NULL, NULL, NULL, NULL, 1, NULL, NULL, NULL, NULL, NULL, NULL, NULL, NULL, '2023-11-29 00:22:58', '2023-11-29 00:22:58'),
(212207222, '0087057330', 'LIA HIKMATUL ULYA', 'P', 'Islam', NULL, NULL, NULL, NULL, NULL, 2, NULL, NULL, NULL, NULL, NULL, NULL, NULL, NULL, '2023-11-29 00:22:58', '2023-11-29 00:22:58'),
(212207223, '0086005520', 'LISAH KOMARIYAH', 'P', 'Islam', NULL, NULL, NULL, NULL, NULL, 4, NULL, NULL, NULL, NULL, NULL, NULL, NULL, NULL, '2023-11-29 00:22:58', '2023-11-29 00:22:58'),
(212207224, '0095620316', 'LUTHFI HAFIDZ', 'L', 'Islam', NULL, NULL, NULL, NULL, NULL, 2, NULL, NULL, NULL, NULL, NULL, NULL, NULL, NULL, '2023-11-29 00:22:58', '2023-11-29 00:22:58'),
(212207225, '0094277755', 'LUTVIA PURNAMANINGRUM', 'P', 'Islam', NULL, NULL, NULL, NULL, NULL, 5, NULL, NULL, NULL, NULL, NULL, NULL, NULL, NULL, '2023-11-29 00:22:58', '2023-11-29 00:22:58'),
(212207226, '0084578588', 'M. AGIL YUSRO', 'L', 'Islam', NULL, NULL, NULL, NULL, NULL, 3, NULL, NULL, NULL, NULL, NULL, NULL, NULL, NULL, '2023-11-29 00:22:58', '2023-11-29 00:22:58'),
(212207227, '0097736478', 'M. ZAKY AL- BAQI', 'L', 'Islam', NULL, NULL, NULL, NULL, NULL, 4, NULL, NULL, NULL, NULL, NULL, NULL, NULL, NULL, '2023-11-29 00:22:58', '2023-11-29 00:22:58'),
(212207228, '0097868679', 'M.ADITYA PRATAMA', 'L', 'Islam', NULL, NULL, NULL, NULL, NULL, 8, NULL, NULL, NULL, NULL, NULL, NULL, NULL, NULL, '2023-11-29 00:22:58', '2023-11-29 00:22:58'),
(212207229, '0088841953', 'M.FAIZ FADILLAH', 'L', 'Islam', NULL, NULL, NULL, NULL, NULL, 6, NULL, NULL, NULL, NULL, NULL, NULL, NULL, NULL, '2023-11-29 00:22:58', '2023-11-29 00:22:58'),
(212207230, '0099388389', 'M.HAFIZD NUR ISNAN ALLBAR', 'L', 'Islam', NULL, NULL, NULL, NULL, NULL, 7, NULL, NULL, NULL, NULL, NULL, NULL, NULL, NULL, '2023-11-29 00:22:58', '2023-11-29 00:22:58'),
(212207231, '0087471486', 'M.PAHRI MAULANA SAMUDRA', 'L', 'Islam', NULL, NULL, NULL, NULL, NULL, 13, NULL, NULL, NULL, NULL, NULL, NULL, NULL, NULL, '2023-11-29 00:22:59', '2023-11-29 00:22:59'),
(212207232, '0083887636', 'M.RIDHO FAIZAN', 'L', 'Islam', NULL, NULL, NULL, NULL, NULL, 8, NULL, NULL, NULL, NULL, NULL, NULL, NULL, NULL, '2023-11-29 00:22:58', '2023-11-29 00:22:58'),
(212207233, '0093638180', 'M.ROBI MAULANA', 'L', 'Islam', NULL, NULL, NULL, NULL, NULL, 9, NULL, NULL, NULL, NULL, NULL, NULL, NULL, NULL, '2023-11-29 00:22:58', '2023-11-29 00:22:58'),
(212207234, '0094231092', 'M.RUSLAN SAPUTRA', 'L', 'Islam', NULL, NULL, NULL, NULL, NULL, 10, NULL, NULL, NULL, NULL, NULL, NULL, NULL, NULL, '2023-11-29 00:22:58', '2023-11-29 00:22:58'),
(212207235, '3093390090', 'MAMLUATUL INAYAH', 'P', 'Islam', NULL, NULL, NULL, NULL, NULL, 6, NULL, NULL, NULL, NULL, NULL, NULL, NULL, NULL, '2023-11-29 00:22:58', '2023-11-29 00:22:58'),
(212207236, '0087471486', 'MARTISA ISNAYA PUTRI', 'P', 'Islam', NULL, NULL, NULL, NULL, NULL, 7, NULL, NULL, NULL, NULL, NULL, NULL, NULL, NULL, '2023-11-29 00:22:58', '2023-11-29 00:22:58'),
(212207237, '0095487276', 'MARULOH', 'L', 'Islam', NULL, NULL, NULL, NULL, NULL, 11, NULL, NULL, NULL, NULL, NULL, NULL, NULL, NULL, '2023-11-29 00:22:59', '2023-11-29 00:22:59'),
(212207238, '0095700596', 'MARWAH OKTAVIANI', 'P', 'Islam', NULL, NULL, NULL, NULL, NULL, 8, NULL, NULL, NULL, NULL, NULL, NULL, NULL, NULL, '2023-11-29 00:22:58', '2023-11-29 00:22:58'),
(212207239, '0094868857', 'MAULIDA RIZKILLAH', 'L', 'Islam', NULL, NULL, NULL, NULL, NULL, 1, NULL, NULL, NULL, NULL, NULL, NULL, NULL, NULL, '2023-11-29 00:22:58', '2023-11-29 00:22:58'),
(212207240, '0097976812', 'MAYA MARYANIH', 'P', 'Islam', NULL, NULL, NULL, NULL, NULL, 9, NULL, NULL, NULL, NULL, NULL, NULL, NULL, NULL, '2023-11-29 00:22:58', '2023-11-29 00:22:58'),
(212207241, '8200001942', 'MELA APRIYANI', 'P', 'Islam', NULL, NULL, NULL, NULL, NULL, 10, NULL, NULL, NULL, NULL, NULL, NULL, NULL, NULL, '2023-11-29 00:22:58', '2023-11-29 00:22:58'),
(212207242, '0085303061', 'MEUTIAH YUSUF', 'P', 'Islam', NULL, NULL, NULL, NULL, NULL, 11, NULL, NULL, NULL, NULL, NULL, NULL, NULL, NULL, '2023-11-29 00:22:59', '2023-11-29 00:22:59'),
(212207243, '8200003817', 'MEYSYA DINDA LESTARI', 'P', 'Islam', NULL, NULL, NULL, NULL, NULL, 1, NULL, NULL, NULL, NULL, NULL, NULL, NULL, NULL, '2023-11-29 00:22:58', '2023-11-29 00:22:58'),
(212207244, '0097752765', 'MITA LUTPIATUN NISAH', 'P', 'Islam', NULL, NULL, NULL, NULL, NULL, 2, NULL, NULL, NULL, NULL, NULL, NULL, NULL, NULL, '2023-11-29 00:22:58', '2023-11-29 00:22:58'),
(212207245, '0087043344', 'MOCHAMAD REHAN FERDIYAN', 'L', 'Islam', NULL, NULL, NULL, NULL, NULL, 2, NULL, NULL, NULL, NULL, NULL, NULL, NULL, NULL, '2023-11-29 00:22:58', '2023-11-29 00:22:58'),
(212207246, '0093801897', 'MOHAMMAD ANWAR BAGUS PRATAMA', 'L', 'Islam', NULL, NULL, NULL, NULL, NULL, 1, NULL, NULL, NULL, NULL, NULL, NULL, NULL, NULL, '2023-11-29 00:22:58', '2023-11-29 00:22:58'),
(212207247, '0081076160', 'MOHAMMAD KAHFI AL-FAQIH', 'L', 'Islam', NULL, NULL, NULL, NULL, NULL, 4, NULL, NULL, NULL, NULL, NULL, NULL, NULL, NULL, '2023-11-29 00:22:58', '2023-11-29 00:22:58'),
(212207248, '8200002058', 'MUHAMAD ALBAR ADITYA', 'L', 'Islam', NULL, NULL, NULL, NULL, NULL, 1, NULL, NULL, NULL, NULL, NULL, NULL, NULL, NULL, '2023-11-29 00:22:58', '2023-11-29 00:22:58'),
(212207249, '0092500795', 'MUHAMAD ALFARIZI', 'L', 'Islam', NULL, NULL, NULL, NULL, NULL, 6, NULL, NULL, NULL, NULL, NULL, NULL, NULL, NULL, '2023-11-29 00:22:58', '2023-11-29 00:22:58'),
(212207250, '0099405195', 'MUHAMAD ANDIKA', 'L', 'Islam', NULL, NULL, NULL, NULL, NULL, 7, NULL, NULL, NULL, NULL, NULL, NULL, NULL, NULL, '2023-11-29 00:22:58', '2023-11-29 00:22:58'),
(212207251, '0096010729', 'MUHAMAD ARDIANSYAH', 'P', 'Islam', NULL, NULL, NULL, NULL, NULL, 3, NULL, NULL, NULL, NULL, NULL, NULL, NULL, NULL, '2023-11-29 00:22:58', '2023-11-29 00:22:58'),
(212207252, '0097788866', 'MUHAMAD BAGAS PRATAMA', 'L', 'Islam', NULL, NULL, NULL, NULL, NULL, 5, NULL, NULL, NULL, NULL, NULL, NULL, NULL, NULL, '2023-11-29 00:22:58', '2023-11-29 00:22:58'),
(212207253, '0089237147', 'MUHAMAD FADIL SAPUTRA', 'L', 'Islam', NULL, NULL, NULL, NULL, NULL, 9, NULL, NULL, NULL, NULL, NULL, NULL, NULL, NULL, '2023-11-29 00:22:58', '2023-11-29 00:22:58'),
(212207254, '0084026936', 'MUHAMAD FAJAR RIZKI DANU', 'L', 'Islam', NULL, NULL, NULL, NULL, NULL, 10, NULL, NULL, NULL, NULL, NULL, NULL, NULL, NULL, '2023-11-29 00:22:58', '2023-11-29 00:22:58'),
(212207255, '0081549192', 'MUHAMAD FASYA RAMADHAN', 'L', 'Islam', NULL, NULL, NULL, NULL, NULL, 11, NULL, NULL, NULL, NULL, NULL, NULL, NULL, NULL, '2023-11-29 00:22:59', '2023-11-29 00:22:59'),
(212207256, '0087810712', 'MUHAMAD FIKRI QITRUDDUROL', 'L', 'Islam', NULL, NULL, NULL, NULL, NULL, 1, NULL, NULL, NULL, NULL, NULL, NULL, NULL, NULL, '2023-11-29 00:22:58', '2023-11-29 00:22:58'),
(212207257, '0097455485', 'MUHAMAD IQRAR AGUSTIRA', 'L', 'Islam', NULL, NULL, NULL, NULL, NULL, 2, NULL, NULL, NULL, NULL, NULL, NULL, NULL, NULL, '2023-11-29 00:22:58', '2023-11-29 00:22:58'),
(212207259, '0089052722', 'MUHAMAD MAULADAN', 'L', 'Islam', NULL, NULL, NULL, NULL, NULL, 3, NULL, NULL, NULL, NULL, NULL, NULL, NULL, NULL, '2023-11-29 00:22:58', '2023-11-29 00:22:58'),
(212207260, '3096397856', 'MUHAMAD RAIFAN', 'L', 'Islam', NULL, NULL, NULL, NULL, NULL, 4, NULL, NULL, NULL, NULL, NULL, NULL, NULL, NULL, '2023-11-29 00:22:58', '2023-11-29 00:22:58'),
(212207261, '0096118805', 'MUHAMAD RIZKI SAPUTRA', 'L', 'Islam', NULL, NULL, NULL, NULL, NULL, 5, NULL, NULL, NULL, NULL, NULL, NULL, NULL, NULL, '2023-11-29 00:22:58', '2023-11-29 00:22:58'),
(212207262, '0097933936', 'MUHAMAD RIZKY FADILAH', 'L', 'Islam', NULL, NULL, NULL, NULL, NULL, 6, NULL, NULL, NULL, NULL, NULL, NULL, NULL, NULL, '2023-11-29 00:22:58', '2023-11-29 00:22:58'),
(212207263, '0098809329', 'MUHAMAD RIZKY RAMADHAN', 'L', 'Islam', NULL, NULL, NULL, NULL, NULL, 7, NULL, NULL, NULL, NULL, NULL, NULL, NULL, NULL, '2023-11-29 00:22:58', '2023-11-29 00:22:58'),
(212207264, '0095988994', 'MUHAMAD SATRIA WI AKBAR', 'L', 'Islam', NULL, NULL, NULL, NULL, NULL, 8, NULL, NULL, NULL, NULL, NULL, NULL, NULL, NULL, '2023-11-29 00:22:58', '2023-11-29 00:22:58'),
(212207265, '0088978883', 'MUHAMAD SUNARDI', 'L', 'Islam', NULL, NULL, NULL, NULL, NULL, 9, NULL, NULL, NULL, NULL, NULL, NULL, NULL, NULL, '2023-11-29 00:22:58', '2023-11-29 00:22:58'),
(212207266, '8200001761', 'MUHAMAD SYAHPUTRA', 'L', 'Islam', NULL, NULL, NULL, NULL, NULL, 10, NULL, NULL, NULL, NULL, NULL, NULL, NULL, NULL, '2023-11-29 00:22:58', '2023-11-29 00:22:58'),
(212207267, '8200002203', 'MUHAMMAD AFLAH FERNANDO', 'L', 'Islam', NULL, NULL, NULL, NULL, NULL, 11, NULL, NULL, NULL, NULL, NULL, NULL, NULL, NULL, '2023-11-29 00:22:59', '2023-11-29 00:22:59'),
(212207269, '0096609030', 'MUHAMMAD AUFA KHAMIEL', 'L', 'Islam', NULL, NULL, NULL, NULL, NULL, 3, NULL, NULL, NULL, NULL, NULL, NULL, NULL, NULL, '2023-11-29 00:22:58', '2023-11-29 00:22:58');
INSERT INTO `siswas` (`id`, `nisn`, `nama_siswa`, `jk`, `agama`, `telp`, `tmp_lahir`, `tgl_lahir`, `alamat`, `foto`, `rombel_id`, `bapak`, `ibu`, `pbapak`, `pibu`, `alamat_ortu`, `wali`, `pwali`, `alamat_wali`, `created_at`, `updated_at`) VALUES
(212207270, '0098197413', 'MUHAMMAD DZIKRI FADILAH', 'L', 'Islam', NULL, NULL, NULL, NULL, NULL, 3, NULL, NULL, NULL, NULL, NULL, NULL, NULL, NULL, '2023-11-29 00:22:58', '2023-11-29 00:22:58'),
(212207271, '0093585749', 'MUHAMMAD FAHRIZAH', 'L', 'Islam', NULL, NULL, NULL, NULL, NULL, 3, NULL, NULL, NULL, NULL, NULL, NULL, NULL, NULL, '2023-11-29 00:22:58', '2023-11-29 00:22:58'),
(212207272, '0095841107', 'MUHAMMAD FAHRY', 'L', 'Islam', NULL, NULL, NULL, NULL, NULL, 4, NULL, NULL, NULL, NULL, NULL, NULL, NULL, NULL, '2023-11-29 00:22:58', '2023-11-29 00:22:58'),
(212207273, '8200003444', 'MUHAMMAD FAIZ DESTIAN', 'L', 'Islam', NULL, NULL, NULL, NULL, NULL, 5, NULL, NULL, NULL, NULL, NULL, NULL, NULL, NULL, '2023-11-29 00:22:58', '2023-11-29 00:22:58'),
(212207274, '0096563287', 'MUHAMMAD FAJAR', 'L', 'Islam', NULL, NULL, NULL, NULL, NULL, 6, NULL, NULL, NULL, NULL, NULL, NULL, NULL, NULL, '2023-11-29 00:22:58', '2023-11-29 00:22:58'),
(212207275, '8200002563', 'MUHAMMAD FAKHRI WAHYU SAPUTRA', 'L', 'Islam', NULL, NULL, NULL, NULL, NULL, 7, NULL, NULL, NULL, NULL, NULL, NULL, NULL, NULL, '2023-11-29 00:22:58', '2023-11-29 00:22:58'),
(212207276, '0096137393', 'MUHAMMAD FATHAN IBRAHIM', 'L', 'Islam', NULL, NULL, NULL, NULL, NULL, 8, NULL, NULL, NULL, NULL, NULL, NULL, NULL, NULL, '2023-11-29 00:22:58', '2023-11-29 00:22:58'),
(212207277, '0089749938', 'MUHAMMAD FAUZAN', 'L', 'Islam', NULL, NULL, NULL, NULL, NULL, 9, NULL, NULL, NULL, NULL, NULL, NULL, NULL, NULL, '2023-11-29 00:22:58', '2023-11-29 00:22:58'),
(212207278, '995660837', 'MUHAMMAD FAZRIAL', 'L', 'Islam', NULL, NULL, NULL, NULL, NULL, 10, NULL, NULL, NULL, NULL, NULL, NULL, NULL, NULL, '2023-11-29 00:22:58', '2023-11-29 00:22:58'),
(212207279, '0091393827', 'MUHAMMAD FEBRYAN FATHURRAYHAN', 'L', 'Islam', NULL, NULL, NULL, NULL, NULL, 11, NULL, NULL, NULL, NULL, NULL, NULL, NULL, NULL, '2023-11-29 00:22:59', '2023-11-29 00:22:59'),
(212207280, '0098824646', 'MUHAMMAD GAZA WALDAN ISMAIL', 'L', 'Islam', NULL, NULL, NULL, NULL, NULL, 1, NULL, NULL, NULL, NULL, NULL, NULL, NULL, NULL, '2023-11-29 00:22:58', '2023-11-29 00:22:58'),
(212207281, '8200003505', 'MUHAMMAD IHSAN PRATAMA', 'L', 'Islam', NULL, NULL, NULL, NULL, NULL, 2, NULL, NULL, NULL, NULL, NULL, NULL, NULL, NULL, '2023-11-29 00:22:58', '2023-11-29 00:22:58'),
(212207282, '0094440509', 'MUHAMMAD IHSAN TAMAM', 'L', 'Islam', NULL, NULL, NULL, NULL, NULL, 10, NULL, NULL, NULL, NULL, NULL, NULL, NULL, NULL, '2023-11-29 00:22:58', '2023-11-29 00:22:58'),
(212207283, '0083789357', 'MUHAMMAD MARDIAN', 'L', 'Islam', NULL, NULL, NULL, NULL, NULL, 5, NULL, NULL, NULL, NULL, NULL, NULL, NULL, NULL, '2023-11-29 00:22:58', '2023-11-29 00:22:58'),
(212207284, '0094221260', 'MUHAMMAD PANJI PAMUNGKAS', 'L', 'Islam', NULL, NULL, NULL, NULL, NULL, 6, NULL, NULL, NULL, NULL, NULL, NULL, NULL, NULL, '2023-11-29 00:22:58', '2023-11-29 00:22:58'),
(212207285, '0093347646', 'MUHAMMAD RAFFI', 'L', 'Islam', NULL, NULL, NULL, NULL, NULL, 7, NULL, NULL, NULL, NULL, NULL, NULL, NULL, NULL, '2023-11-29 00:22:58', '2023-11-29 00:22:58'),
(212207286, '0093063101', 'MUHAMMAD RENDY ALFARIDZY', 'L', 'Islam', NULL, NULL, NULL, NULL, NULL, 9, NULL, NULL, NULL, NULL, NULL, NULL, NULL, NULL, '2023-11-29 00:22:58', '2023-11-29 00:22:58'),
(212207287, '0091809082', 'MUHAMMAD RESTU PRAYOGA', 'L', 'Islam', NULL, NULL, NULL, NULL, NULL, 10, NULL, NULL, NULL, NULL, NULL, NULL, NULL, NULL, '2023-11-29 00:22:58', '2023-11-29 00:22:58'),
(212207288, '0093405747', 'MUHAMMAD RIDWAN', 'L', 'Islam', NULL, NULL, NULL, NULL, NULL, 11, NULL, NULL, NULL, NULL, NULL, NULL, NULL, NULL, '2023-11-29 00:22:59', '2023-11-29 00:22:59'),
(212207289, '0088333612', 'MUHAMMAD RIDWAN', 'L', 'Islam', NULL, NULL, NULL, NULL, NULL, 10, NULL, NULL, NULL, NULL, NULL, NULL, NULL, NULL, '2023-11-29 00:22:58', '2023-11-29 00:22:58'),
(212207290, '0084955832', 'MUHAMMAD RIVALINO', 'L', 'Islam', NULL, NULL, NULL, NULL, NULL, 2, NULL, NULL, NULL, NULL, NULL, NULL, NULL, NULL, '2023-11-29 00:22:58', '2023-11-29 00:22:58'),
(212207291, '8200000859', 'MUHAMMAD RIZKY SHOLEHUDIN', 'L', 'Islam', NULL, NULL, NULL, NULL, NULL, 3, NULL, NULL, NULL, NULL, NULL, NULL, NULL, NULL, '2023-11-29 00:22:58', '2023-11-29 00:22:58'),
(212207292, '0093385896', 'MUHAMMAD ZAENAL ALFAHRI', 'L', 'Islam', NULL, NULL, NULL, NULL, NULL, 5, NULL, NULL, NULL, NULL, NULL, NULL, NULL, NULL, '2023-11-29 00:22:58', '2023-11-29 00:22:58'),
(212207294, '0091708025', 'MUKTI FAJAR RIYADHI', 'L', 'Islam', NULL, NULL, NULL, NULL, NULL, 6, NULL, NULL, NULL, NULL, NULL, NULL, NULL, NULL, '2023-11-29 00:22:58', '2023-11-29 00:22:58'),
(212207295, '0092397736', 'MUSLIMAH', 'P', 'Islam', NULL, NULL, NULL, NULL, NULL, 4, NULL, NULL, NULL, NULL, NULL, NULL, NULL, NULL, '2023-11-29 00:22:58', '2023-11-29 00:22:58'),
(212207296, '3082336306', 'MUTHIA KHAIRUNNISA', 'P', 'Islam', NULL, NULL, NULL, NULL, NULL, 5, NULL, NULL, NULL, NULL, NULL, NULL, NULL, NULL, '2023-11-29 00:22:58', '2023-11-29 00:22:58'),
(212207297, '0093007072', 'MUTIAH NURPADILAH', 'P', 'Islam', NULL, NULL, NULL, NULL, NULL, 6, NULL, NULL, NULL, NULL, NULL, NULL, NULL, NULL, '2023-11-29 00:22:58', '2023-11-29 00:22:58'),
(212207298, '8200001184', 'MUTMAINAH TUJIDNI', 'P', 'Islam', NULL, NULL, NULL, NULL, NULL, 7, NULL, NULL, NULL, NULL, NULL, NULL, NULL, NULL, '2023-11-29 00:22:58', '2023-11-29 00:22:58'),
(212207299, '0075939552', 'NABIL', 'L', 'Islam', NULL, NULL, NULL, NULL, NULL, 18, NULL, NULL, NULL, NULL, NULL, NULL, NULL, NULL, '2023-11-29 00:22:59', '2023-11-29 00:22:59'),
(212207300, '0097527655', 'NABILA PUTRI AISA', 'P', 'Islam', NULL, NULL, NULL, NULL, NULL, 8, NULL, NULL, NULL, NULL, NULL, NULL, NULL, NULL, '2023-11-29 00:22:58', '2023-11-29 00:22:58'),
(212207301, '0091020862', 'NADINE AULIA ZAHRA AL-KAFF', 'P', 'Islam', NULL, NULL, NULL, NULL, NULL, 9, NULL, NULL, NULL, NULL, NULL, NULL, NULL, NULL, '2023-11-29 00:22:58', '2023-11-29 00:22:58'),
(212207303, '0091736540', 'NADINE MAHESWARI', 'P', 'Islam', NULL, NULL, NULL, NULL, NULL, 10, NULL, NULL, NULL, NULL, NULL, NULL, NULL, NULL, '2023-11-29 00:22:58', '2023-11-29 00:22:58'),
(212207304, '0096183522', 'NADYA MONALISA', 'P', 'Protestan', NULL, NULL, NULL, NULL, NULL, 11, NULL, NULL, NULL, NULL, NULL, NULL, NULL, NULL, '2023-11-29 00:22:59', '2023-11-29 00:22:59'),
(212207305, '8200002003', 'NAJWA BILBINA', 'P', 'Islam', NULL, NULL, NULL, NULL, NULL, 1, NULL, NULL, NULL, NULL, NULL, NULL, NULL, NULL, '2023-11-29 00:22:58', '2023-11-29 00:22:58'),
(212207306, '0085105229', 'NAOMY JUDITH AULIA SYDNEY', 'P', 'Islam', NULL, NULL, NULL, NULL, NULL, 2, NULL, NULL, NULL, NULL, NULL, NULL, NULL, NULL, '2023-11-29 00:22:58', '2023-11-29 00:22:58'),
(212207307, '0094408139', 'NAVIZATUL AUDI', 'P', 'Islam', NULL, NULL, NULL, NULL, NULL, 3, NULL, NULL, NULL, NULL, NULL, NULL, NULL, NULL, '2023-11-29 00:22:58', '2023-11-29 00:22:58'),
(212207308, '0088365555', 'NAYLA ALIFIA RIZKY', 'P', 'Islam', NULL, NULL, NULL, NULL, NULL, 4, NULL, NULL, NULL, NULL, NULL, NULL, NULL, NULL, '2023-11-29 00:22:58', '2023-11-29 00:22:58'),
(212207309, '0098708021', 'NAYLA AZZAHRA', 'P', 'Islam', NULL, NULL, NULL, NULL, NULL, 5, NULL, NULL, NULL, NULL, NULL, NULL, NULL, NULL, '2023-11-29 00:22:58', '2023-11-29 00:22:58'),
(212207310, '0091355937', 'NAZWA LISTIANI', 'P', 'Islam', NULL, NULL, NULL, NULL, NULL, 6, NULL, NULL, NULL, NULL, NULL, NULL, NULL, NULL, '2023-11-29 00:22:58', '2023-11-29 00:22:58'),
(212207311, '0094614069', 'NAZZIA OVI LUVIANA', 'P', 'Islam', NULL, NULL, NULL, NULL, NULL, 7, NULL, NULL, NULL, NULL, NULL, NULL, NULL, NULL, '2023-11-29 00:22:58', '2023-11-29 00:22:58'),
(212207312, '0096926228', 'NINDA ARYANIH', 'P', 'Islam', NULL, NULL, NULL, NULL, NULL, 8, NULL, NULL, NULL, NULL, NULL, NULL, NULL, NULL, '2023-11-29 00:22:58', '2023-11-29 00:22:58'),
(212207313, '0098332407', 'NINGRUM', 'P', 'Islam', NULL, NULL, NULL, NULL, NULL, 9, NULL, NULL, NULL, NULL, NULL, NULL, NULL, NULL, '2023-11-29 00:22:58', '2023-11-29 00:22:58'),
(212207314, '0097723329', 'NOVA CATUR PAMUNGKAS', 'L', 'Islam', NULL, NULL, NULL, NULL, NULL, 7, NULL, NULL, NULL, NULL, NULL, NULL, NULL, NULL, '2023-11-29 00:22:58', '2023-11-29 00:22:58'),
(212207315, '0084650704', 'NOVITA ERMAYANTI', 'P', 'Islam', NULL, NULL, NULL, NULL, NULL, 10, NULL, NULL, NULL, NULL, NULL, NULL, NULL, NULL, '2023-11-29 00:22:58', '2023-11-29 00:22:58'),
(212207316, '3096109984', 'NUR FADHIA ZAHRA', 'P', 'Islam', NULL, NULL, NULL, NULL, NULL, 1, NULL, NULL, NULL, NULL, NULL, NULL, NULL, NULL, '2023-11-29 00:22:58', '2023-11-29 00:22:58'),
(212207317, NULL, 'NUR FAHRI RULIANTO', 'L', 'Islam', NULL, NULL, NULL, NULL, NULL, 21, NULL, NULL, NULL, NULL, NULL, NULL, NULL, NULL, '2023-11-29 00:23:00', '2023-11-29 00:23:00'),
(212207318, '0072219967', 'NUR ROHMANIH', 'P', 'Islam', NULL, NULL, NULL, NULL, NULL, 2, NULL, NULL, NULL, NULL, NULL, NULL, NULL, NULL, '2023-11-29 00:22:58', '2023-11-29 00:22:58'),
(212207319, '0094376410', 'NURDINI ADELIA PUTRI', 'P', 'Islam', NULL, NULL, NULL, NULL, NULL, 3, NULL, NULL, NULL, NULL, NULL, NULL, NULL, NULL, '2023-11-29 00:22:58', '2023-11-29 00:22:58'),
(212207320, '0083345830', 'NURDZIKRA RAHMA NAYLA', 'P', 'Islam', NULL, NULL, NULL, NULL, NULL, 4, NULL, NULL, NULL, NULL, NULL, NULL, NULL, NULL, '2023-11-29 00:22:58', '2023-11-29 00:22:58'),
(212207321, '0096655487', 'NURHANIKEN SABRINA PUTRI', 'P', 'Islam', NULL, NULL, NULL, NULL, NULL, 5, NULL, NULL, NULL, NULL, NULL, NULL, NULL, NULL, '2023-11-29 00:22:58', '2023-11-29 00:22:58'),
(212207322, '0099052906', 'NURIL FAIDAH RAMADHANI', 'P', 'Islam', NULL, NULL, NULL, NULL, NULL, 6, NULL, NULL, NULL, NULL, NULL, NULL, NULL, NULL, '2023-11-29 00:22:58', '2023-11-29 00:22:58'),
(212207324, '0081911822', 'NURSYIFA', 'P', 'Islam', NULL, NULL, NULL, NULL, NULL, 7, NULL, NULL, NULL, NULL, NULL, NULL, NULL, NULL, '2023-11-29 00:22:58', '2023-11-29 00:22:58'),
(212207325, '0094421486', 'NURUL TADALIFAH', 'P', 'Islam', NULL, NULL, NULL, NULL, NULL, 8, NULL, NULL, NULL, NULL, NULL, NULL, NULL, NULL, '2023-11-29 00:22:58', '2023-11-29 00:22:58'),
(212207326, '8200000114', 'OLIVIA ABRIELLE DIVANA', 'P', 'Islam', NULL, NULL, NULL, NULL, NULL, 9, NULL, NULL, NULL, NULL, NULL, NULL, NULL, NULL, '2023-11-29 00:22:58', '2023-11-29 00:22:58'),
(212207327, '0092108117', 'PADLIKAL KHOIR', 'L', 'Islam', NULL, NULL, NULL, NULL, NULL, 8, NULL, NULL, NULL, NULL, NULL, NULL, NULL, NULL, '2023-11-29 00:22:58', '2023-11-29 00:22:58'),
(212207328, '0093452465', 'PEBRIAN SAHAT VALENTINO HUTAGALUNG', 'L', 'Protestan', NULL, NULL, NULL, NULL, NULL, 9, NULL, NULL, NULL, NULL, NULL, NULL, NULL, NULL, '2023-11-29 00:22:58', '2023-11-29 00:22:58'),
(212207329, '0087676751', 'PERDIANSYAH', 'L', 'Islam', NULL, NULL, NULL, NULL, NULL, 11, NULL, NULL, NULL, NULL, NULL, NULL, NULL, NULL, '2023-11-29 00:22:59', '2023-11-29 00:22:59'),
(212207330, '0091462013', 'PITRI DAMAI WULAN', 'P', 'Islam', NULL, NULL, NULL, NULL, NULL, 10, NULL, NULL, NULL, NULL, NULL, NULL, NULL, NULL, '2023-11-29 00:22:58', '2023-11-29 00:22:58'),
(212207331, '0092584080', 'PUSPITA SARI', 'P', 'Islam', NULL, NULL, NULL, NULL, NULL, 1, NULL, NULL, NULL, NULL, NULL, NULL, NULL, NULL, '2023-11-29 00:22:58', '2023-11-29 00:22:58'),
(212207332, '0095304023', 'PUTRI GALUH ASSYIFA RAHMAN', 'P', 'Islam', NULL, NULL, NULL, NULL, NULL, 2, NULL, NULL, NULL, NULL, NULL, NULL, NULL, NULL, '2023-11-29 00:22:58', '2023-11-29 00:22:58'),
(212207333, '0095458514', 'PUTRI LESTARI', 'P', 'Islam', NULL, NULL, NULL, NULL, NULL, 11, NULL, NULL, NULL, NULL, NULL, NULL, NULL, NULL, '2023-11-29 00:22:59', '2023-11-29 00:22:59'),
(212207334, '0092881103', 'RACHMA ISNAINI GWIN SURYANI PUTRI', 'P', 'Islam', NULL, NULL, NULL, NULL, NULL, 4, NULL, NULL, NULL, NULL, NULL, NULL, NULL, NULL, '2023-11-29 00:22:58', '2023-11-29 00:22:58'),
(212207336, '0087857453', 'RADI FRANS SATRIA', 'L', 'Islam', NULL, NULL, NULL, NULL, NULL, 11, NULL, NULL, NULL, NULL, NULL, NULL, NULL, NULL, '2023-11-29 00:22:59', '2023-11-29 00:22:59'),
(212207337, '8200001025', 'RADIT PRATAMA KURNIAWAN', 'L', 'Islam', NULL, NULL, NULL, NULL, NULL, 1, NULL, NULL, NULL, NULL, NULL, NULL, NULL, NULL, '2023-11-29 00:22:58', '2023-11-29 00:22:58'),
(212207338, '8200001714', 'RADITYA PRATAMA', 'L', 'Islam', NULL, NULL, NULL, NULL, NULL, 2, NULL, NULL, NULL, NULL, NULL, NULL, NULL, NULL, '2023-11-29 00:22:58', '2023-11-29 00:22:58'),
(212207340, '0083244956', 'RAGIL AL HASAN', 'L', 'Islam', NULL, NULL, NULL, NULL, NULL, 4, NULL, NULL, NULL, NULL, NULL, NULL, NULL, NULL, '2023-11-29 00:22:58', '2023-11-29 00:22:58'),
(212207341, '0089214399', 'RAHMAT DONI', 'L', 'Islam', NULL, NULL, NULL, NULL, NULL, 5, NULL, NULL, NULL, NULL, NULL, NULL, NULL, NULL, '2023-11-29 00:22:58', '2023-11-29 00:22:58'),
(212207342, '0095562331', 'RAHMAWATI', 'P', 'Islam', NULL, NULL, NULL, NULL, NULL, 5, NULL, NULL, NULL, NULL, NULL, NULL, NULL, NULL, '2023-11-29 00:22:58', '2023-11-29 00:22:58'),
(212207343, '0089900969', 'RAISSA FARAH AZALIA', 'P', 'Islam', NULL, NULL, NULL, NULL, NULL, 10, NULL, NULL, NULL, NULL, NULL, NULL, NULL, NULL, '2023-11-29 00:22:58', '2023-11-29 00:22:58'),
(212207344, '0087209585', 'RAKA', 'L', 'Islam', NULL, NULL, NULL, NULL, NULL, 6, NULL, NULL, NULL, NULL, NULL, NULL, NULL, NULL, '2023-11-29 00:22:58', '2023-11-29 00:22:58'),
(212207345, '0095881244', 'RAKA SAPUTRA', 'L', 'Islam', NULL, NULL, NULL, NULL, NULL, 7, NULL, NULL, NULL, NULL, NULL, NULL, NULL, NULL, '2023-11-29 00:22:58', '2023-11-29 00:22:58'),
(212207346, NULL, 'RAKHA KEANDRE ADIEKUMARA', 'L', 'Islam', NULL, NULL, NULL, NULL, NULL, 8, NULL, NULL, NULL, NULL, NULL, NULL, NULL, NULL, '2023-11-29 00:22:58', '2023-11-29 00:22:58'),
(212207347, '0089428207', 'RAMADONI', 'L', 'Islam', NULL, NULL, NULL, NULL, NULL, 9, NULL, NULL, NULL, NULL, NULL, NULL, NULL, NULL, '2023-11-29 00:22:58', '2023-11-29 00:22:58'),
(212207349, '0086263921', 'RANGGA BAYU SAMUDRA', 'L', 'Islam', NULL, NULL, NULL, NULL, NULL, 10, NULL, NULL, NULL, NULL, NULL, NULL, NULL, NULL, '2023-11-29 00:22:58', '2023-11-29 00:22:58'),
(212207350, '0095807051', 'RASEL AGUSTIAR', 'L', 'Islam', NULL, NULL, NULL, NULL, NULL, 11, NULL, NULL, NULL, NULL, NULL, NULL, NULL, NULL, '2023-11-29 00:22:59', '2023-11-29 00:22:59'),
(212207351, '0089233253', 'RASYA PUTRA SETIAWAN', 'L', 'Islam', NULL, NULL, NULL, NULL, NULL, 1, NULL, NULL, NULL, NULL, NULL, NULL, NULL, NULL, '2023-11-29 00:22:58', '2023-11-29 00:22:58'),
(212207352, NULL, 'RASYA PUTRI TSANIYA', 'P', 'Islam', NULL, NULL, NULL, NULL, NULL, 7, NULL, NULL, NULL, NULL, NULL, NULL, NULL, NULL, '2023-11-29 00:22:58', '2023-11-29 00:22:58'),
(212207353, '0096862915', 'RATU CHOSIYAH APRILIA', 'P', 'Islam', NULL, NULL, NULL, NULL, NULL, 8, NULL, NULL, NULL, NULL, NULL, NULL, NULL, NULL, '2023-11-29 00:22:58', '2023-11-29 00:22:58'),
(212207354, '8200001591', 'RAYHAN SATRIADJI NUGROHO', 'L', 'Islam', NULL, NULL, NULL, NULL, NULL, 2, NULL, NULL, NULL, NULL, NULL, NULL, NULL, NULL, '2023-11-29 00:22:58', '2023-11-29 00:22:58'),
(212207355, '0084513507', 'REA RIZKY AMALIA', 'P', 'Islam', NULL, NULL, NULL, NULL, NULL, 9, NULL, NULL, NULL, NULL, NULL, NULL, NULL, NULL, '2023-11-29 00:22:58', '2023-11-29 00:22:58'),
(212207356, '0098300169', 'REHANA ZUBIR', 'P', 'Islam', NULL, NULL, NULL, NULL, NULL, 10, NULL, NULL, NULL, NULL, NULL, NULL, NULL, NULL, '2023-11-29 00:22:58', '2023-11-29 00:22:58'),
(212207357, '0083293712', 'RENI RAMADHANI', 'P', 'Islam', NULL, NULL, NULL, NULL, NULL, 11, NULL, NULL, NULL, NULL, NULL, NULL, NULL, NULL, '2023-11-29 00:22:59', '2023-11-29 00:22:59'),
(212207358, '0091361907', 'RENO ERLANGGA PUTRA', 'L', 'Islam', NULL, NULL, NULL, NULL, NULL, 3, NULL, NULL, NULL, NULL, NULL, NULL, NULL, NULL, '2023-11-29 00:22:58', '2023-11-29 00:22:58'),
(212207359, '0093179187', 'RESTA NURAINI', 'P', 'Islam', NULL, NULL, NULL, NULL, NULL, 1, NULL, NULL, NULL, NULL, NULL, NULL, NULL, NULL, '2023-11-29 00:22:58', '2023-11-29 00:22:58'),
(212207360, '0088021700', 'RESTU NANDA', 'L', 'Islam', NULL, NULL, NULL, NULL, NULL, 4, NULL, NULL, NULL, NULL, NULL, NULL, NULL, NULL, '2023-11-29 00:22:58', '2023-11-29 00:22:58'),
(212207362, '8200002414', 'REY FANZA SAFARAZ', 'L', 'Islam', NULL, NULL, NULL, NULL, NULL, 5, NULL, NULL, NULL, NULL, NULL, NULL, NULL, NULL, '2023-11-29 00:22:58', '2023-11-29 00:22:58'),
(212207363, '8200001938', 'REYHAN PRATAMA PUTRA GUNTORO', 'L', 'Islam', NULL, NULL, NULL, NULL, NULL, 6, NULL, NULL, NULL, NULL, NULL, NULL, NULL, NULL, '2023-11-29 00:22:58', '2023-11-29 00:22:58'),
(212207364, '0093791572', 'REZKY ADITIA', 'L', 'Islam', NULL, NULL, NULL, NULL, NULL, 7, NULL, NULL, NULL, NULL, NULL, NULL, NULL, NULL, '2023-11-29 00:22:58', '2023-11-29 00:22:58'),
(212207365, '0082629916', 'REZKY IBRAHIM', 'L', 'Islam', NULL, NULL, NULL, NULL, NULL, 8, NULL, NULL, NULL, NULL, NULL, NULL, NULL, NULL, '2023-11-29 00:22:58', '2023-11-29 00:22:58'),
(212207366, '0097355414', 'REZKY TULUS MARTUA BAKO', 'L', 'Islam', NULL, NULL, NULL, NULL, NULL, 9, NULL, NULL, NULL, NULL, NULL, NULL, NULL, NULL, '2023-11-29 00:22:58', '2023-11-29 00:22:58'),
(212207367, '0082384123', 'REZQI PUTRA', 'L', 'Islam', NULL, NULL, NULL, NULL, NULL, 10, NULL, NULL, NULL, NULL, NULL, NULL, NULL, NULL, '2023-11-29 00:22:58', '2023-11-29 00:22:58'),
(212207368, '0098382816', 'REZTA AL-FAIZ', 'L', 'Islam', NULL, NULL, NULL, NULL, NULL, 11, NULL, NULL, NULL, NULL, NULL, NULL, NULL, NULL, '2023-11-29 00:22:59', '2023-11-29 00:22:59'),
(212207369, '8200001094', 'RIAN AHMAD MAKHRUZ', 'L', 'Islam', NULL, NULL, NULL, NULL, NULL, 1, NULL, NULL, NULL, NULL, NULL, NULL, NULL, NULL, '2023-11-29 00:22:58', '2023-11-29 00:22:58'),
(212207370, '3077491892', 'RIDHO', 'L', 'Islam', NULL, NULL, NULL, NULL, NULL, 2, NULL, NULL, NULL, NULL, NULL, NULL, NULL, NULL, '2023-11-29 00:22:58', '2023-11-29 00:22:58'),
(212207371, '0093648768', 'RIDHO RASYA', 'L', 'Islam', NULL, NULL, NULL, NULL, NULL, 3, NULL, NULL, NULL, NULL, NULL, NULL, NULL, NULL, '2023-11-29 00:22:58', '2023-11-29 00:22:58'),
(212207372, '86945156', 'RIFKI SHADIQ RAMADHAN', 'P', 'Islam', NULL, NULL, NULL, NULL, NULL, 2, NULL, NULL, NULL, NULL, NULL, NULL, NULL, NULL, '2023-11-29 00:22:58', '2023-11-29 00:22:58'),
(212207373, '0096546334', 'RIHAADATUL AISYA PUTRI ATHAYA', 'P', 'Islam', NULL, NULL, NULL, NULL, NULL, 3, NULL, NULL, NULL, NULL, NULL, NULL, NULL, NULL, '2023-11-29 00:22:58', '2023-11-29 00:22:58'),
(212207374, '8200004081', 'RISMA LOVELY AGUSTINE', 'P', 'Islam', NULL, NULL, NULL, NULL, NULL, 3, NULL, NULL, NULL, NULL, NULL, NULL, NULL, NULL, '2023-11-29 00:22:58', '2023-11-29 00:22:58'),
(212207375, '0099065904', 'RISYA NUR YAKHSHIFANI', 'P', 'Islam', NULL, NULL, NULL, NULL, NULL, 5, NULL, NULL, NULL, NULL, NULL, NULL, NULL, NULL, '2023-11-29 00:22:58', '2023-11-29 00:22:58'),
(212207376, '0085313694', 'RISZKI HUSEIN NUGRAHA', 'L', 'Islam', NULL, NULL, NULL, NULL, NULL, 4, NULL, NULL, NULL, NULL, NULL, NULL, NULL, NULL, '2023-11-29 00:22:58', '2023-11-29 00:22:58'),
(212207377, '0091776361', 'RIZKI SAPUTRA', 'L', 'Islam', NULL, NULL, NULL, NULL, NULL, 5, NULL, NULL, NULL, NULL, NULL, NULL, NULL, NULL, '2023-11-29 00:22:58', '2023-11-29 00:22:58'),
(212207378, NULL, 'RIZKIYANDA FAREL PRATAMA', 'L', 'Islam', NULL, NULL, NULL, NULL, NULL, 6, NULL, NULL, NULL, NULL, NULL, NULL, NULL, NULL, '2023-11-29 00:22:58', '2023-11-29 00:22:58'),
(212207379, '0092453715', 'RIZKY AKBAR GUMAY', 'L', 'Islam', NULL, NULL, NULL, NULL, NULL, 7, NULL, NULL, NULL, NULL, NULL, NULL, NULL, NULL, '2023-11-29 00:22:58', '2023-11-29 00:22:58'),
(212207380, NULL, 'RIZKY ALVINO WIBOWO', 'L', 'Islam', NULL, NULL, NULL, NULL, NULL, 8, NULL, NULL, NULL, NULL, NULL, NULL, NULL, NULL, '2023-11-29 00:22:58', '2023-11-29 00:22:58'),
(212207381, '0084684729', 'RIZZA ALIFA ALESTIA GHAISSANI', 'P', 'Islam', NULL, NULL, NULL, NULL, NULL, 6, NULL, NULL, NULL, NULL, NULL, NULL, NULL, NULL, '2023-11-29 00:22:58', '2023-11-29 00:22:58'),
(212207382, '0085101364', 'RORO PUTRA', 'L', 'Islam', NULL, NULL, NULL, NULL, NULL, 9, NULL, NULL, NULL, NULL, NULL, NULL, NULL, NULL, '2023-11-29 00:22:58', '2023-11-29 00:22:58'),
(212207383, '0097364637', 'SABRIAN FATHURRAHMAN', 'L', 'Islam', NULL, NULL, NULL, NULL, NULL, 10, NULL, NULL, NULL, NULL, NULL, NULL, NULL, NULL, '2023-11-29 00:22:58', '2023-11-29 00:22:58'),
(212207384, '0083463014', 'SAINAH', 'P', 'Islam', NULL, NULL, NULL, NULL, NULL, 7, NULL, NULL, NULL, NULL, NULL, NULL, NULL, NULL, '2023-11-29 00:22:58', '2023-11-29 00:22:58'),
(212207385, '0083190760', 'SAKINA', 'P', 'Islam', NULL, NULL, NULL, NULL, NULL, 8, NULL, NULL, NULL, NULL, NULL, NULL, NULL, NULL, '2023-11-29 00:22:58', '2023-11-29 00:22:58'),
(212207386, '0098927717', 'SALMAH', 'P', 'Islam', NULL, NULL, NULL, NULL, NULL, 9, NULL, NULL, NULL, NULL, NULL, NULL, NULL, NULL, '2023-11-29 00:22:58', '2023-11-29 00:22:58'),
(212207387, '8200003254', 'SALSA NURAINI', 'P', 'Islam', NULL, NULL, NULL, NULL, NULL, 10, NULL, NULL, NULL, NULL, NULL, NULL, NULL, NULL, '2023-11-29 00:22:58', '2023-11-29 00:22:58'),
(212207388, '009508004', 'SALSABILA ISNAINI', 'P', 'Islam', NULL, NULL, NULL, NULL, NULL, 11, NULL, NULL, NULL, NULL, NULL, NULL, NULL, NULL, '2023-11-29 00:22:59', '2023-11-29 00:22:59'),
(212207389, '8200002977', 'SALSABILA NADHIFA AQILA', 'P', 'Islam', NULL, NULL, NULL, NULL, NULL, 1, NULL, NULL, NULL, NULL, NULL, NULL, NULL, NULL, '2023-11-29 00:22:58', '2023-11-29 00:22:58'),
(212207390, NULL, 'SALSABILA NUR RAHMAH TSALISA', 'P', 'Islam', NULL, NULL, NULL, NULL, NULL, 2, NULL, NULL, NULL, NULL, NULL, NULL, NULL, NULL, '2023-11-29 00:22:58', '2023-11-29 00:22:58'),
(212207391, '0098747344', 'SALWA FEBRIANI', 'P', 'Islam', NULL, NULL, NULL, NULL, NULL, 3, NULL, NULL, NULL, NULL, NULL, NULL, NULL, NULL, '2023-11-29 00:22:58', '2023-11-29 00:22:58'),
(212207392, '8200001187', 'SASKIA NURAINI', 'P', 'Islam', NULL, NULL, NULL, NULL, NULL, 9, NULL, NULL, NULL, NULL, NULL, NULL, NULL, NULL, '2023-11-29 00:22:58', '2023-11-29 00:22:58'),
(212207393, '0081347402', 'SATRIA', 'L', 'Islam', NULL, NULL, NULL, NULL, NULL, 10, NULL, NULL, NULL, NULL, NULL, NULL, NULL, NULL, '2023-11-29 00:22:58', '2023-11-29 00:22:58'),
(212207394, '3089647804', 'SATRIA ADI DERMAWAN', 'L', 'Islam', NULL, NULL, NULL, NULL, NULL, 1, NULL, NULL, NULL, NULL, NULL, NULL, NULL, NULL, '2023-11-29 00:22:58', '2023-11-29 00:22:58'),
(212207395, '0083618089', 'SATRIA M. PAHRI', 'L', 'Islam', NULL, NULL, NULL, NULL, NULL, 2, NULL, NULL, NULL, NULL, NULL, NULL, NULL, NULL, '2023-11-29 00:22:58', '2023-11-29 00:22:58'),
(212207396, '0084252939', 'SATRIA PUTRA PRATAMA', 'L', 'Islam', NULL, NULL, NULL, NULL, NULL, 3, NULL, NULL, NULL, NULL, NULL, NULL, NULL, NULL, '2023-11-29 00:22:58', '2023-11-29 00:22:58'),
(212207397, '0084866638', 'SAVIRA NATASYAH', 'P', 'Islam', NULL, NULL, NULL, NULL, NULL, 5, NULL, NULL, NULL, NULL, NULL, NULL, NULL, NULL, '2023-11-29 00:22:58', '2023-11-29 00:22:58'),
(212207398, '0071878876', 'SEKAR HARUM SARI', 'P', 'Islam', NULL, NULL, NULL, NULL, NULL, 6, NULL, NULL, NULL, NULL, NULL, NULL, NULL, NULL, '2023-11-29 00:22:58', '2023-11-29 00:22:58'),
(212207399, '0095321320', 'SELFI AGUSTIN SANDAM', 'P', 'Islam', NULL, NULL, NULL, NULL, NULL, 7, NULL, NULL, NULL, NULL, NULL, NULL, NULL, NULL, '2023-11-29 00:22:58', '2023-11-29 00:22:58'),
(212207400, '0086088924', 'SELSIH', 'P', 'Islam', NULL, NULL, NULL, NULL, NULL, 6, NULL, NULL, NULL, NULL, NULL, NULL, NULL, NULL, '2023-11-29 00:22:58', '2023-11-29 00:22:58'),
(212207402, '0089719912', 'SHANIA FITRIA RAMADHANI', 'P', 'Islam', NULL, NULL, NULL, NULL, NULL, 9, NULL, NULL, NULL, NULL, NULL, NULL, NULL, NULL, '2023-11-29 00:22:58', '2023-11-29 00:22:58'),
(212207403, '0096753786', 'SHELLA AULIA', 'P', 'Islam', NULL, NULL, NULL, NULL, NULL, 10, NULL, NULL, NULL, NULL, NULL, NULL, NULL, NULL, '2023-11-29 00:22:58', '2023-11-29 00:22:58'),
(212207404, '0089189893', 'SIFA AL ZAHRA', 'P', 'Islam', NULL, NULL, NULL, NULL, NULL, 11, NULL, NULL, NULL, NULL, NULL, NULL, NULL, NULL, '2023-11-29 00:22:59', '2023-11-29 00:22:59'),
(212207405, '0091163085', 'SISKA AYUNDHA PRATIWI', 'P', 'Islam', NULL, NULL, NULL, NULL, NULL, 1, NULL, NULL, NULL, NULL, NULL, NULL, NULL, NULL, '2023-11-29 00:22:58', '2023-11-29 00:22:58'),
(212207406, '0094630159', 'SITI SALMA AZZAHRA', 'P', 'Islam', NULL, NULL, NULL, NULL, NULL, 2, NULL, NULL, NULL, NULL, NULL, NULL, NULL, NULL, '2023-11-29 00:22:58', '2023-11-29 00:22:58'),
(212207407, '8200001102', 'SITI HOLILAH', 'P', 'Islam', NULL, NULL, NULL, NULL, NULL, 4, NULL, NULL, NULL, NULL, NULL, NULL, NULL, NULL, '2023-11-29 00:22:58', '2023-11-29 00:22:58'),
(212207408, '0094684946', 'SITI HOLILAH', 'P', 'Islam', NULL, NULL, NULL, NULL, NULL, 5, NULL, NULL, NULL, NULL, NULL, NULL, NULL, NULL, '2023-11-29 00:22:58', '2023-11-29 00:22:58'),
(212207409, '0083817770', 'SITI METIYA AL FAZRI', 'P', 'Islam', NULL, NULL, NULL, NULL, NULL, 6, NULL, NULL, NULL, NULL, NULL, NULL, NULL, NULL, '2023-11-29 00:22:58', '2023-11-29 00:22:58'),
(212207410, '0093594464', 'SITI UMAIROH', 'P', 'Islam', NULL, NULL, NULL, NULL, NULL, 7, NULL, NULL, NULL, NULL, NULL, NULL, NULL, NULL, '2023-11-29 00:22:58', '2023-11-29 00:22:58'),
(212207411, '0082248840', 'SITTI ADINDA KIRANA', 'P', 'Islam', NULL, NULL, NULL, NULL, NULL, 8, NULL, NULL, NULL, NULL, NULL, NULL, NULL, NULL, '2023-11-29 00:22:58', '2023-11-29 00:22:58'),
(212207412, '0087273546', 'SOBIRIN', 'L', 'Islam', NULL, NULL, NULL, NULL, NULL, 4, NULL, NULL, NULL, NULL, NULL, NULL, NULL, NULL, '2023-11-29 00:22:58', '2023-11-29 00:22:58'),
(212207414, '0084785103', 'SOVI SITI SOLIHAT', 'P', 'Islam', NULL, NULL, NULL, NULL, NULL, 9, NULL, NULL, NULL, NULL, NULL, NULL, NULL, NULL, '2023-11-29 00:22:58', '2023-11-29 00:22:58'),
(212207415, '0081158901', 'SRI LESTARI', 'P', 'Islam', NULL, NULL, NULL, NULL, NULL, 10, NULL, NULL, NULL, NULL, NULL, NULL, NULL, NULL, '2023-11-29 00:22:59', '2023-11-29 00:22:59'),
(212207416, '0086257132', 'SRI REZEKI', 'P', 'Islam', NULL, NULL, NULL, NULL, NULL, 11, NULL, NULL, NULL, NULL, NULL, NULL, NULL, NULL, '2023-11-29 00:22:59', '2023-11-29 00:22:59'),
(212207417, '0083092246', 'SRI WULANDAR', 'P', 'Islam', NULL, NULL, NULL, NULL, NULL, 1, NULL, NULL, NULL, NULL, NULL, NULL, NULL, NULL, '2023-11-29 00:22:58', '2023-11-29 00:22:58'),
(212207418, '0084406282', 'STANLEY POLIN NAINGGOLAN', 'L', 'Protestan', NULL, NULL, NULL, NULL, NULL, 5, NULL, NULL, NULL, NULL, NULL, NULL, NULL, NULL, '2023-11-29 00:22:58', '2023-11-29 00:22:58'),
(212207419, '8200003374', 'SUCI RAHMADANI', 'L', 'Islam', NULL, NULL, NULL, NULL, NULL, 6, NULL, NULL, NULL, NULL, NULL, NULL, NULL, NULL, '2023-11-29 00:22:58', '2023-11-29 00:22:58'),
(212207420, '0084966539', 'SUHEL PRATAMA', 'L', 'Islam', NULL, NULL, NULL, NULL, NULL, 7, NULL, NULL, NULL, NULL, NULL, NULL, NULL, NULL, '2023-11-29 00:22:58', '2023-11-29 00:22:58'),
(212207421, '0087721078', 'SUKARNO', 'L', 'Islam', NULL, NULL, NULL, NULL, NULL, 3, NULL, NULL, NULL, NULL, NULL, NULL, NULL, NULL, '2023-11-29 00:22:58', '2023-11-29 00:22:58'),
(212207422, '3099672965', 'SULISTIAWATI', 'P', 'Islam', NULL, NULL, NULL, NULL, NULL, 3, NULL, NULL, NULL, NULL, NULL, NULL, NULL, NULL, '2023-11-29 00:22:58', '2023-11-29 00:22:58'),
(212207423, '3092160782', 'SYAHDA FAKHRUNNISA', 'P', 'Islam', NULL, NULL, NULL, NULL, NULL, 4, NULL, NULL, NULL, NULL, NULL, NULL, NULL, NULL, '2023-11-29 00:22:58', '2023-11-29 00:22:58'),
(212207424, '0098073713', 'SYAHIRA', 'P', 'Islam', NULL, NULL, NULL, NULL, NULL, 5, NULL, NULL, NULL, NULL, NULL, NULL, NULL, NULL, '2023-11-29 00:22:58', '2023-11-29 00:22:58'),
(212207425, '3090625082', 'SYAIFUL NURROHMAN', 'L', 'Islam', NULL, NULL, NULL, NULL, NULL, 9, NULL, NULL, NULL, NULL, NULL, NULL, NULL, NULL, '2023-11-29 00:22:58', '2023-11-29 00:22:58'),
(212207426, '0083210789', 'SYASA RAMDHANY', 'L', 'Islam', NULL, NULL, NULL, NULL, NULL, 10, NULL, NULL, NULL, NULL, NULL, NULL, NULL, NULL, '2023-11-29 00:22:59', '2023-11-29 00:22:59'),
(212207427, '8200002547', 'SYAWQI AHMAD', 'L', 'Islam', NULL, NULL, NULL, NULL, NULL, 11, NULL, NULL, NULL, NULL, NULL, NULL, NULL, NULL, '2023-11-29 00:22:59', '2023-11-29 00:22:59'),
(212207428, '0099656573', 'SYENDI DWI ASYA LIWANIDINA', 'P', 'Islam', NULL, NULL, NULL, NULL, NULL, 8, NULL, NULL, NULL, NULL, NULL, NULL, NULL, NULL, '2023-11-29 00:22:58', '2023-11-29 00:22:58'),
(212207429, '0094428720', 'SYINDI DWI ASYA LIWANDITA', 'P', 'Islam', NULL, NULL, NULL, NULL, NULL, 7, NULL, NULL, NULL, NULL, NULL, NULL, NULL, NULL, '2023-11-29 00:22:58', '2023-11-29 00:22:58'),
(212207430, '0098702675', 'TASYA IKA SAFITRI', 'P', 'Islam', NULL, NULL, NULL, NULL, NULL, 8, NULL, NULL, NULL, NULL, NULL, NULL, NULL, NULL, '2023-11-29 00:22:58', '2023-11-29 00:22:58'),
(212207431, '0086043928', 'TEGAR ADI PRASTIYO', 'L', 'Islam', NULL, NULL, NULL, NULL, NULL, 2, NULL, NULL, NULL, NULL, NULL, NULL, NULL, NULL, '2023-11-29 00:22:58', '2023-11-29 00:22:58'),
(212207432, '0082952081', 'THANIA FITRIA RAMADHANI', 'P', 'Islam', NULL, NULL, NULL, NULL, NULL, 9, NULL, NULL, NULL, NULL, NULL, NULL, NULL, NULL, '2023-11-29 00:22:58', '2023-11-29 00:22:58'),
(212207433, '0087929251', 'TIARA AGUSTINA', 'P', 'Islam', NULL, NULL, NULL, NULL, NULL, 10, NULL, NULL, NULL, NULL, NULL, NULL, NULL, NULL, '2023-11-29 00:22:59', '2023-11-29 00:22:59'),
(212207434, '0088450054', 'TIARA ELVIANTI PRADIRA', 'P', 'Islam', NULL, NULL, NULL, NULL, NULL, 11, NULL, NULL, NULL, NULL, NULL, NULL, NULL, NULL, '2023-11-29 00:22:59', '2023-11-29 00:22:59'),
(212207435, '0087277829', 'TRI TUNGGAL AGENG PRASETIO', 'L', 'Islam', NULL, NULL, NULL, NULL, NULL, 1, NULL, NULL, NULL, NULL, NULL, NULL, NULL, NULL, '2023-11-29 00:22:58', '2023-11-29 00:22:58'),
(212207436, '0098223729', 'TRIADHE RIZQI CHANDRA', 'P', 'Islam', NULL, NULL, NULL, NULL, NULL, 1, NULL, NULL, NULL, NULL, NULL, NULL, NULL, NULL, '2023-11-29 00:22:58', '2023-11-29 00:22:58'),
(212207437, '0096414942', 'ULFIAHTUN ZAHRO', 'P', 'Islam', NULL, NULL, NULL, NULL, NULL, 2, NULL, NULL, NULL, NULL, NULL, NULL, NULL, NULL, '2023-11-29 00:22:58', '2023-11-29 00:22:58'),
(212207438, '0095877738', 'VANO PURWA DEVI', 'L', 'Islam', NULL, NULL, NULL, NULL, NULL, 8, NULL, NULL, NULL, NULL, NULL, NULL, NULL, NULL, '2023-11-29 00:22:58', '2023-11-29 00:22:58'),
(212207439, '0093750322', 'VEBY KRISTIANI FONATABA', 'P', 'Protestan', NULL, NULL, NULL, NULL, NULL, 4, NULL, NULL, NULL, NULL, NULL, NULL, NULL, NULL, '2023-11-29 00:22:58', '2023-11-29 00:22:58'),
(212207440, '0095868137', 'WAFI AHMAD AL FATAN', 'L', 'Islam', NULL, NULL, NULL, NULL, NULL, 4, NULL, NULL, NULL, NULL, NULL, NULL, NULL, NULL, '2023-11-29 00:22:58', '2023-11-29 00:22:58'),
(212207441, '0097031666', 'WAHYU FERDIANSAH', 'L', 'Islam', NULL, NULL, NULL, NULL, NULL, 5, NULL, NULL, NULL, NULL, NULL, NULL, NULL, NULL, '2023-11-29 00:22:58', '2023-11-29 00:22:58'),
(212207442, '0088756702', 'WAHYU FIRMAN HIDAYAT', 'L', 'Islam', NULL, NULL, NULL, NULL, NULL, 6, NULL, NULL, NULL, NULL, NULL, NULL, NULL, NULL, '2023-11-29 00:22:58', '2023-11-29 00:22:58'),
(212207443, '0098262633', 'WAHYU SAPUTRA', 'L', 'Islam', NULL, NULL, NULL, NULL, NULL, 7, NULL, NULL, NULL, NULL, NULL, NULL, NULL, NULL, '2023-11-29 00:22:58', '2023-11-29 00:22:58'),
(212207444, '0099626352', 'WAHYU WIBOWO MUKTI', 'L', 'Islam', NULL, NULL, NULL, NULL, NULL, 8, NULL, NULL, NULL, NULL, NULL, NULL, NULL, NULL, '2023-11-29 00:22:58', '2023-11-29 00:22:58'),
(212207445, '0097274776', 'WARIH IKRAAM NUGROHO', 'L', 'Islam', NULL, NULL, NULL, NULL, NULL, 9, NULL, NULL, NULL, NULL, NULL, NULL, NULL, NULL, '2023-11-29 00:22:58', '2023-11-29 00:22:58'),
(212207446, '8200004576', 'YASMIN ATHAYA SYASALI PUTRI', 'P', 'Islam', NULL, NULL, NULL, NULL, NULL, 5, NULL, NULL, NULL, NULL, NULL, NULL, NULL, NULL, '2023-11-29 00:22:58', '2023-11-29 00:22:58'),
(212207447, '0081384569', 'YENI ARTALIA JUNIARTI', 'P', 'Islam', NULL, NULL, NULL, NULL, NULL, 6, NULL, NULL, NULL, NULL, NULL, NULL, NULL, NULL, '2023-11-29 00:22:58', '2023-11-29 00:22:58'),
(212207448, '0094027301', 'YOSI ANITA FEBRIANA', 'P', 'Islam', NULL, NULL, NULL, NULL, NULL, 7, NULL, NULL, NULL, NULL, NULL, NULL, NULL, NULL, '2023-11-29 00:22:58', '2023-11-29 00:22:58'),
(212207449, '0095995342', 'YULI SUGIH SURYANI', 'P', 'Islam', NULL, NULL, NULL, NULL, NULL, 8, NULL, NULL, NULL, NULL, NULL, NULL, NULL, NULL, '2023-11-29 00:22:58', '2023-11-29 00:22:58'),
(212207450, '0084209213', 'YULIA FITRI', 'P', 'Islam', NULL, NULL, NULL, NULL, NULL, 9, NULL, NULL, NULL, NULL, NULL, NULL, NULL, NULL, '2023-11-29 00:22:58', '2023-11-29 00:22:58'),
(212207451, '0085206251', 'YULIANA SUSILAWATY SINAGA', 'P', 'Protestan', NULL, NULL, NULL, NULL, NULL, 10, NULL, NULL, NULL, NULL, NULL, NULL, NULL, NULL, '2023-11-29 00:22:59', '2023-11-29 00:22:59'),
(212207452, '0097586793', 'YULITA ANANDA DWI PRASETYA', 'P', 'Islam', NULL, NULL, NULL, NULL, NULL, 11, NULL, NULL, NULL, NULL, NULL, NULL, NULL, NULL, '2023-11-29 00:22:59', '2023-11-29 00:22:59'),
(212207453, '8200003411', 'ZAHRA ABDILLAH', 'P', 'Islam', NULL, NULL, NULL, NULL, NULL, 1, NULL, NULL, NULL, NULL, NULL, NULL, NULL, NULL, '2023-11-29 00:22:58', '2023-11-29 00:22:58'),
(212207454, '8200002676', 'ZAHRA AULIA', 'P', 'Islam', NULL, NULL, NULL, NULL, NULL, 2, NULL, NULL, NULL, NULL, NULL, NULL, NULL, NULL, '2023-11-29 00:22:58', '2023-11-29 00:22:58'),
(212207455, '0079313626', 'ZAHRA AULIA PUTRI', 'P', 'Islam', NULL, NULL, NULL, NULL, NULL, 3, NULL, NULL, NULL, NULL, NULL, NULL, NULL, NULL, '2023-11-29 00:22:58', '2023-11-29 00:22:58'),
(212207456, '0082634049', 'ZAHRA SHAFA SUHANDI', 'P', 'Islam', NULL, NULL, NULL, NULL, NULL, 4, NULL, NULL, NULL, NULL, NULL, NULL, NULL, NULL, '2023-11-29 00:22:58', '2023-11-29 00:22:58'),
(212207457, '0086524448', 'ZAIDAN KAINDRA PUTRA', 'L', 'Islam', NULL, NULL, NULL, NULL, NULL, 10, NULL, NULL, NULL, NULL, NULL, NULL, NULL, NULL, '2023-11-29 00:22:59', '2023-11-29 00:22:59'),
(212207458, '3085825767', 'ZAKY ALFITRA', 'L', 'Islam', NULL, NULL, NULL, NULL, NULL, 11, NULL, NULL, NULL, NULL, NULL, NULL, NULL, NULL, '2023-11-29 00:22:59', '2023-11-29 00:22:59'),
(212207466, '0081851597', 'DEWI KARTIKA', 'P', 'Islam', NULL, NULL, NULL, NULL, NULL, 10, NULL, NULL, NULL, NULL, NULL, NULL, NULL, NULL, '2023-11-29 00:22:58', '2023-11-29 00:22:58'),
(212207467, '0091295920', 'AKMAL BUHORI', 'L', 'Islam', NULL, NULL, NULL, NULL, NULL, 3, NULL, NULL, NULL, NULL, NULL, NULL, NULL, NULL, '2023-11-29 00:22:58', '2023-11-29 00:22:58'),
(212207469, '0083587738', 'HAZWAN AJMAL HIDAYATULLAH', 'L', 'Islam', NULL, NULL, NULL, NULL, NULL, 11, NULL, NULL, NULL, NULL, NULL, NULL, NULL, NULL, '2023-11-29 00:22:59', '2023-11-29 00:22:59'),
(212207470, NULL, 'NOVYANA MAYONI SIREGAR', 'P', 'Islam', NULL, NULL, NULL, NULL, NULL, 4, NULL, NULL, NULL, NULL, NULL, NULL, NULL, NULL, '2023-11-29 00:22:58', '2023-11-29 00:22:58'),
(212207471, '0098928967', 'MUHAMMAD YUSUF DAFA SULAEMAN', 'L', 'Islam', NULL, NULL, NULL, NULL, NULL, 4, NULL, NULL, NULL, NULL, NULL, NULL, NULL, NULL, '2023-11-29 00:22:58', '2023-11-29 00:22:58'),
(222307001, '0108361253', 'ABDEE PARDILLAH', 'L', 'Islam', NULL, NULL, NULL, NULL, NULL, 12, NULL, NULL, NULL, NULL, NULL, NULL, NULL, NULL, '2023-11-29 00:22:59', '2023-11-29 00:22:59'),
(222307002, '0104621278', 'ABDIEL BELVA FIDELYA', 'L', 'Islam', NULL, NULL, NULL, NULL, NULL, 13, NULL, NULL, NULL, NULL, NULL, NULL, NULL, NULL, '2023-11-29 00:22:59', '2023-11-29 00:22:59'),
(222307003, '0092969485', 'ABDUL ROHMAN', 'L', 'Islam', NULL, NULL, NULL, NULL, NULL, 14, NULL, NULL, NULL, NULL, NULL, NULL, NULL, NULL, '2023-11-29 00:22:59', '2023-11-29 00:22:59'),
(222307004, '0101691051', 'ACHMAD FIKRI', 'L', 'Islam', NULL, NULL, NULL, NULL, NULL, 15, NULL, NULL, NULL, NULL, NULL, NULL, NULL, NULL, '2023-11-29 00:22:59', '2023-11-29 00:22:59'),
(222307005, '0082647373', 'ADAM BAYHAQI', 'L', 'Islam', NULL, NULL, NULL, NULL, NULL, 16, NULL, NULL, NULL, NULL, NULL, NULL, NULL, NULL, '2023-11-29 00:22:59', '2023-11-29 00:22:59'),
(222307006, '0099474855', 'ADE NOVA AULIA', 'P', 'Islam', NULL, NULL, NULL, NULL, NULL, 22, NULL, NULL, NULL, NULL, NULL, NULL, NULL, NULL, '2023-11-29 00:23:00', '2023-11-29 00:23:00'),
(222307007, '0099500500', 'ADHA RASYA FABIAN', 'L', 'Islam', NULL, NULL, NULL, NULL, NULL, 17, NULL, NULL, NULL, NULL, NULL, NULL, NULL, NULL, '2023-11-29 00:22:59', '2023-11-29 00:22:59'),
(222307008, '0095635555', 'ADINDA NOVITA RAHMAN', 'P', 'Islam', NULL, NULL, NULL, NULL, NULL, 12, NULL, NULL, NULL, NULL, NULL, NULL, NULL, NULL, '2023-11-29 00:22:59', '2023-11-29 00:22:59'),
(222307009, '0107236485', 'ADITYA', 'L', 'Islam', NULL, NULL, NULL, NULL, NULL, 21, NULL, NULL, NULL, NULL, NULL, NULL, NULL, NULL, '2023-11-29 00:23:00', '2023-11-29 00:23:00'),
(222307010, '0106529015', 'ADITYA AHMAD RIZKY', 'L', 'Islam', NULL, NULL, NULL, NULL, NULL, 20, NULL, NULL, NULL, NULL, NULL, NULL, NULL, NULL, '2023-11-29 00:23:00', '2023-11-29 00:23:00'),
(222307011, '0097908292', 'ADITYA AJI MUKTI WICAKSONO', 'L', 'Islam', NULL, NULL, NULL, NULL, NULL, 16, NULL, NULL, NULL, NULL, NULL, NULL, NULL, NULL, '2023-11-29 00:22:59', '2023-11-29 00:22:59'),
(222307012, '0097739474', 'ADJENG ADELIA', 'P', 'Islam', NULL, NULL, NULL, NULL, NULL, 13, NULL, NULL, NULL, NULL, NULL, NULL, NULL, NULL, '2023-11-29 00:22:59', '2023-11-29 00:22:59'),
(222307013, '3090803077', 'ADRIAN ARFANI PUTRA', 'L', 'Islam', NULL, NULL, NULL, NULL, NULL, 17, NULL, NULL, NULL, NULL, NULL, NULL, NULL, NULL, '2023-11-29 00:22:59', '2023-11-29 00:22:59'),
(222307014, '0101668910', 'AFANI AURELIA ANJANI', 'P', 'Islam', NULL, NULL, NULL, NULL, NULL, 14, NULL, NULL, NULL, NULL, NULL, NULL, NULL, NULL, '2023-11-29 00:22:59', '2023-11-29 00:22:59'),
(222307015, '0102519685', 'AFIP MAWARNI PETIR', 'P', 'Islam', NULL, NULL, NULL, NULL, NULL, 15, NULL, NULL, NULL, NULL, NULL, NULL, NULL, NULL, '2023-11-29 00:22:59', '2023-11-29 00:22:59'),
(222307016, '0104767095', 'AHMAD AL\'AIZAR', 'L', 'Islam', NULL, NULL, NULL, NULL, NULL, 22, NULL, NULL, NULL, NULL, NULL, NULL, NULL, NULL, '2023-11-29 00:23:00', '2023-11-29 00:23:00'),
(222307017, '0095579415', 'AHMAD CHAIRUL SHAMID', 'L', 'Islam', NULL, NULL, NULL, NULL, NULL, 12, NULL, NULL, NULL, NULL, NULL, NULL, NULL, NULL, '2023-11-29 00:22:59', '2023-11-29 00:22:59'),
(222307018, '0094144363', 'AHMAD DANIL JAMALUDIN', 'L', 'Islam', NULL, NULL, NULL, NULL, NULL, 13, NULL, NULL, NULL, NULL, NULL, NULL, NULL, NULL, '2023-11-29 00:22:59', '2023-11-29 00:22:59'),
(222307019, '0095190793', 'AHMAD MAULANA', 'L', 'Islam', NULL, NULL, NULL, NULL, NULL, 13, NULL, NULL, NULL, NULL, NULL, NULL, NULL, NULL, '2023-11-29 00:22:59', '2023-11-29 00:22:59'),
(222307020, '0086591492', 'AHMAD PADILLAH', 'L', 'Islam', NULL, NULL, NULL, NULL, NULL, 15, NULL, NULL, NULL, NULL, NULL, NULL, NULL, NULL, '2023-11-29 00:22:59', '2023-11-29 00:22:59'),
(222307021, '0097628848', 'AHMAD SYARIFUDIN', 'L', 'Islam', NULL, NULL, NULL, NULL, NULL, 22, NULL, NULL, NULL, NULL, NULL, NULL, NULL, NULL, '2023-11-29 00:23:00', '2023-11-29 00:23:00'),
(222307022, '3102093003', 'AIDIL ILYAS PUTRA IRWANDA', 'L', 'Islam', NULL, NULL, NULL, NULL, NULL, 20, NULL, NULL, NULL, NULL, NULL, NULL, NULL, NULL, '2023-11-29 00:23:00', '2023-11-29 00:23:00'),
(222307023, '0093096851', 'AIRA AL ISLAMI', 'P', 'Islam', NULL, NULL, NULL, NULL, NULL, 16, NULL, NULL, NULL, NULL, NULL, NULL, NULL, NULL, '2023-11-29 00:22:59', '2023-11-29 00:22:59'),
(222307024, '0095892662', 'AIRA ALVI LAILA', 'P', 'Islam', NULL, NULL, NULL, NULL, NULL, 17, NULL, NULL, NULL, NULL, NULL, NULL, NULL, NULL, '2023-11-29 00:22:59', '2023-11-29 00:22:59'),
(222307025, '0092225970', 'AIRA ALVIRA ANINDHITA', 'P', 'Islam', NULL, NULL, NULL, NULL, NULL, 13, NULL, NULL, NULL, NULL, NULL, NULL, NULL, NULL, '2023-11-29 00:22:59', '2023-11-29 00:22:59'),
(222307026, '0092366268', 'AISYAH HAYATUL MURSYIDAH', 'P', 'Islam', NULL, NULL, NULL, NULL, NULL, 22, NULL, NULL, NULL, NULL, NULL, NULL, NULL, NULL, '2023-11-29 00:23:00', '2023-11-29 00:23:00'),
(222307027, '0107385083', 'AISYAH ZASKIA META', 'P', 'Islam', NULL, NULL, NULL, NULL, NULL, 15, NULL, NULL, NULL, NULL, NULL, NULL, NULL, NULL, '2023-11-29 00:22:59', '2023-11-29 00:22:59'),
(222307028, '0096822250', 'AITA MAHARANI', 'P', 'Islam', NULL, NULL, NULL, NULL, NULL, 16, NULL, NULL, NULL, NULL, NULL, NULL, NULL, NULL, '2023-11-29 00:22:59', '2023-11-29 00:22:59'),
(222307029, '0099787342', 'AKBAR FADILLAH', 'L', 'Islam', NULL, NULL, NULL, NULL, NULL, 18, NULL, NULL, NULL, NULL, NULL, NULL, NULL, NULL, '2023-11-29 00:22:59', '2023-11-29 00:22:59'),
(222307030, '0106122892', 'AKBAR NUR FIRMANSYAH', 'L', 'Islam', NULL, NULL, NULL, NULL, NULL, 19, NULL, NULL, NULL, NULL, NULL, NULL, NULL, NULL, '2023-11-29 00:22:59', '2023-11-29 00:22:59'),
(222307031, '0092982353', 'AKBAR RAMADHAN', 'L', 'Islam', NULL, NULL, NULL, NULL, NULL, 20, NULL, NULL, NULL, NULL, NULL, NULL, NULL, NULL, '2023-11-29 00:23:00', '2023-11-29 00:23:00'),
(222307032, '0105853498', 'AL MIRA PUTRI RAHAYU', 'P', 'Islam', NULL, NULL, NULL, NULL, NULL, 22, NULL, NULL, NULL, NULL, NULL, NULL, NULL, NULL, '2023-11-29 00:23:00', '2023-11-29 00:23:00'),
(222307033, '0097089382', 'AL SAFA MARWAH', 'P', 'Islam', NULL, NULL, NULL, NULL, NULL, 17, NULL, NULL, NULL, NULL, NULL, NULL, NULL, NULL, '2023-11-29 00:22:59', '2023-11-29 00:22:59'),
(222307034, '0099732271', 'ALDA ALFAINI', 'P', 'Islam', NULL, NULL, NULL, NULL, NULL, 13, NULL, NULL, NULL, NULL, NULL, NULL, NULL, NULL, '2023-11-29 00:22:59', '2023-11-29 00:22:59'),
(222307035, '0096453860', 'ALDI FIRMANSYAH', 'L', 'Islam', NULL, NULL, NULL, NULL, NULL, 21, NULL, NULL, NULL, NULL, NULL, NULL, NULL, NULL, '2023-11-29 00:23:00', '2023-11-29 00:23:00'),
(222307036, '0098412154', 'ALDI RAFI ZABARUDIN ALKARIM', 'L', 'Islam', NULL, NULL, NULL, NULL, NULL, 22, NULL, NULL, NULL, NULL, NULL, NULL, NULL, NULL, '2023-11-29 00:23:00', '2023-11-29 00:23:00'),
(222307037, '0098909437', 'ALDINO DHAIFULLOH', 'L', 'Islam', NULL, NULL, NULL, NULL, NULL, 12, NULL, NULL, NULL, NULL, NULL, NULL, NULL, NULL, '2023-11-29 00:22:59', '2023-11-29 00:22:59'),
(222307038, '0096568440', 'ALDO RIZKI AGASTA', 'L', 'Islam', NULL, NULL, NULL, NULL, NULL, 13, NULL, NULL, NULL, NULL, NULL, NULL, NULL, NULL, '2023-11-29 00:22:59', '2023-11-29 00:22:59'),
(222307039, '3096717966', 'ALFAIRAH RAMADINA', 'P', 'Islam', NULL, NULL, NULL, NULL, NULL, 13, NULL, NULL, NULL, NULL, NULL, NULL, NULL, NULL, '2023-11-29 00:22:59', '2023-11-29 00:22:59'),
(222307040, '0095923930', 'ALFIFO', 'L', 'Islam', NULL, NULL, NULL, NULL, NULL, 14, NULL, NULL, NULL, NULL, NULL, NULL, NULL, NULL, '2023-11-29 00:22:59', '2023-11-29 00:22:59'),
(222307041, '3105898044', 'ALICE HAURA ZHUFAIRAH', 'P', 'Islam', NULL, NULL, NULL, NULL, NULL, 15, NULL, NULL, NULL, NULL, NULL, NULL, NULL, NULL, '2023-11-29 00:22:59', '2023-11-29 00:22:59'),
(222307042, '0108952242', 'ALIFIA MANO MEINAR', 'P', 'Islam', NULL, NULL, NULL, NULL, NULL, 16, NULL, NULL, NULL, NULL, NULL, NULL, NULL, NULL, '2023-11-29 00:22:59', '2023-11-29 00:22:59'),
(222307043, '0104604268', 'ALIKA KHOLIFATUL MUSFIROH', 'P', 'Islam', NULL, NULL, NULL, NULL, NULL, 17, NULL, NULL, NULL, NULL, NULL, NULL, NULL, NULL, '2023-11-29 00:22:59', '2023-11-29 00:22:59'),
(222307044, '0108358961', 'ALIYA', 'P', 'Islam', NULL, NULL, NULL, NULL, NULL, 18, NULL, NULL, NULL, NULL, NULL, NULL, NULL, NULL, '2023-11-29 00:22:59', '2023-11-29 00:22:59'),
(222307045, '0109181457', 'ALIYAH LATIFA HASANAH', 'P', 'Islam', NULL, NULL, NULL, NULL, NULL, 19, NULL, NULL, NULL, NULL, NULL, NULL, NULL, NULL, '2023-11-29 00:22:59', '2023-11-29 00:22:59'),
(222307046, '0108092230', 'ALMYRA APRILIA SIREGAR', 'P', 'Islam', NULL, NULL, NULL, NULL, NULL, 20, NULL, NULL, NULL, NULL, NULL, NULL, NULL, NULL, '2023-11-29 00:23:00', '2023-11-29 00:23:00'),
(222307047, '0109000366', 'ALVIANI DEWANTI', 'P', 'Islam', NULL, NULL, NULL, NULL, NULL, 21, NULL, NULL, NULL, NULL, NULL, NULL, NULL, NULL, '2023-11-29 00:23:00', '2023-11-29 00:23:00'),
(222307048, '0102630584', 'ALVIRA FEBRIYANTI', 'P', 'Islam', NULL, NULL, NULL, NULL, NULL, 22, NULL, NULL, NULL, NULL, NULL, NULL, NULL, NULL, '2023-11-29 00:23:00', '2023-11-29 00:23:00'),
(222307049, '0103923240', 'AMELIA MAULIDIAH SAFITRI', 'P', 'Islam', NULL, NULL, NULL, NULL, NULL, 12, NULL, NULL, NULL, NULL, NULL, NULL, NULL, NULL, '2023-11-29 00:22:59', '2023-11-29 00:22:59'),
(222307050, '0108546737', 'AMELIA PUTRI', 'P', 'Islam', NULL, NULL, NULL, NULL, NULL, 13, NULL, NULL, NULL, NULL, NULL, NULL, NULL, NULL, '2023-11-29 00:22:59', '2023-11-29 00:22:59'),
(222307051, '3103783091', 'AMIRA KALTSUM', 'P', 'Islam', NULL, NULL, NULL, NULL, NULL, 14, NULL, NULL, NULL, NULL, NULL, NULL, NULL, NULL, '2023-11-29 00:22:59', '2023-11-29 00:22:59'),
(222307052, '0096912709', 'ANANDA AZZAHWA', 'P', 'Islam', NULL, NULL, NULL, NULL, NULL, 15, NULL, NULL, NULL, NULL, NULL, NULL, NULL, NULL, '2023-11-29 00:22:59', '2023-11-29 00:22:59'),
(222307053, '0104376903', 'ANANDA NIVIRA SOJAY', 'P', 'Islam', NULL, NULL, NULL, NULL, NULL, 18, NULL, NULL, NULL, NULL, NULL, NULL, NULL, NULL, '2023-11-29 00:22:59', '2023-11-29 00:22:59'),
(222307054, '3098954646', 'ANDIKA ADITYA PRATAMA', 'L', 'Islam', NULL, NULL, NULL, NULL, NULL, 15, NULL, NULL, NULL, NULL, NULL, NULL, NULL, NULL, '2023-11-29 00:22:59', '2023-11-29 00:22:59'),
(222307055, '0099200176', 'ANDRA JUNIANSYAH', 'L', 'Islam', NULL, NULL, NULL, NULL, NULL, 17, NULL, NULL, NULL, NULL, NULL, NULL, NULL, NULL, '2023-11-29 00:22:59', '2023-11-29 00:22:59'),
(222307056, '0096767236', 'ANDRE JUNIANSYAH', 'L', 'Islam', NULL, NULL, NULL, NULL, NULL, 18, NULL, NULL, NULL, NULL, NULL, NULL, NULL, NULL, '2023-11-29 00:22:59', '2023-11-29 00:22:59'),
(222307057, '0105868172', 'ANGGA ARDIYANSYAH', 'L', 'Islam', NULL, NULL, NULL, NULL, NULL, 19, NULL, NULL, NULL, NULL, NULL, NULL, NULL, NULL, '2023-11-29 00:22:59', '2023-11-29 00:22:59'),
(222307058, '0104190551', 'ANGGREK INDRIYANIH', 'P', 'Islam', NULL, NULL, NULL, NULL, NULL, 17, NULL, NULL, NULL, NULL, NULL, NULL, NULL, NULL, '2023-11-29 00:22:59', '2023-11-29 00:22:59'),
(222307059, '0102636704', 'ANGGUN ATA NIRBAYA', 'P', 'Islam', NULL, NULL, NULL, NULL, NULL, 18, NULL, NULL, NULL, NULL, NULL, NULL, NULL, NULL, '2023-11-29 00:22:59', '2023-11-29 00:22:59'),
(222307060, '0098178266', 'ANISA LARASATI', 'P', 'Islam', NULL, NULL, NULL, NULL, NULL, 19, NULL, NULL, NULL, NULL, NULL, NULL, NULL, NULL, '2023-11-29 00:22:59', '2023-11-29 00:22:59'),
(222307061, '0096355256', 'ANITA MAHA RIJA', 'P', 'Islam', NULL, NULL, NULL, NULL, NULL, 20, NULL, NULL, NULL, NULL, NULL, NULL, NULL, NULL, '2023-11-29 00:23:00', '2023-11-29 00:23:00'),
(222307062, '0091513000', 'APIS ANGKASA PUTRA', 'L', 'Islam', NULL, NULL, NULL, NULL, NULL, 20, NULL, NULL, NULL, NULL, NULL, NULL, NULL, NULL, '2023-11-29 00:23:00', '2023-11-29 00:23:00'),
(222307063, '0108167092', 'APRIYA HANDAYANI', 'P', 'Islam', NULL, NULL, NULL, NULL, NULL, 19, NULL, NULL, NULL, NULL, NULL, NULL, NULL, NULL, '2023-11-29 00:22:59', '2023-11-29 00:22:59'),
(222307064, '0092806920', 'AQIS PUTRA RAMADAN', 'L', 'Islam', NULL, NULL, NULL, NULL, NULL, 21, NULL, NULL, NULL, NULL, NULL, NULL, NULL, NULL, '2023-11-29 00:23:00', '2023-11-29 00:23:00'),
(222307065, '0094137742', 'AQUEENCY KALYCA VELIDINE', 'P', 'Islam', NULL, NULL, NULL, NULL, NULL, 22, NULL, NULL, NULL, NULL, NULL, NULL, NULL, NULL, '2023-11-29 00:23:00', '2023-11-29 00:23:00'),
(222307066, '0107676976', 'ARAFADAVID HUSNI', 'L', 'Islam', NULL, NULL, NULL, NULL, NULL, 22, NULL, NULL, NULL, NULL, NULL, NULL, NULL, NULL, '2023-11-29 00:23:00', '2023-11-29 00:23:00'),
(222307067, '0092317309', 'ARDAN SAPUTRA', 'L', 'Islam', NULL, NULL, NULL, NULL, NULL, 12, NULL, NULL, NULL, NULL, NULL, NULL, NULL, NULL, '2023-11-29 00:22:59', '2023-11-29 00:22:59'),
(222307068, '0091032151', 'ARLITHA TRI HAPSARI', 'P', 'Islam', NULL, NULL, NULL, NULL, NULL, 12, NULL, NULL, NULL, NULL, NULL, NULL, NULL, NULL, '2023-11-29 00:22:59', '2023-11-29 00:22:59'),
(222307069, '0094728965', 'ARSYA ALMUZANNIY FU\'AD', 'L', 'Islam', NULL, NULL, NULL, NULL, NULL, 13, NULL, NULL, NULL, NULL, NULL, NULL, NULL, NULL, '2023-11-29 00:22:59', '2023-11-29 00:22:59'),
(222307070, '0094901106', 'ARUM SARI', 'P', 'Islam', NULL, NULL, NULL, NULL, NULL, 13, NULL, NULL, NULL, NULL, NULL, NULL, NULL, NULL, '2023-11-29 00:22:59', '2023-11-29 00:22:59'),
(222307072, '0106084655', 'ARYO SENO', 'L', 'Islam', NULL, NULL, NULL, NULL, NULL, 14, NULL, NULL, NULL, NULL, NULL, NULL, NULL, NULL, '2023-11-29 00:22:59', '2023-11-29 00:22:59'),
(222307073, '3109799450', 'ASRIYANA', 'P', 'Islam', NULL, NULL, NULL, NULL, NULL, 14, NULL, NULL, NULL, NULL, NULL, NULL, NULL, NULL, '2023-11-29 00:22:59', '2023-11-29 00:22:59'),
(222307074, '3095248510', 'ASYIFA SEPTIANI', 'P', 'Islam', NULL, NULL, NULL, NULL, NULL, 15, NULL, NULL, NULL, NULL, NULL, NULL, NULL, NULL, '2023-11-29 00:22:59', '2023-11-29 00:22:59'),
(222307075, '0099098656', 'AULIA NOVIYANI', 'P', 'Islam', NULL, NULL, NULL, NULL, NULL, 17, NULL, NULL, NULL, NULL, NULL, NULL, NULL, NULL, '2023-11-29 00:22:59', '2023-11-29 00:22:59'),
(222307076, '0103698901', 'AURELLIA SISNA PUTRI', 'P', 'Islam', NULL, NULL, NULL, NULL, NULL, 19, NULL, NULL, NULL, NULL, NULL, NULL, NULL, NULL, '2023-11-29 00:22:59', '2023-11-29 00:22:59'),
(222307077, '0105168622', 'AYU ANGGRAINI', 'P', 'Islam', NULL, NULL, NULL, NULL, NULL, 20, NULL, NULL, NULL, NULL, NULL, NULL, NULL, NULL, '2023-11-29 00:23:00', '2023-11-29 00:23:00'),
(222307078, '102912050', 'AZAHRALIA PUTRI APTRIYANDANI', 'P', 'Islam', NULL, NULL, NULL, NULL, NULL, 21, NULL, NULL, NULL, NULL, NULL, NULL, NULL, NULL, '2023-11-29 00:23:00', '2023-11-29 00:23:00'),
(222307079, '3101859258', 'AZKIYA HAULATUNNISA', 'P', 'Islam', NULL, NULL, NULL, NULL, NULL, 22, NULL, NULL, NULL, NULL, NULL, NULL, NULL, NULL, '2023-11-29 00:23:00', '2023-11-29 00:23:00'),
(222307080, '0095042668', 'AZRIL DZIBAN', 'L', 'Islam', NULL, NULL, NULL, NULL, NULL, 15, NULL, NULL, NULL, NULL, NULL, NULL, NULL, NULL, '2023-11-29 00:22:59', '2023-11-29 00:22:59'),
(222307081, '0103689364', 'BAGAS AL WIZWAN', 'L', 'Islam', NULL, NULL, NULL, NULL, NULL, 16, NULL, NULL, NULL, NULL, NULL, NULL, NULL, NULL, '2023-11-29 00:22:59', '2023-11-29 00:22:59');
INSERT INTO `siswas` (`id`, `nisn`, `nama_siswa`, `jk`, `agama`, `telp`, `tmp_lahir`, `tgl_lahir`, `alamat`, `foto`, `rombel_id`, `bapak`, `ibu`, `pbapak`, `pibu`, `alamat_ortu`, `wali`, `pwali`, `alamat_wali`, `created_at`, `updated_at`) VALUES
(222307082, '0099897281', 'BAGAS RAMADHAN', 'L', 'Islam', NULL, NULL, NULL, NULL, NULL, 17, NULL, NULL, NULL, NULL, NULL, NULL, NULL, NULL, '2023-11-29 00:22:59', '2023-11-29 00:22:59'),
(222307083, '0097241239', 'BAGUS MAULANA', 'L', 'Islam', NULL, NULL, NULL, NULL, NULL, 18, NULL, NULL, NULL, NULL, NULL, NULL, NULL, NULL, '2023-11-29 00:22:59', '2023-11-29 00:22:59'),
(222307084, '0094968699', 'BAGUS SURYA WIJAYA', 'L', 'Islam', NULL, NULL, NULL, NULL, NULL, 19, NULL, NULL, NULL, NULL, NULL, NULL, NULL, NULL, '2023-11-29 00:22:59', '2023-11-29 00:22:59'),
(222307085, '0105456129', 'BAMBANG HENDARSO DANURI', 'L', 'Islam', NULL, NULL, NULL, NULL, NULL, 20, NULL, NULL, NULL, NULL, NULL, NULL, NULL, NULL, '2023-11-29 00:23:00', '2023-11-29 00:23:00'),
(222307086, '0107016160', 'BELA CITRA KIRANA', 'P', 'Islam', NULL, NULL, NULL, NULL, NULL, 12, NULL, NULL, NULL, NULL, NULL, NULL, NULL, NULL, '2023-11-29 00:22:59', '2023-11-29 00:22:59'),
(222307087, '0103221436', 'BELLA KASTURI', 'P', 'Islam', NULL, NULL, NULL, NULL, NULL, 13, NULL, NULL, NULL, NULL, NULL, NULL, NULL, NULL, '2023-11-29 00:22:59', '2023-11-29 00:22:59'),
(222307088, '0106237685', 'BIMA AL KAUSAR NASUTION', 'L', 'Islam', NULL, NULL, NULL, NULL, NULL, 21, NULL, NULL, NULL, NULL, NULL, NULL, NULL, NULL, '2023-11-29 00:23:00', '2023-11-29 00:23:00'),
(222307089, '0105278760', 'BIMA SYAPUTRA', 'L', 'Islam', NULL, NULL, NULL, NULL, NULL, 22, NULL, NULL, NULL, NULL, NULL, NULL, NULL, NULL, '2023-11-29 00:23:00', '2023-11-29 00:23:00'),
(222307090, '0098392500', 'BIMO PRASETYO', 'L', 'Islam', NULL, NULL, NULL, NULL, NULL, 12, NULL, NULL, NULL, NULL, NULL, NULL, NULL, NULL, '2023-11-29 00:22:59', '2023-11-29 00:22:59'),
(222307092, '0094194899', 'BUNGA SAKA AULIA', 'P', 'Islam', NULL, NULL, NULL, NULL, NULL, 14, NULL, NULL, NULL, NULL, NULL, NULL, NULL, NULL, '2023-11-29 00:22:59', '2023-11-29 00:22:59'),
(222307093, '0095348267', 'CHALLISTA LALUNA INDAH JATMIKO', 'P', 'Islam', NULL, NULL, NULL, NULL, NULL, 15, NULL, NULL, NULL, NULL, NULL, NULL, NULL, NULL, '2023-11-29 00:22:59', '2023-11-29 00:22:59'),
(222307094, '0104950243', 'CHANTYKA ZYASKHIA PUTRI', 'P', 'Islam', NULL, NULL, NULL, NULL, NULL, 16, NULL, NULL, NULL, NULL, NULL, NULL, NULL, NULL, '2023-11-29 00:22:59', '2023-11-29 00:22:59'),
(222307095, '0099528694', 'CHELSHE GADIS TRANIA', 'P', 'Islam', NULL, NULL, NULL, NULL, NULL, 17, NULL, NULL, NULL, NULL, NULL, NULL, NULL, NULL, '2023-11-29 00:22:59', '2023-11-29 00:22:59'),
(222307096, '0109876060', 'CHOIRUL AZZAM', 'L', 'Islam', NULL, NULL, NULL, NULL, NULL, 13, NULL, NULL, NULL, NULL, NULL, NULL, NULL, NULL, '2023-11-29 00:22:59', '2023-11-29 00:22:59'),
(222307097, '0097168825', 'CRESIAH TILITA SYAKI', 'P', 'Islam', NULL, NULL, NULL, NULL, NULL, 18, NULL, NULL, NULL, NULL, NULL, NULL, NULL, NULL, '2023-11-29 00:22:59', '2023-11-29 00:22:59'),
(222307098, '0101478024', 'DANIH SADARU', 'L', 'Islam', NULL, NULL, NULL, NULL, NULL, 14, NULL, NULL, NULL, NULL, NULL, NULL, NULL, NULL, '2023-11-29 00:22:59', '2023-11-29 00:22:59'),
(222307099, '0102799546', 'DARIP SAPUTRA MAULANA', 'L', 'Islam', NULL, NULL, NULL, NULL, NULL, 15, NULL, NULL, NULL, NULL, NULL, NULL, NULL, NULL, '2023-11-29 00:22:59', '2023-11-29 00:22:59'),
(222307100, '0093288808', 'DARNIAH', 'P', 'Islam', NULL, NULL, NULL, NULL, NULL, 19, NULL, NULL, NULL, NULL, NULL, NULL, NULL, NULL, '2023-11-29 00:22:59', '2023-11-29 00:22:59'),
(222307102, '0109112426', 'DEA MAYA LESTARI', 'P', 'Islam', NULL, NULL, NULL, NULL, NULL, 20, NULL, NULL, NULL, NULL, NULL, NULL, NULL, NULL, '2023-11-29 00:23:00', '2023-11-29 00:23:00'),
(222307103, '3103031350', 'DELICIA CLEODORA SIMANUNGKALIT', 'P', 'Kristen', NULL, NULL, NULL, NULL, NULL, 21, NULL, NULL, NULL, NULL, NULL, NULL, NULL, NULL, '2023-11-29 00:23:00', '2023-11-29 00:23:00'),
(222307104, '0094139551', 'DELLA DITA', 'P', 'Islam', NULL, NULL, NULL, NULL, NULL, 22, NULL, NULL, NULL, NULL, NULL, NULL, NULL, NULL, '2023-11-29 00:23:00', '2023-11-29 00:23:00'),
(222307105, '0103606984', 'DELVANI JINGGA PUTRI', 'P', 'Islam', NULL, NULL, NULL, NULL, NULL, 12, NULL, NULL, NULL, NULL, NULL, NULL, NULL, NULL, '2023-11-29 00:22:59', '2023-11-29 00:22:59'),
(222307106, '0092864422', 'DESTI PRISTYANING PUTRI', 'P', 'Islam', NULL, NULL, NULL, NULL, NULL, 13, NULL, NULL, NULL, NULL, NULL, NULL, NULL, NULL, '2023-11-29 00:22:59', '2023-11-29 00:22:59'),
(222307107, '0094753253', 'DESWITA MAHARANI NABABAN', 'P', 'Kristen', NULL, NULL, NULL, NULL, NULL, 14, NULL, NULL, NULL, NULL, NULL, NULL, NULL, NULL, '2023-11-29 00:22:59', '2023-11-29 00:22:59'),
(222307108, '0104461070', 'DESWITA SURPIANAH', 'P', 'Islam', NULL, NULL, NULL, NULL, NULL, 15, NULL, NULL, NULL, NULL, NULL, NULL, NULL, NULL, '2023-11-29 00:22:59', '2023-11-29 00:22:59'),
(222307109, '0098573782', 'DEVA ILHAM MAULANA', 'L', 'Islam', NULL, NULL, NULL, NULL, NULL, 16, NULL, NULL, NULL, NULL, NULL, NULL, NULL, NULL, '2023-11-29 00:22:59', '2023-11-29 00:22:59'),
(222307110, '3098112748', 'DEVINA DAMAI YANTI', 'P', 'Islam', NULL, NULL, NULL, NULL, NULL, 16, NULL, NULL, NULL, NULL, NULL, NULL, NULL, NULL, '2023-11-29 00:22:59', '2023-11-29 00:22:59'),
(222307111, '3095110608', 'DEWI ULANDARI', 'P', 'Islam', NULL, NULL, NULL, NULL, NULL, 17, NULL, NULL, NULL, NULL, NULL, NULL, NULL, NULL, '2023-11-29 00:22:59', '2023-11-29 00:22:59'),
(222307112, '0102252346', 'DHANU ABDUL AZIEZ SEGONANG', 'L', 'Islam', NULL, NULL, NULL, NULL, NULL, 17, NULL, NULL, NULL, NULL, NULL, NULL, NULL, NULL, '2023-11-29 00:22:59', '2023-11-29 00:22:59'),
(222307113, '0109707555', 'DHEA RAHMA SILSILAHUSSOLEHA', 'P', 'Islam', NULL, NULL, NULL, NULL, NULL, 18, NULL, NULL, NULL, NULL, NULL, NULL, NULL, NULL, '2023-11-29 00:22:59', '2023-11-29 00:22:59'),
(222307114, '0101130730', 'DHIYA ULHAQ', 'P', 'Islam', NULL, NULL, NULL, NULL, NULL, 16, NULL, NULL, NULL, NULL, NULL, NULL, NULL, NULL, '2023-11-29 00:22:59', '2023-11-29 00:22:59'),
(222307115, '0109815703', 'DIANA RISMA', 'P', 'Islam', NULL, NULL, NULL, NULL, NULL, 20, NULL, NULL, NULL, NULL, NULL, NULL, NULL, NULL, '2023-11-29 00:23:00', '2023-11-29 00:23:00'),
(222307116, '0094042126', 'DINDA', 'P', 'Islam', NULL, NULL, NULL, NULL, NULL, 21, NULL, NULL, NULL, NULL, NULL, NULL, NULL, NULL, '2023-11-29 00:23:00', '2023-11-29 00:23:00'),
(222307117, '3092836132', 'DINDA AYU NOVI YENI', 'P', 'Islam', NULL, NULL, NULL, NULL, NULL, 22, NULL, NULL, NULL, NULL, NULL, NULL, NULL, NULL, '2023-11-29 00:23:00', '2023-11-29 00:23:00'),
(222307118, '0107481081', 'DINDA PEBRINA', 'P', 'Islam', NULL, NULL, NULL, NULL, NULL, 12, NULL, NULL, NULL, NULL, NULL, NULL, NULL, NULL, '2023-11-29 00:22:59', '2023-11-29 00:22:59'),
(222307119, '0109198756', 'DITA PUTRI SAKINA', 'P', 'Islam', NULL, NULL, NULL, NULL, NULL, 13, NULL, NULL, NULL, NULL, NULL, NULL, NULL, NULL, '2023-11-29 00:22:59', '2023-11-29 00:22:59'),
(222307120, '0096799448', 'DIVAHARA MULIYANAH', 'P', 'Islam', NULL, NULL, NULL, NULL, NULL, 14, NULL, NULL, NULL, NULL, NULL, NULL, NULL, NULL, '2023-11-29 00:22:59', '2023-11-29 00:22:59'),
(222307121, '0103311679', 'DWI GITA RIYANTI', 'P', 'Islam', NULL, NULL, NULL, NULL, NULL, 15, NULL, NULL, NULL, NULL, NULL, NULL, NULL, NULL, '2023-11-29 00:22:59', '2023-11-29 00:22:59'),
(222307122, '0108382022', 'DWI SULISTIANI', 'P', 'Islam', NULL, NULL, NULL, NULL, NULL, 16, NULL, NULL, NULL, NULL, NULL, NULL, NULL, NULL, '2023-11-29 00:22:59', '2023-11-29 00:22:59'),
(222307123, '0098454939', 'EGGIS REGINA SHIFA', 'P', 'Islam', NULL, NULL, NULL, NULL, NULL, 17, NULL, NULL, NULL, NULL, NULL, NULL, NULL, NULL, '2023-11-29 00:22:59', '2023-11-29 00:22:59'),
(222307124, '0109132782', 'EKA DWI ANGGRAINI', 'P', 'Islam', NULL, NULL, NULL, NULL, NULL, 18, NULL, NULL, NULL, NULL, NULL, NULL, NULL, NULL, '2023-11-29 00:22:59', '2023-11-29 00:22:59'),
(222307125, '0104156685', 'EKA PANJI PRASETYO', 'L', 'Islam', NULL, NULL, NULL, NULL, NULL, 18, NULL, NULL, NULL, NULL, NULL, NULL, NULL, NULL, '2023-11-29 00:22:59', '2023-11-29 00:22:59'),
(222307126, '0109626141', 'EKA ROSMAWATI S', 'P', 'Islam', NULL, NULL, NULL, NULL, NULL, 19, NULL, NULL, NULL, NULL, NULL, NULL, NULL, NULL, '2023-11-29 00:22:59', '2023-11-29 00:22:59'),
(222307127, '0107196176', 'ELIZA PUTRI AYU', 'P', 'Islam', NULL, NULL, NULL, NULL, NULL, 20, NULL, NULL, NULL, NULL, NULL, NULL, NULL, NULL, '2023-11-29 00:23:00', '2023-11-29 00:23:00'),
(222307128, '0098996596', 'EVAN AYDIN KHALFANI', 'L', 'Islam', NULL, NULL, NULL, NULL, NULL, 19, NULL, NULL, NULL, NULL, NULL, NULL, NULL, NULL, '2023-11-29 00:22:59', '2023-11-29 00:22:59'),
(222307129, '0106513270', 'EVANSYAH MAULANA IBRAHIM', 'L', 'Islam', NULL, NULL, NULL, NULL, NULL, 20, NULL, NULL, NULL, NULL, NULL, NULL, NULL, NULL, '2023-11-29 00:23:00', '2023-11-29 00:23:00'),
(222307130, '0161263133', 'FADIL ABDUL HAKIM', 'L', 'Islam', NULL, NULL, NULL, NULL, NULL, 21, NULL, NULL, NULL, NULL, NULL, NULL, NULL, NULL, '2023-11-29 00:23:00', '2023-11-29 00:23:00'),
(222307131, '0104218716', 'FADLY BISMA AUFAR', 'L', 'Islam', NULL, NULL, NULL, NULL, NULL, 22, NULL, NULL, NULL, NULL, NULL, NULL, NULL, NULL, '2023-11-29 00:23:00', '2023-11-29 00:23:00'),
(222307132, '0091900420', 'FAHRI RAMADHAN', 'L', 'Islam', NULL, NULL, NULL, NULL, NULL, 12, NULL, NULL, NULL, NULL, NULL, NULL, NULL, NULL, '2023-11-29 00:22:59', '2023-11-29 00:22:59'),
(222307134, '0106247460', 'FAIZ KHOIRUL UMAM', 'L', 'Islam', NULL, NULL, NULL, NULL, NULL, 13, NULL, NULL, NULL, NULL, NULL, NULL, NULL, NULL, '2023-11-29 00:22:59', '2023-11-29 00:22:59'),
(222307135, '3101565134', 'FAIZUL ANWAR HASIN', 'L', 'Islam', NULL, NULL, NULL, NULL, NULL, 14, NULL, NULL, NULL, NULL, NULL, NULL, NULL, NULL, '2023-11-29 00:22:59', '2023-11-29 00:22:59'),
(222307136, '0106899789', 'FAKHRI ALEM SIDIK', 'L', 'Islam', NULL, NULL, NULL, NULL, NULL, 15, NULL, NULL, NULL, NULL, NULL, NULL, NULL, NULL, '2023-11-29 00:22:59', '2023-11-29 00:22:59'),
(222307137, '0108761157', 'FANZA ANDOLI NURROHIM', 'L', 'Islam', NULL, NULL, NULL, NULL, NULL, 16, NULL, NULL, NULL, NULL, NULL, NULL, NULL, NULL, '2023-11-29 00:22:59', '2023-11-29 00:22:59'),
(222307138, '0097180162', 'FAREL ZAKY EPENDI', 'L', 'Islam', NULL, NULL, NULL, NULL, NULL, 17, NULL, NULL, NULL, NULL, NULL, NULL, NULL, NULL, '2023-11-29 00:22:59', '2023-11-29 00:22:59'),
(222307139, '0089679984', 'FAREN DIDA ALWALY', 'L', 'Islam', NULL, NULL, NULL, NULL, NULL, 18, NULL, NULL, NULL, NULL, NULL, NULL, NULL, NULL, '2023-11-29 00:22:59', '2023-11-29 00:22:59'),
(222307140, '0094439465', 'FARHAN SAPUTRA', 'L', 'Islam', NULL, NULL, NULL, NULL, NULL, 19, NULL, NULL, NULL, NULL, NULL, NULL, NULL, NULL, '2023-11-29 00:22:59', '2023-11-29 00:22:59'),
(222307141, '0103152250', 'FATIH DZAKY WIBOWO', 'L', 'Islam', NULL, NULL, NULL, NULL, NULL, 20, NULL, NULL, NULL, NULL, NULL, NULL, NULL, NULL, '2023-11-29 00:23:00', '2023-11-29 00:23:00'),
(222307142, '0091052427', 'FAUZIAH NIA RAMADANI', 'P', 'Islam', NULL, NULL, NULL, NULL, NULL, 21, NULL, NULL, NULL, NULL, NULL, NULL, NULL, NULL, '2023-11-29 00:23:00', '2023-11-29 00:23:00'),
(222307143, '0092827823', 'FEBRIANO TODOAN HARAHAP', 'L', 'Islam', NULL, NULL, NULL, NULL, NULL, 21, NULL, NULL, NULL, NULL, NULL, NULL, NULL, NULL, '2023-11-29 00:23:00', '2023-11-29 00:23:00'),
(222307144, '0103518678', 'FELICIA VIDYA NOSHI PANJAITAN', 'P', 'Kristen', NULL, NULL, NULL, NULL, NULL, 22, NULL, NULL, NULL, NULL, NULL, NULL, NULL, NULL, '2023-11-29 00:23:00', '2023-11-29 00:23:00'),
(222307145, '0106668640', 'FHADIL FACHRIZAL HANAFI', 'L', 'Islam', NULL, NULL, NULL, NULL, NULL, 22, NULL, NULL, NULL, NULL, NULL, NULL, NULL, NULL, '2023-11-29 00:23:00', '2023-11-29 00:23:00'),
(222307146, '0081129487', 'FIDYA LESTARI', 'P', 'Islam', NULL, NULL, NULL, NULL, NULL, 12, NULL, NULL, NULL, NULL, NULL, NULL, NULL, NULL, '2023-11-29 00:22:59', '2023-11-29 00:22:59'),
(222307147, '3103368854', 'FILZA ZAKIYAH', 'P', 'Islam', NULL, NULL, NULL, NULL, NULL, 20, NULL, NULL, NULL, NULL, NULL, NULL, NULL, NULL, '2023-11-29 00:23:00', '2023-11-29 00:23:00'),
(222307148, '0106724988', 'FITRAH SYAFIQ ARDHANI', 'L', 'Islam', NULL, NULL, NULL, NULL, NULL, 12, NULL, NULL, NULL, NULL, NULL, NULL, NULL, NULL, '2023-11-29 00:22:59', '2023-11-29 00:22:59'),
(222307149, '0093505934', 'FITRIA MAULIDYA', 'P', 'Islam', NULL, NULL, NULL, NULL, NULL, 14, NULL, NULL, NULL, NULL, NULL, NULL, NULL, NULL, '2023-11-29 00:22:59', '2023-11-29 00:22:59'),
(222307150, '0101434723', 'GALINDRA LINGGA KURNIAWAN', 'L', 'Islam', NULL, NULL, NULL, NULL, NULL, 13, NULL, NULL, NULL, NULL, NULL, NULL, NULL, NULL, '2023-11-29 00:22:59', '2023-11-29 00:22:59'),
(222307151, '0093648630', 'GALUH DAYU NINGRUM', 'P', 'Islam', NULL, NULL, NULL, NULL, NULL, 16, NULL, NULL, NULL, NULL, NULL, NULL, NULL, NULL, '2023-11-29 00:22:59', '2023-11-29 00:22:59'),
(222307152, '0099825979', 'GANENDRA JAVAS MAHESWARA', 'L', 'Islam', NULL, NULL, NULL, NULL, NULL, 14, NULL, NULL, NULL, NULL, NULL, NULL, NULL, NULL, '2023-11-29 00:22:59', '2023-11-29 00:22:59'),
(222307153, '0092096227', 'GIFARI RAFA RAMADHANI', 'L', 'Islam', NULL, NULL, NULL, NULL, NULL, 15, NULL, NULL, NULL, NULL, NULL, NULL, NULL, NULL, '2023-11-29 00:22:59', '2023-11-29 00:22:59'),
(222307154, '0109702041', 'GILANG DIVO KURNIAWAN', 'L', 'Islam', NULL, NULL, NULL, NULL, NULL, 16, NULL, NULL, NULL, NULL, NULL, NULL, NULL, NULL, '2023-11-29 00:22:59', '2023-11-29 00:22:59'),
(222307155, '0105507575', 'GISELLE HILLARY AL\'ZHENA', 'P', 'Islam', NULL, NULL, NULL, NULL, NULL, 17, NULL, NULL, NULL, NULL, NULL, NULL, NULL, NULL, '2023-11-29 00:22:59', '2023-11-29 00:22:59'),
(222307156, '0107924688', 'GRISELDA NURIA PUTRI', 'P', 'Islam', NULL, NULL, NULL, NULL, NULL, 18, NULL, NULL, NULL, NULL, NULL, NULL, NULL, NULL, '2023-11-29 00:22:59', '2023-11-29 00:22:59'),
(222307157, '0104102270', 'HABIBI MUZAKIR', 'L', 'Islam', NULL, NULL, NULL, NULL, NULL, 17, NULL, NULL, NULL, NULL, NULL, NULL, NULL, NULL, '2023-11-29 00:22:59', '2023-11-29 00:22:59'),
(222307159, '3101525932', 'HAIDAR IKHTIARUDIN ZAHWAN', 'L', 'Islam', NULL, NULL, NULL, NULL, NULL, 18, NULL, NULL, NULL, NULL, NULL, NULL, NULL, NULL, '2023-11-29 00:22:59', '2023-11-29 00:22:59'),
(222307160, '0102638876', 'HAIRLANGGA RUSMAILI', 'L', 'Islam', NULL, NULL, NULL, NULL, NULL, 19, NULL, NULL, NULL, NULL, NULL, NULL, NULL, NULL, '2023-11-29 00:22:59', '2023-11-29 00:22:59'),
(222307161, '0105220429', 'HANDRI RAMA', 'L', 'Islam', NULL, NULL, NULL, NULL, NULL, 20, NULL, NULL, NULL, NULL, NULL, NULL, NULL, NULL, '2023-11-29 00:23:00', '2023-11-29 00:23:00'),
(222307162, '0103653590', 'HASYIM HASANI', 'L', 'Islam', NULL, NULL, NULL, NULL, NULL, 21, NULL, NULL, NULL, NULL, NULL, NULL, NULL, NULL, '2023-11-29 00:23:00', '2023-11-29 00:23:00'),
(222307163, '0089889142', 'IBNU RAMADHAN', 'L', 'Islam', NULL, NULL, NULL, NULL, NULL, 22, NULL, NULL, NULL, NULL, NULL, NULL, NULL, NULL, '2023-11-29 00:23:00', '2023-11-29 00:23:00'),
(222307164, '0101541635', 'IBRAHIMOVIC AL GHOFFAR WIDODO', 'L', 'Islam', NULL, NULL, NULL, NULL, NULL, 12, NULL, NULL, NULL, NULL, NULL, NULL, NULL, NULL, '2023-11-29 00:22:59', '2023-11-29 00:22:59'),
(222307165, '0093766156', 'ICHSAN', 'L', 'Islam', NULL, NULL, NULL, NULL, NULL, 13, NULL, NULL, NULL, NULL, NULL, NULL, NULL, NULL, '2023-11-29 00:22:59', '2023-11-29 00:22:59'),
(222307166, '3112689190', 'IIN INDRIYANI MIFTAHUL ZANAH', 'P', 'Islam', NULL, NULL, NULL, NULL, NULL, 19, NULL, NULL, NULL, NULL, NULL, NULL, NULL, NULL, '2023-11-29 00:22:59', '2023-11-29 00:22:59'),
(222307167, '0096448821', 'ILHAM MAULANA MUHAMMAD', 'L', 'Islam', NULL, NULL, NULL, NULL, NULL, 14, NULL, NULL, NULL, NULL, NULL, NULL, NULL, NULL, '2023-11-29 00:22:59', '2023-11-29 00:22:59'),
(222307168, '0109476061', 'ILHAM WAHYUDI', 'L', 'Islam', NULL, NULL, NULL, NULL, NULL, 15, NULL, NULL, NULL, NULL, NULL, NULL, NULL, NULL, '2023-11-29 00:22:59', '2023-11-29 00:22:59'),
(222307169, '0094444559', 'ILYAS MUHAMMAD A.F', 'L', 'Islam', NULL, NULL, NULL, NULL, NULL, 16, NULL, NULL, NULL, NULL, NULL, NULL, NULL, NULL, '2023-11-29 00:22:59', '2023-11-29 00:22:59'),
(222307170, '0104076770', 'IMELDA CITRA AULIYA', 'P', 'Islam', NULL, NULL, NULL, NULL, NULL, 20, NULL, NULL, NULL, NULL, NULL, NULL, NULL, NULL, '2023-11-29 00:23:00', '2023-11-29 00:23:00'),
(222307171, '3109264744', 'IMMANUEL RAJA SITINJAK', 'L', 'Kristen', NULL, NULL, NULL, NULL, NULL, 17, NULL, NULL, NULL, NULL, NULL, NULL, NULL, NULL, '2023-11-29 00:22:59', '2023-11-29 00:22:59'),
(222307172, '0108411539', 'INTAN SUKMA AULIA', 'P', 'Islam', NULL, NULL, NULL, NULL, NULL, 21, NULL, NULL, NULL, NULL, NULL, NULL, NULL, NULL, '2023-11-29 00:23:00', '2023-11-29 00:23:00'),
(222307173, '0102175469', 'IRSALINA DZAKIROH', 'P', 'Islam', NULL, NULL, NULL, NULL, NULL, 22, NULL, NULL, NULL, NULL, NULL, NULL, NULL, NULL, '2023-11-29 00:23:00', '2023-11-29 00:23:00'),
(222307174, '0107836699', 'IRSYAD RESWARA', 'L', 'Islam', NULL, NULL, NULL, NULL, NULL, 18, NULL, NULL, NULL, NULL, NULL, NULL, NULL, NULL, '2023-11-29 00:22:59', '2023-11-29 00:22:59'),
(222307175, '3102562768', 'ISMYATUL AZIZAH', 'P', 'Islam', NULL, NULL, NULL, NULL, NULL, 12, NULL, NULL, NULL, NULL, NULL, NULL, NULL, NULL, '2023-11-29 00:22:59', '2023-11-29 00:22:59'),
(222307176, '0097368396', 'JAHRA', 'P', 'Islam', NULL, NULL, NULL, NULL, NULL, 13, NULL, NULL, NULL, NULL, NULL, NULL, NULL, NULL, '2023-11-29 00:22:59', '2023-11-29 00:22:59'),
(222307177, '3104831929', 'JAMILAH', 'P', 'Islam', NULL, NULL, NULL, NULL, NULL, 14, NULL, NULL, NULL, NULL, NULL, NULL, NULL, NULL, '2023-11-29 00:22:59', '2023-11-29 00:22:59'),
(222307178, '0102201518', 'JINGGA FITRI WILLYANTI', 'P', 'Islam', NULL, NULL, NULL, NULL, NULL, 15, NULL, NULL, NULL, NULL, NULL, NULL, NULL, NULL, '2023-11-29 00:22:59', '2023-11-29 00:22:59'),
(222307179, '0091181389', 'JUMITA KHOIRIYAH FIKRI', 'P', 'Islam', NULL, NULL, NULL, NULL, NULL, 16, NULL, NULL, NULL, NULL, NULL, NULL, NULL, NULL, '2023-11-29 00:22:59', '2023-11-29 00:22:59'),
(222307180, '3085312507', 'JUNANDA ULANDARI', 'P', 'Islam', NULL, NULL, NULL, NULL, NULL, 19, NULL, NULL, NULL, NULL, NULL, NULL, NULL, NULL, '2023-11-29 00:22:59', '2023-11-29 00:22:59'),
(222307181, '0108276444', 'JUWA MAHARANI', 'P', 'Islam', NULL, NULL, NULL, NULL, NULL, 18, NULL, NULL, NULL, NULL, NULL, NULL, NULL, NULL, '2023-11-29 00:22:59', '2023-11-29 00:22:59'),
(222307182, '0096402635', 'KAILA FRESQISYAH', 'P', 'Islam', NULL, NULL, NULL, NULL, NULL, 19, NULL, NULL, NULL, NULL, NULL, NULL, NULL, NULL, '2023-11-29 00:22:59', '2023-11-29 00:22:59'),
(222307183, '0095607072', 'KAINI DWI RAHANI', 'P', 'Islam', NULL, NULL, NULL, NULL, NULL, 20, NULL, NULL, NULL, NULL, NULL, NULL, NULL, NULL, '2023-11-29 00:23:00', '2023-11-29 00:23:00'),
(222307184, '0105105662', 'KAMILA REGINA PUTRI', 'P', 'Islam', NULL, NULL, NULL, NULL, NULL, 21, NULL, NULL, NULL, NULL, NULL, NULL, NULL, NULL, '2023-11-29 00:23:00', '2023-11-29 00:23:00'),
(222307185, '0095505654', 'KANAYA', 'P', 'Islam', NULL, NULL, NULL, NULL, NULL, 20, NULL, NULL, NULL, NULL, NULL, NULL, NULL, NULL, '2023-11-29 00:23:00', '2023-11-29 00:23:00'),
(222307186, '0109559832', 'KAYYSHA HAURA NUFAH', 'P', 'Islam', NULL, NULL, NULL, NULL, NULL, 12, NULL, NULL, NULL, NULL, NULL, NULL, NULL, NULL, '2023-11-29 00:22:59', '2023-11-29 00:22:59'),
(222307187, '0099938497', 'KEISYA', 'P', 'Islam', NULL, NULL, NULL, NULL, NULL, 14, NULL, NULL, NULL, NULL, NULL, NULL, NULL, NULL, '2023-11-29 00:22:59', '2023-11-29 00:22:59'),
(222307189, '0104059389', 'KEYKO MALLIKA AZZURA', 'P', 'Islam', NULL, NULL, NULL, NULL, NULL, 14, NULL, NULL, NULL, NULL, NULL, NULL, NULL, NULL, '2023-11-29 00:22:59', '2023-11-29 00:22:59'),
(222307190, '3091278815', 'KEYLA RAMADHANI ISKANDAR', 'P', 'Islam', NULL, NULL, NULL, NULL, NULL, 15, NULL, NULL, NULL, NULL, NULL, NULL, NULL, NULL, '2023-11-29 00:22:59', '2023-11-29 00:22:59'),
(222307191, '0107874747', 'KEYSHA ADHELIA PUTRI', 'P', 'Islam', NULL, NULL, NULL, NULL, NULL, 16, NULL, NULL, NULL, NULL, NULL, NULL, NULL, NULL, '2023-11-29 00:22:59', '2023-11-29 00:22:59'),
(222307193, '0097929238', 'KHALISA FIKHRATUHA', 'P', 'Islam', NULL, NULL, NULL, NULL, NULL, 17, NULL, NULL, NULL, NULL, NULL, NULL, NULL, NULL, '2023-11-29 00:22:59', '2023-11-29 00:22:59'),
(222307194, '0084415830', 'KHANSA REGINA ZAIDA', 'P', 'Islam', NULL, NULL, NULL, NULL, NULL, 18, NULL, NULL, NULL, NULL, NULL, NULL, NULL, NULL, '2023-11-29 00:22:59', '2023-11-29 00:22:59'),
(222307195, '0105904829', 'KHOIRUL AZAM', 'L', 'Islam', NULL, NULL, NULL, NULL, NULL, 19, NULL, NULL, NULL, NULL, NULL, NULL, NULL, NULL, '2023-11-29 00:22:59', '2023-11-29 00:22:59'),
(222307196, '0093369268', 'KHOIRUL NISSA BINTARA', 'P', 'Islam', NULL, NULL, NULL, NULL, NULL, 19, NULL, NULL, NULL, NULL, NULL, NULL, NULL, NULL, '2023-11-29 00:22:59', '2023-11-29 00:22:59'),
(222307198, '0095882368', 'KIRAN NADHIFA', 'P', 'Islam', NULL, NULL, NULL, NULL, NULL, 20, NULL, NULL, NULL, NULL, NULL, NULL, NULL, NULL, '2023-11-29 00:23:00', '2023-11-29 00:23:00'),
(222307199, '0091076018', 'KIRANA TRI JUNIARTI', 'P', 'Islam', NULL, NULL, NULL, NULL, NULL, 21, NULL, NULL, NULL, NULL, NULL, NULL, NULL, NULL, '2023-11-29 00:23:00', '2023-11-29 00:23:00'),
(222307200, '0104005719', 'KIRRLY CHIKA PRATIWI', 'P', 'Islam', NULL, NULL, NULL, NULL, NULL, 22, NULL, NULL, NULL, NULL, NULL, NULL, NULL, NULL, '2023-11-29 00:23:00', '2023-11-29 00:23:00'),
(222307201, '0109875373', 'KRISTIANI DEBORA', 'P', 'Kristen', NULL, NULL, NULL, NULL, NULL, 12, NULL, NULL, NULL, NULL, NULL, NULL, NULL, NULL, '2023-11-29 00:22:59', '2023-11-29 00:22:59'),
(222307202, '0097469054', 'LAKSAMANA MULIA SIAGIAN', 'L', 'Kristen', NULL, NULL, NULL, NULL, NULL, 20, NULL, NULL, NULL, NULL, NULL, NULL, NULL, NULL, '2023-11-29 00:23:00', '2023-11-29 00:23:00'),
(222307203, '0106184916', 'LARASATI', 'P', 'Islam', NULL, NULL, NULL, NULL, NULL, 13, NULL, NULL, NULL, NULL, NULL, NULL, NULL, NULL, '2023-11-29 00:22:59', '2023-11-29 00:22:59'),
(222307204, '0092115800', 'LINGKAR PRAMUJI PUTRA', 'L', 'Islam', NULL, NULL, NULL, NULL, NULL, 21, NULL, NULL, NULL, NULL, NULL, NULL, NULL, NULL, '2023-11-29 00:23:00', '2023-11-29 00:23:00'),
(222307205, '0102097480', 'LUKMANUL HAKIM', 'L', 'Islam', NULL, NULL, NULL, NULL, NULL, 22, NULL, NULL, NULL, NULL, NULL, NULL, NULL, NULL, '2023-11-29 00:23:00', '2023-11-29 00:23:00'),
(222307206, '0091931716', 'LULU RAMADANI', 'P', 'Islam', NULL, NULL, NULL, NULL, NULL, 14, NULL, NULL, NULL, NULL, NULL, NULL, NULL, NULL, '2023-11-29 00:22:59', '2023-11-29 00:22:59'),
(222307207, '0106183837', 'LULU ZAENAH KOMARIAH', 'P', 'Islam', NULL, NULL, NULL, NULL, NULL, 15, NULL, NULL, NULL, NULL, NULL, NULL, NULL, NULL, '2023-11-29 00:22:59', '2023-11-29 00:22:59'),
(222307208, '0109604797', 'LUTHFI ARIF SOPANDI', 'L', 'Islam', NULL, NULL, NULL, NULL, NULL, 12, NULL, NULL, NULL, NULL, NULL, NULL, NULL, NULL, '2023-11-29 00:22:59', '2023-11-29 00:22:59'),
(222307209, '0091048905', 'LUTVITA ZAKRO NESIN', 'P', 'Islam', NULL, NULL, NULL, NULL, NULL, 18, NULL, NULL, NULL, NULL, NULL, NULL, NULL, NULL, '2023-11-29 00:22:59', '2023-11-29 00:22:59'),
(222307210, '0097580299', 'LUVITA SARI', 'P', 'Islam', NULL, NULL, NULL, NULL, NULL, 17, NULL, NULL, NULL, NULL, NULL, NULL, NULL, NULL, '2023-11-29 00:22:59', '2023-11-29 00:22:59'),
(222307211, '0102731527', 'LYRA RAHMA PUTRI', 'P', 'Islam', NULL, NULL, NULL, NULL, NULL, 18, NULL, NULL, NULL, NULL, NULL, NULL, NULL, NULL, '2023-11-29 00:22:59', '2023-11-29 00:22:59'),
(222307212, '0105279228', 'M. ALFIN AL FAQIH', 'L', 'Islam', NULL, NULL, NULL, NULL, NULL, 13, NULL, NULL, NULL, NULL, NULL, NULL, NULL, NULL, '2023-11-29 00:22:59', '2023-11-29 00:22:59'),
(222307213, '0095069956', 'M. FAWWAZ INSANI', 'L', 'Islam', NULL, NULL, NULL, NULL, NULL, 14, NULL, NULL, NULL, NULL, NULL, NULL, NULL, NULL, '2023-11-29 00:22:59', '2023-11-29 00:22:59'),
(222307214, '0101855415', 'M. IBNU QAIS YASSAR FATIH', 'L', 'Islam', NULL, NULL, NULL, NULL, NULL, 15, NULL, NULL, NULL, NULL, NULL, NULL, NULL, NULL, '2023-11-29 00:22:59', '2023-11-29 00:22:59'),
(222307215, '3101570886', 'M. INDRA WIJAYA', 'L', 'Islam', NULL, NULL, NULL, NULL, NULL, 16, NULL, NULL, NULL, NULL, NULL, NULL, NULL, NULL, '2023-11-29 00:22:59', '2023-11-29 00:22:59'),
(222307216, '0107762867', 'M. IQBAL ASSYAHRI', 'L', 'Islam', NULL, NULL, NULL, NULL, NULL, 17, NULL, NULL, NULL, NULL, NULL, NULL, NULL, NULL, '2023-11-29 00:22:59', '2023-11-29 00:22:59'),
(222307217, '0104522795', 'M. JUNAEDI', 'L', 'Islam', NULL, NULL, NULL, NULL, NULL, 18, NULL, NULL, NULL, NULL, NULL, NULL, NULL, NULL, '2023-11-29 00:22:59', '2023-11-29 00:22:59'),
(222307218, '0102873582', 'M. KEVIN NUR HAPIZ MUNSIR', 'L', 'Islam', NULL, NULL, NULL, NULL, NULL, 19, NULL, NULL, NULL, NULL, NULL, NULL, NULL, NULL, '2023-11-29 00:22:59', '2023-11-29 00:22:59'),
(222307219, '0096818794', 'M. KHOIRUL AZAM', 'L', 'Islam', NULL, NULL, NULL, NULL, NULL, 20, NULL, NULL, NULL, NULL, NULL, NULL, NULL, NULL, '2023-11-29 00:23:00', '2023-11-29 00:23:00'),
(222307220, '0101282244', 'M. REHAN ALFARIZI', 'L', 'Islam', NULL, NULL, NULL, NULL, NULL, 21, NULL, NULL, NULL, NULL, NULL, NULL, NULL, NULL, '2023-11-29 00:23:00', '2023-11-29 00:23:00'),
(222307221, '0099619493', 'M. REZA', 'L', 'Islam', NULL, NULL, NULL, NULL, NULL, 22, NULL, NULL, NULL, NULL, NULL, NULL, NULL, NULL, '2023-11-29 00:23:00', '2023-11-29 00:23:00'),
(222307222, '0103502203', 'M. RIDWAN', 'L', 'Islam', NULL, NULL, NULL, NULL, NULL, 12, NULL, NULL, NULL, NULL, NULL, NULL, NULL, NULL, '2023-11-29 00:22:59', '2023-11-29 00:22:59'),
(222307223, '0107706002', 'MAHMUD ARIEF ARKAAN', 'L', 'Islam', NULL, NULL, NULL, NULL, NULL, 14, NULL, NULL, NULL, NULL, NULL, NULL, NULL, NULL, '2023-11-29 00:22:59', '2023-11-29 00:22:59'),
(222307224, '0107747136', 'MARCHIE ARTHA SULISTYA', 'P', 'Islam', NULL, NULL, NULL, NULL, NULL, 19, NULL, NULL, NULL, NULL, NULL, NULL, NULL, NULL, '2023-11-29 00:22:59', '2023-11-29 00:22:59'),
(222307225, '0101882108', 'MARI MUHAMMAD FARDANA', 'L', 'Islam', NULL, NULL, NULL, NULL, NULL, 15, NULL, NULL, NULL, NULL, NULL, NULL, NULL, NULL, '2023-11-29 00:22:59', '2023-11-29 00:22:59'),
(222307226, '0107341435', 'MARIA REVALINA NICOLAAS', 'P', 'Kristen', NULL, NULL, NULL, NULL, NULL, 20, NULL, NULL, NULL, NULL, NULL, NULL, NULL, NULL, '2023-11-29 00:23:00', '2023-11-29 00:23:00'),
(222307227, '0094161918', 'MARWAN HADI', 'L', 'Islam', NULL, NULL, NULL, NULL, NULL, 16, NULL, NULL, NULL, NULL, NULL, NULL, NULL, NULL, '2023-11-29 00:22:59', '2023-11-29 00:22:59'),
(222307228, '0097147814', 'MASRIPAH', 'P', 'Islam', NULL, NULL, NULL, NULL, NULL, 21, NULL, NULL, NULL, NULL, NULL, NULL, NULL, NULL, '2023-11-29 00:23:00', '2023-11-29 00:23:00'),
(222307229, '0091407372', 'MAULANA JA\'FAR ROHIM', 'L', 'Islam', NULL, NULL, NULL, NULL, NULL, 17, NULL, NULL, NULL, NULL, NULL, NULL, NULL, NULL, '2023-11-29 00:22:59', '2023-11-29 00:22:59'),
(222307230, '0083570700', 'MAY SEFI ISCABELA', 'P', 'Islam', NULL, NULL, NULL, NULL, NULL, 22, NULL, NULL, NULL, NULL, NULL, NULL, NULL, NULL, '2023-11-29 00:23:00', '2023-11-29 00:23:00'),
(222307231, '3096700606', 'MELATI', 'P', 'Islam', NULL, NULL, NULL, NULL, NULL, 12, NULL, NULL, NULL, NULL, NULL, NULL, NULL, NULL, '2023-11-29 00:22:59', '2023-11-29 00:22:59'),
(222307232, '0104993308', 'MELINDA SAFITRI', 'P', 'Islam', NULL, NULL, NULL, NULL, NULL, 13, NULL, NULL, NULL, NULL, NULL, NULL, NULL, NULL, '2023-11-29 00:22:59', '2023-11-29 00:22:59'),
(222307233, '0109296395', 'MELODY QOTRUNADA', 'P', 'Islam', NULL, NULL, NULL, NULL, NULL, 14, NULL, NULL, NULL, NULL, NULL, NULL, NULL, NULL, '2023-11-29 00:22:59', '2023-11-29 00:22:59'),
(222307235, '0097560737', 'MITA AL JANNAH', 'P', 'Islam', NULL, NULL, NULL, NULL, NULL, 15, NULL, NULL, NULL, NULL, NULL, NULL, NULL, NULL, '2023-11-29 00:22:59', '2023-11-29 00:22:59'),
(222307236, '0104015446', 'MOURINHO YUSUF SINATRIA PRAKOSO', 'L', 'Islam', NULL, NULL, NULL, NULL, NULL, 18, NULL, NULL, NULL, NULL, NULL, NULL, NULL, NULL, '2023-11-29 00:22:59', '2023-11-29 00:22:59'),
(222307237, '0098674834', 'MUHAMAD AJI PAHREZA', 'L', 'Islam', NULL, NULL, NULL, NULL, NULL, 19, NULL, NULL, NULL, NULL, NULL, NULL, NULL, NULL, '2023-11-29 00:22:59', '2023-11-29 00:22:59'),
(222307238, '3096208922', 'MUHAMAD AJRIL IRAWAN', 'L', 'Islam', NULL, NULL, NULL, NULL, NULL, 20, NULL, NULL, NULL, NULL, NULL, NULL, NULL, NULL, '2023-11-29 00:23:00', '2023-11-29 00:23:00'),
(222307239, '3096012395', 'MUHAMAD ANDIKA', 'L', 'Islam', NULL, NULL, NULL, NULL, NULL, 21, NULL, NULL, NULL, NULL, NULL, NULL, NULL, NULL, '2023-11-29 00:23:00', '2023-11-29 00:23:00'),
(222307240, '3099924460', 'MUHAMAD DIAR PRATAMA', 'L', 'Islam', NULL, NULL, NULL, NULL, NULL, 22, NULL, NULL, NULL, NULL, NULL, NULL, NULL, NULL, '2023-11-29 00:23:00', '2023-11-29 00:23:00'),
(222307241, '0105545721', 'MUHAMAD DWI PANGESTU', 'L', 'Islam', NULL, NULL, NULL, NULL, NULL, 12, NULL, NULL, NULL, NULL, NULL, NULL, NULL, NULL, '2023-11-29 00:22:59', '2023-11-29 00:22:59'),
(222307243, '0095776303', 'MUHAMAD FAISAL ABIDIN', 'L', 'Islam', NULL, NULL, NULL, NULL, NULL, 13, NULL, NULL, NULL, NULL, NULL, NULL, NULL, NULL, '2023-11-29 00:22:59', '2023-11-29 00:22:59'),
(222307244, '0086164484', 'MUHAMAD FARLAN', 'L', 'Islam', NULL, NULL, NULL, NULL, NULL, 14, NULL, NULL, NULL, NULL, NULL, NULL, NULL, NULL, '2023-11-29 00:22:59', '2023-11-29 00:22:59'),
(222307245, '3056582908', 'MUHAMAD FATIH', 'L', 'Islam', NULL, NULL, NULL, NULL, NULL, 15, NULL, NULL, NULL, NULL, NULL, NULL, NULL, NULL, '2023-11-29 00:22:59', '2023-11-29 00:22:59'),
(222307246, '0103044720', 'MUHAMAD IBRAHIM', 'L', 'Islam', NULL, NULL, NULL, NULL, NULL, 16, NULL, NULL, NULL, NULL, NULL, NULL, NULL, NULL, '2023-11-29 00:22:59', '2023-11-29 00:22:59'),
(222307247, '0094616698', 'MUHAMAD IKHSAN', 'L', 'Islam', NULL, NULL, NULL, NULL, NULL, 17, NULL, NULL, NULL, NULL, NULL, NULL, NULL, NULL, '2023-11-29 00:22:59', '2023-11-29 00:22:59'),
(222307248, '3099720346', 'MUHAMAD KAFI KAMALUDIN', 'L', 'Islam', NULL, NULL, NULL, NULL, NULL, 18, NULL, NULL, NULL, NULL, NULL, NULL, NULL, NULL, '2023-11-29 00:22:59', '2023-11-29 00:22:59'),
(222307249, '0096302943', 'MUHAMAD KHOIRIL ADZAM', 'L', 'Islam', NULL, NULL, NULL, NULL, NULL, 19, NULL, NULL, NULL, NULL, NULL, NULL, NULL, NULL, '2023-11-29 00:22:59', '2023-11-29 00:22:59'),
(222307250, '0096555096', 'MUHAMAD LUCKY VIRLIANSYAH', 'L', 'Islam', NULL, NULL, NULL, NULL, NULL, 20, NULL, NULL, NULL, NULL, NULL, NULL, NULL, NULL, '2023-11-29 00:23:00', '2023-11-29 00:23:00'),
(222307251, '0073728602', 'MUHAMAD LUDFI', 'L', 'Islam', NULL, NULL, NULL, NULL, NULL, 21, NULL, NULL, NULL, NULL, NULL, NULL, NULL, NULL, '2023-11-29 00:23:00', '2023-11-29 00:23:00'),
(222307252, '0103749816', 'MUHAMAD NAZRIEL', 'L', 'Islam', NULL, NULL, NULL, NULL, NULL, 22, NULL, NULL, NULL, NULL, NULL, NULL, NULL, NULL, '2023-11-29 00:23:00', '2023-11-29 00:23:00'),
(222307253, '0091532214', 'MUHAMAD PAHRI', 'L', 'Islam', NULL, NULL, NULL, NULL, NULL, 12, NULL, NULL, NULL, NULL, NULL, NULL, NULL, NULL, '2023-11-29 00:22:59', '2023-11-29 00:22:59'),
(222307254, '0101339928', 'MUHAMAD RAFKA FIRMANSYAH', 'L', 'Islam', NULL, NULL, NULL, NULL, NULL, 13, NULL, NULL, NULL, NULL, NULL, NULL, NULL, NULL, '2023-11-29 00:22:59', '2023-11-29 00:22:59'),
(222307255, '0092609746', 'MUHAMAD RASYAH AL KAMALI', 'L', 'Islam', NULL, NULL, NULL, NULL, NULL, 14, NULL, NULL, NULL, NULL, NULL, NULL, NULL, NULL, '2023-11-29 00:22:59', '2023-11-29 00:22:59'),
(222307256, '0093357053', 'MUHAMAD REVA IBRAHIM', 'L', 'Islam', NULL, NULL, NULL, NULL, NULL, 15, NULL, NULL, NULL, NULL, NULL, NULL, NULL, NULL, '2023-11-29 00:22:59', '2023-11-29 00:22:59'),
(222307257, '3019000171', 'MUHAMAD RIZQI AL HAFIDZ', 'L', 'Islam', NULL, NULL, NULL, NULL, NULL, 16, NULL, NULL, NULL, NULL, NULL, NULL, NULL, NULL, '2023-11-29 00:22:59', '2023-11-29 00:22:59'),
(222307258, '0108690574', 'MUHAMAD ROZEIN APRIANSYAH', 'L', 'Islam', NULL, NULL, NULL, NULL, NULL, 17, NULL, NULL, NULL, NULL, NULL, NULL, NULL, NULL, '2023-11-29 00:22:59', '2023-11-29 00:22:59'),
(222307259, '0101857324', 'MUHAMAD SHOFI MUBAROK', 'L', 'Islam', NULL, NULL, NULL, NULL, NULL, 18, NULL, NULL, NULL, NULL, NULL, NULL, NULL, NULL, '2023-11-29 00:22:59', '2023-11-29 00:22:59'),
(222307260, '0103043419', 'MUHAMAD ZAKI', 'L', 'Islam', NULL, NULL, NULL, NULL, NULL, 19, NULL, NULL, NULL, NULL, NULL, NULL, NULL, NULL, '2023-11-29 00:22:59', '2023-11-29 00:22:59'),
(222307261, '0102598021', 'MUHAMAD ZAQI MAULANA', 'L', 'Islam', NULL, NULL, NULL, NULL, NULL, 20, NULL, NULL, NULL, NULL, NULL, NULL, NULL, NULL, '2023-11-29 00:23:00', '2023-11-29 00:23:00'),
(222307262, '0103969317', 'MUHAMMAD ABDUL FAQIH', 'L', 'Islam', NULL, NULL, NULL, NULL, NULL, 21, NULL, NULL, NULL, NULL, NULL, NULL, NULL, NULL, '2023-11-29 00:23:00', '2023-11-29 00:23:00'),
(222307263, '0102424798', 'MUHAMMAD ADILAH RAFISAH', 'L', 'Islam', NULL, NULL, NULL, NULL, NULL, 12, NULL, NULL, NULL, NULL, NULL, NULL, NULL, NULL, '2023-11-29 00:22:59', '2023-11-29 00:22:59'),
(222307264, '0105494119', 'MUHAMMAD AFFANDI AFHAM SYAKUR', 'L', 'Islam', NULL, NULL, NULL, NULL, NULL, 13, NULL, NULL, NULL, NULL, NULL, NULL, NULL, NULL, '2023-11-29 00:22:59', '2023-11-29 00:22:59'),
(222307265, '0105696691', 'MUHAMMAD AFRIZAL JAILANI', 'L', 'Islam', NULL, NULL, NULL, NULL, NULL, 14, NULL, NULL, NULL, NULL, NULL, NULL, NULL, NULL, '2023-11-29 00:22:59', '2023-11-29 00:22:59'),
(222307266, '0095444087', 'MUHAMMAD AKBAR', 'L', 'Islam', NULL, NULL, NULL, NULL, NULL, 15, NULL, NULL, NULL, NULL, NULL, NULL, NULL, NULL, '2023-11-29 00:22:59', '2023-11-29 00:22:59'),
(222307267, '0098309111', 'MUHAMMAD AKBAR ILHAM', 'L', 'Islam', NULL, NULL, NULL, NULL, NULL, 16, NULL, NULL, NULL, NULL, NULL, NULL, NULL, NULL, '2023-11-29 00:22:59', '2023-11-29 00:22:59'),
(222307268, '0105678852', 'MUHAMMAD AKBAR SYAFII', 'L', 'Islam', NULL, NULL, NULL, NULL, NULL, 17, NULL, NULL, NULL, NULL, NULL, NULL, NULL, NULL, '2023-11-29 00:22:59', '2023-11-29 00:22:59'),
(222307269, '0107225475', 'MUHAMMAD AL FARIJAL', 'L', 'Islam', NULL, NULL, NULL, NULL, NULL, 18, NULL, NULL, NULL, NULL, NULL, NULL, NULL, NULL, '2023-11-29 00:22:59', '2023-11-29 00:22:59'),
(222307271, '0092705808', 'MUHAMMAD ALFIANO', 'L', 'Islam', NULL, NULL, NULL, NULL, NULL, 19, NULL, NULL, NULL, NULL, NULL, NULL, NULL, NULL, '2023-11-29 00:22:59', '2023-11-29 00:22:59'),
(222307272, '3121552886', 'MUHAMMAD ALFIN', 'L', 'Islam', NULL, NULL, NULL, NULL, NULL, 20, NULL, NULL, NULL, NULL, NULL, NULL, NULL, NULL, '2023-11-29 00:23:00', '2023-11-29 00:23:00'),
(222307273, '0094757892', 'MUHAMMAD ALI MUBAROK', 'L', 'Islam', NULL, NULL, NULL, NULL, NULL, 21, NULL, NULL, NULL, NULL, NULL, NULL, NULL, NULL, '2023-11-29 00:23:00', '2023-11-29 00:23:00'),
(222307274, '3106211717', 'MUHAMMAD ALIF STEVIANSYAH', 'L', 'Islam', NULL, NULL, NULL, NULL, NULL, 22, NULL, NULL, NULL, NULL, NULL, NULL, NULL, NULL, '2023-11-29 00:23:00', '2023-11-29 00:23:00'),
(222307275, '0108775087', 'MUHAMMAD ARDI SAPUTRA', 'L', 'Islam', NULL, NULL, NULL, NULL, NULL, 12, NULL, NULL, NULL, NULL, NULL, NULL, NULL, NULL, '2023-11-29 00:22:59', '2023-11-29 00:22:59'),
(222307276, '0101000759', 'MUHAMMAD ARDIANSYAH', 'L', 'Islam', NULL, NULL, NULL, NULL, NULL, 13, NULL, NULL, NULL, NULL, NULL, NULL, NULL, NULL, '2023-11-29 00:22:59', '2023-11-29 00:22:59'),
(222307277, '0091630938', 'MUHAMMAD ARIBIL HAADII', 'L', 'Islam', NULL, NULL, NULL, NULL, NULL, 14, NULL, NULL, NULL, NULL, NULL, NULL, NULL, NULL, '2023-11-29 00:22:59', '2023-11-29 00:22:59'),
(222307278, '0104156496', 'MUHAMMAD BAYU HIDAYATULLAH', 'L', 'Islam', NULL, NULL, NULL, NULL, NULL, 15, NULL, NULL, NULL, NULL, NULL, NULL, NULL, NULL, '2023-11-29 00:22:59', '2023-11-29 00:22:59'),
(222307280, '0099714183', 'MUHAMMAD DANU MULYA PERWIRA', 'L', 'Islam', NULL, NULL, NULL, NULL, NULL, 16, NULL, NULL, NULL, NULL, NULL, NULL, NULL, NULL, '2023-11-29 00:22:59', '2023-11-29 00:22:59'),
(222307281, '0092214282', 'MUHAMMAD DEVAN RADHITYA', 'L', 'Islam', NULL, NULL, NULL, NULL, NULL, 17, NULL, NULL, NULL, NULL, NULL, NULL, NULL, NULL, '2023-11-29 00:22:59', '2023-11-29 00:22:59'),
(222307282, '0087174082', 'MUHAMMAD DZAKI', 'L', 'Islam', NULL, NULL, NULL, NULL, NULL, 18, NULL, NULL, NULL, NULL, NULL, NULL, NULL, NULL, '2023-11-29 00:22:59', '2023-11-29 00:22:59'),
(222307283, '0099883009', 'MUHAMMAD FARHAN GUSTIAN', 'L', 'Islam', NULL, NULL, NULL, NULL, NULL, 19, NULL, NULL, NULL, NULL, NULL, NULL, NULL, NULL, '2023-11-29 00:22:59', '2023-11-29 00:22:59'),
(222307284, '0101862891', 'MUHAMMAD FHADIL', 'L', 'Islam', NULL, NULL, NULL, NULL, NULL, 20, NULL, NULL, NULL, NULL, NULL, NULL, NULL, NULL, '2023-11-29 00:23:00', '2023-11-29 00:23:00'),
(222307285, '0106046473', 'MUHAMMAD FUJIRAFA', 'L', 'Islam', NULL, NULL, NULL, NULL, NULL, 21, NULL, NULL, NULL, NULL, NULL, NULL, NULL, NULL, '2023-11-29 00:23:00', '2023-11-29 00:23:00'),
(222307286, '3088903329', 'MUHAMMAD HABIBI', 'L', 'Islam', NULL, NULL, NULL, NULL, NULL, 22, NULL, NULL, NULL, NULL, NULL, NULL, NULL, NULL, '2023-11-29 00:23:00', '2023-11-29 00:23:00'),
(222307287, '0097864007', 'MUHAMMAD ILHAM', 'L', 'Islam', NULL, NULL, NULL, NULL, NULL, 12, NULL, NULL, NULL, NULL, NULL, NULL, NULL, NULL, '2023-11-29 00:22:59', '2023-11-29 00:22:59'),
(222307288, '0109455829', 'MUHAMMAD IRFAN RAMADAN', 'L', 'Islam', NULL, NULL, NULL, NULL, NULL, 13, NULL, NULL, NULL, NULL, NULL, NULL, NULL, NULL, '2023-11-29 00:22:59', '2023-11-29 00:22:59'),
(222307289, '0099269358', 'MUHAMMAD KELVIN ADI SAPUTRA', 'L', 'Islam', NULL, NULL, NULL, NULL, NULL, 14, NULL, NULL, NULL, NULL, NULL, NULL, NULL, NULL, '2023-11-29 00:22:59', '2023-11-29 00:22:59'),
(222307290, '0108171067', 'MUHAMMAD LATIF', 'L', 'Islam', NULL, NULL, NULL, NULL, NULL, 15, NULL, NULL, NULL, NULL, NULL, NULL, NULL, NULL, '2023-11-29 00:22:59', '2023-11-29 00:22:59'),
(222307291, '0093761482', 'MUHAMMAD NAUFAN', 'L', 'Islam', NULL, NULL, NULL, NULL, NULL, 16, NULL, NULL, NULL, NULL, NULL, NULL, NULL, NULL, '2023-11-29 00:22:59', '2023-11-29 00:22:59'),
(222307292, '0108035317', 'MUHAMMAD NUR AKMALUDIN', 'L', 'Islam', NULL, NULL, NULL, NULL, NULL, 17, NULL, NULL, NULL, NULL, NULL, NULL, NULL, NULL, '2023-11-29 00:22:59', '2023-11-29 00:22:59'),
(222307293, '0105170957', 'MUHAMMAD NUR MU\'IZZ', 'L', 'Islam', NULL, NULL, NULL, NULL, NULL, 18, NULL, NULL, NULL, NULL, NULL, NULL, NULL, NULL, '2023-11-29 00:22:59', '2023-11-29 00:22:59'),
(222307294, '0105623096', 'MUHAMMAD RADIT NUR A RIZKI', 'L', 'Islam', NULL, NULL, NULL, NULL, NULL, 19, NULL, NULL, NULL, NULL, NULL, NULL, NULL, NULL, '2023-11-29 00:22:59', '2023-11-29 00:22:59'),
(222307295, '0095419317', 'MUHAMMAD RAFA NUR FADILLAH', 'L', 'Islam', NULL, NULL, NULL, NULL, NULL, 20, NULL, NULL, NULL, NULL, NULL, NULL, NULL, NULL, '2023-11-29 00:23:00', '2023-11-29 00:23:00'),
(222307296, '0103933305', 'MUHAMMAD RAFFA SOBARI', 'L', 'Islam', NULL, NULL, NULL, NULL, NULL, 21, NULL, NULL, NULL, NULL, NULL, NULL, NULL, NULL, '2023-11-29 00:23:00', '2023-11-29 00:23:00'),
(222307297, '3103352749', 'MUHAMMAD RAFFI ADRIANSYAH', 'L', 'Islam', NULL, NULL, NULL, NULL, NULL, 22, NULL, NULL, NULL, NULL, NULL, NULL, NULL, NULL, '2023-11-29 00:23:00', '2023-11-29 00:23:00'),
(222307298, '0095752038', 'MUHAMMAD RIDHO GUNAWAN', 'L', 'Islam', NULL, NULL, NULL, NULL, NULL, 12, NULL, NULL, NULL, NULL, NULL, NULL, NULL, NULL, '2023-11-29 00:22:59', '2023-11-29 00:22:59'),
(222307299, '0096235294', 'MUHAMMAD RIDWAN', 'L', 'Islam', NULL, NULL, NULL, NULL, NULL, 14, NULL, NULL, NULL, NULL, NULL, NULL, NULL, NULL, '2023-11-29 00:22:59', '2023-11-29 00:22:59'),
(222307300, '0094159925', 'MUHAMMAD RIDWAN PASHA', 'L', 'Islam', NULL, NULL, NULL, NULL, NULL, 14, NULL, NULL, NULL, NULL, NULL, NULL, NULL, NULL, '2023-11-29 00:22:59', '2023-11-29 00:22:59'),
(222307301, '0103818208', 'MUHAMMAD RIFAI', 'L', 'Islam', NULL, NULL, NULL, NULL, NULL, 15, NULL, NULL, NULL, NULL, NULL, NULL, NULL, NULL, '2023-11-29 00:22:59', '2023-11-29 00:22:59'),
(222307302, '0092906924', 'MUHAMMAD RIFKI SANJAYA', 'L', 'Islam', NULL, NULL, NULL, NULL, NULL, 16, NULL, NULL, NULL, NULL, NULL, NULL, NULL, NULL, '2023-11-29 00:22:59', '2023-11-29 00:22:59'),
(222307303, '0093704612', 'MUHAMMAD RIFKY ARDIAN', 'L', 'Islam', NULL, NULL, NULL, NULL, NULL, 17, NULL, NULL, NULL, NULL, NULL, NULL, NULL, NULL, '2023-11-29 00:22:59', '2023-11-29 00:22:59'),
(222307304, '0104438421', 'MUHAMMAD RIFQI', 'L', 'Islam', NULL, NULL, NULL, NULL, NULL, 18, NULL, NULL, NULL, NULL, NULL, NULL, NULL, NULL, '2023-11-29 00:22:59', '2023-11-29 00:22:59'),
(222307305, '0107455735', 'MUHAMMAD RIZIK FALAH', 'L', 'Islam', NULL, NULL, NULL, NULL, NULL, 19, NULL, NULL, NULL, NULL, NULL, NULL, NULL, NULL, '2023-11-29 00:22:59', '2023-11-29 00:22:59'),
(222307306, '0091785980', 'MUHAMMAD UWAIS AL GARNI', 'L', 'Islam', NULL, NULL, NULL, NULL, NULL, 20, NULL, NULL, NULL, NULL, NULL, NULL, NULL, NULL, '2023-11-29 00:23:00', '2023-11-29 00:23:00'),
(222307307, '0104526933', 'MUHAMMAD ZIDANE', 'L', 'Islam', NULL, NULL, NULL, NULL, NULL, 21, NULL, NULL, NULL, NULL, NULL, NULL, NULL, NULL, '2023-11-29 00:23:00', '2023-11-29 00:23:00'),
(222307308, '0101581833', 'MURDIYAH', 'P', 'Islam', NULL, NULL, NULL, NULL, NULL, 19, NULL, NULL, NULL, NULL, NULL, NULL, NULL, NULL, '2023-11-29 00:22:59', '2023-11-29 00:22:59'),
(222307309, '0103870305', 'MUTIA', 'P', 'islam', NULL, NULL, NULL, NULL, NULL, 17, NULL, NULL, NULL, NULL, NULL, NULL, NULL, NULL, '2023-11-29 00:22:59', '2023-11-29 00:22:59'),
(222307310, '0109178512', 'MUTIA SARI', 'P', 'Islam', NULL, NULL, NULL, NULL, NULL, 18, NULL, NULL, NULL, NULL, NULL, NULL, NULL, NULL, '2023-11-29 00:22:59', '2023-11-29 00:22:59'),
(222307311, '0106536491', 'MUTIARA', 'P', 'Islam', NULL, NULL, NULL, NULL, NULL, 19, NULL, NULL, NULL, NULL, NULL, NULL, NULL, NULL, '2023-11-29 00:22:59', '2023-11-29 00:22:59'),
(222307312, '0094489332', 'NABILA AULIA', 'P', 'Islam', NULL, NULL, NULL, NULL, NULL, 20, NULL, NULL, NULL, NULL, NULL, NULL, NULL, NULL, '2023-11-29 00:23:00', '2023-11-29 00:23:00'),
(222307313, '3094542362', 'NABILAH MAHARANI', 'P', 'Islam', NULL, NULL, NULL, NULL, NULL, 21, NULL, NULL, NULL, NULL, NULL, NULL, NULL, NULL, '2023-11-29 00:23:00', '2023-11-29 00:23:00'),
(222307314, '0099944142', 'NABILAH NAJMIL YAWAQIT', 'P', 'Islam', NULL, NULL, NULL, NULL, NULL, 22, NULL, NULL, NULL, NULL, NULL, NULL, NULL, NULL, '2023-11-29 00:23:00', '2023-11-29 00:23:00'),
(222307315, '0108246001', 'NADHIF IDZA ANAFIN', 'L', 'Islam', NULL, NULL, NULL, NULL, NULL, 22, NULL, NULL, NULL, NULL, NULL, NULL, NULL, NULL, '2023-11-29 00:23:00', '2023-11-29 00:23:00'),
(222307316, '0101305372', 'NADIA PUTRI MEIZARLY', 'P', 'Islam', NULL, NULL, NULL, NULL, NULL, 12, NULL, NULL, NULL, NULL, NULL, NULL, NULL, NULL, '2023-11-29 00:22:59', '2023-11-29 00:22:59'),
(222307317, '0098050676', 'NADIAH PRAMUDITA', 'P', 'Islam', NULL, NULL, NULL, NULL, NULL, 13, NULL, NULL, NULL, NULL, NULL, NULL, NULL, NULL, '2023-11-29 00:22:59', '2023-11-29 00:22:59'),
(222307318, '0104138449', 'NADYA MULYA', 'P', 'Islam', NULL, NULL, NULL, NULL, NULL, 14, NULL, NULL, NULL, NULL, NULL, NULL, NULL, NULL, '2023-11-29 00:22:59', '2023-11-29 00:22:59'),
(222307319, '0094232073', 'NAISAH OKTAFIA', 'P', 'Islam', NULL, NULL, NULL, NULL, NULL, 15, NULL, NULL, NULL, NULL, NULL, NULL, NULL, NULL, '2023-11-29 00:22:59', '2023-11-29 00:22:59'),
(222307320, '3075322005', 'NAJWAN AJIM MUNTHAJAR', 'L', 'Islam', NULL, NULL, NULL, NULL, NULL, 12, NULL, NULL, NULL, NULL, NULL, NULL, NULL, NULL, '2023-11-29 00:22:59', '2023-11-29 00:22:59'),
(222307321, '0102446050', 'NAKESYA PUTRI NASYABILLAH', 'P', 'Islam', NULL, NULL, NULL, NULL, NULL, 16, NULL, NULL, NULL, NULL, NULL, NULL, NULL, NULL, '2023-11-29 00:22:59', '2023-11-29 00:22:59'),
(222307322, '0098957730', 'NASRIEL ZAKIA RAMADHAN', 'L', 'Islam', NULL, NULL, NULL, NULL, NULL, 13, NULL, NULL, NULL, NULL, NULL, NULL, NULL, NULL, '2023-11-29 00:22:59', '2023-11-29 00:22:59'),
(222307323, '3095493719', 'NATASYA HAFIFAH', 'P', 'Islam', NULL, NULL, NULL, NULL, NULL, 17, NULL, NULL, NULL, NULL, NULL, NULL, NULL, NULL, '2023-11-29 00:22:59', '2023-11-29 00:22:59'),
(222307324, '0104203135', 'NAVISHA AURELIA', 'P', 'Islam', NULL, NULL, NULL, NULL, NULL, 16, NULL, NULL, NULL, NULL, NULL, NULL, NULL, NULL, '2023-11-29 00:22:59', '2023-11-29 00:22:59'),
(222307325, '0098140052', 'NAYSILAH OKTAVIANI', 'P', 'Islam', NULL, NULL, NULL, NULL, NULL, 19, NULL, NULL, NULL, NULL, NULL, NULL, NULL, NULL, '2023-11-29 00:22:59', '2023-11-29 00:22:59'),
(222307326, '0102816256', 'NAZWA NABILA ULFAH', 'P', 'Islam', NULL, NULL, NULL, NULL, NULL, 20, NULL, NULL, NULL, NULL, NULL, NULL, NULL, NULL, '2023-11-29 00:23:00', '2023-11-29 00:23:00'),
(222307327, '0106667839', 'NELLY THALITA ZAHRATUNNISA', 'P', 'Islam', NULL, NULL, NULL, NULL, NULL, 21, NULL, NULL, NULL, NULL, NULL, NULL, NULL, NULL, '2023-11-29 00:23:00', '2023-11-29 00:23:00'),
(222307328, '0105611853', 'NENG RATNA SARI', 'P', 'Islam', NULL, NULL, NULL, NULL, NULL, 22, NULL, NULL, NULL, NULL, NULL, NULL, NULL, NULL, '2023-11-29 00:23:00', '2023-11-29 00:23:00'),
(222307329, '0102922936', 'NEYSA QAIRINA AZHARI', 'P', 'Islam', NULL, NULL, NULL, NULL, NULL, 12, NULL, NULL, NULL, NULL, NULL, NULL, NULL, NULL, '2023-11-29 00:22:59', '2023-11-29 00:22:59'),
(222307330, '0102049813', 'NIAH', 'P', 'Islam', NULL, NULL, NULL, NULL, NULL, 13, NULL, NULL, NULL, NULL, NULL, NULL, NULL, NULL, '2023-11-29 00:22:59', '2023-11-29 00:22:59'),
(222307331, '0105480061', 'NIKITA SEKAR PRATIWI', 'P', 'Islam', NULL, NULL, NULL, NULL, NULL, 14, NULL, NULL, NULL, NULL, NULL, NULL, NULL, NULL, '2023-11-29 00:22:59', '2023-11-29 00:22:59'),
(222307332, '0105576739', 'NIKO CAHYA FAUZAN SUSENO', 'L', 'Islam', NULL, NULL, NULL, NULL, NULL, 15, NULL, NULL, NULL, NULL, NULL, NULL, NULL, NULL, '2023-11-29 00:22:59', '2023-11-29 00:22:59'),
(222307333, '0103902439', 'NINDI APRIL LIANTI PUTRI', 'P', 'Islam', NULL, NULL, NULL, NULL, NULL, 15, NULL, NULL, NULL, NULL, NULL, NULL, NULL, NULL, '2023-11-29 00:22:59', '2023-11-29 00:22:59'),
(222307334, '0108914675', 'NORIS TARIHORAN', 'L', 'Kristen', NULL, NULL, NULL, NULL, NULL, 15, NULL, NULL, NULL, NULL, NULL, NULL, NULL, NULL, '2023-11-29 00:22:59', '2023-11-29 00:22:59'),
(222307335, '0092196504', 'NOVAL ADI WIJAYA', 'L', 'Islam', NULL, NULL, NULL, NULL, NULL, 16, NULL, NULL, NULL, NULL, NULL, NULL, NULL, NULL, '2023-11-29 00:22:59', '2023-11-29 00:22:59'),
(222307336, '0091052737', 'NOVELIA NUR ANIN DITA', 'P', 'Islam', NULL, NULL, NULL, NULL, NULL, 16, NULL, NULL, NULL, NULL, NULL, NULL, NULL, NULL, '2023-11-29 00:22:59', '2023-11-29 00:22:59'),
(222307337, '3107497431', 'NUR FADILAH', 'P', 'Islam', NULL, NULL, NULL, NULL, NULL, 17, NULL, NULL, NULL, NULL, NULL, NULL, NULL, NULL, '2023-11-29 00:22:59', '2023-11-29 00:22:59'),
(222307338, '0097300461', 'NUR FADLIYATIN HIDAYATUL HUSNA', 'P', 'Islam', NULL, NULL, NULL, NULL, NULL, 18, NULL, NULL, NULL, NULL, NULL, NULL, NULL, NULL, '2023-11-29 00:22:59', '2023-11-29 00:22:59'),
(222307339, '0097406489', 'NUR GENI', 'L', 'Islam', NULL, NULL, NULL, NULL, NULL, 17, NULL, NULL, NULL, NULL, NULL, NULL, NULL, NULL, '2023-11-29 00:22:59', '2023-11-29 00:22:59'),
(222307340, '0107766966', 'NUR\'AINI ULYATUL PAUZIYAH', 'P', 'Islam', NULL, NULL, NULL, NULL, NULL, 21, NULL, NULL, NULL, NULL, NULL, NULL, NULL, NULL, '2023-11-29 00:23:00', '2023-11-29 00:23:00'),
(222307341, '0083674956', 'NURHALISA AL MEIDA', 'P', 'Islam', NULL, NULL, NULL, NULL, NULL, 20, NULL, NULL, NULL, NULL, NULL, NULL, NULL, NULL, '2023-11-29 00:23:00', '2023-11-29 00:23:00'),
(222307342, '0105767586', 'NURHASANAH', 'P', 'Islam', NULL, NULL, NULL, NULL, NULL, 21, NULL, NULL, NULL, NULL, NULL, NULL, NULL, NULL, '2023-11-29 00:23:00', '2023-11-29 00:23:00'),
(222307343, '0102953090', 'NURIE ILMAL HAQQUE', 'P', 'Islam', NULL, NULL, NULL, NULL, NULL, 22, NULL, NULL, NULL, NULL, NULL, NULL, NULL, NULL, '2023-11-29 00:23:00', '2023-11-29 00:23:00'),
(222307344, '0095013971', 'NURRISMA', 'P', 'Islam', NULL, NULL, NULL, NULL, NULL, 12, NULL, NULL, NULL, NULL, NULL, NULL, NULL, NULL, '2023-11-29 00:22:59', '2023-11-29 00:22:59'),
(222307345, '0106738090', 'NURSAKIRAH', 'P', 'Islam', NULL, NULL, NULL, NULL, NULL, 13, NULL, NULL, NULL, NULL, NULL, NULL, NULL, NULL, '2023-11-29 00:22:59', '2023-11-29 00:22:59'),
(222307346, '0093061930', 'NURUL HUSNA ERLANGGA', 'P', 'Islam', NULL, NULL, NULL, NULL, NULL, 14, NULL, NULL, NULL, NULL, NULL, NULL, NULL, NULL, '2023-11-29 00:22:59', '2023-11-29 00:22:59'),
(222307347, '0096409621', 'NURUSYIFAH', 'P', 'Islam', NULL, NULL, NULL, NULL, NULL, 15, NULL, NULL, NULL, NULL, NULL, NULL, NULL, NULL, '2023-11-29 00:22:59', '2023-11-29 00:22:59'),
(222307348, '0093558117', 'OCHA SAPITRI', 'P', 'Islam', NULL, NULL, NULL, NULL, NULL, 16, NULL, NULL, NULL, NULL, NULL, NULL, NULL, NULL, '2023-11-29 00:22:59', '2023-11-29 00:22:59'),
(222307349, '0103585762', 'OKA RIDHO WIBOWO', 'L', 'Islam', NULL, NULL, NULL, NULL, NULL, 18, NULL, NULL, NULL, NULL, NULL, NULL, NULL, NULL, '2023-11-29 00:22:59', '2023-11-29 00:22:59'),
(222307350, '3099360832', 'OKTAVIA CITRA SETIAWATI', 'P', 'Islam', NULL, NULL, NULL, NULL, NULL, 17, NULL, NULL, NULL, NULL, NULL, NULL, NULL, NULL, '2023-11-29 00:22:59', '2023-11-29 00:22:59'),
(222307352, '0107609632', 'PAJAR MURDANI', 'L', 'Islam', NULL, NULL, NULL, NULL, NULL, 19, NULL, NULL, NULL, NULL, NULL, NULL, NULL, NULL, '2023-11-29 00:22:59', '2023-11-29 00:22:59'),
(222307353, '0104936628', 'PANDU KUSUMA WIJAYA', 'L', 'Islam', NULL, NULL, NULL, NULL, NULL, 18, NULL, NULL, NULL, NULL, NULL, NULL, NULL, NULL, '2023-11-29 00:22:59', '2023-11-29 00:22:59'),
(222307354, '3109812337', 'PANJI ALI BAHIR', 'L', 'Islam', NULL, NULL, NULL, NULL, NULL, 21, NULL, NULL, NULL, NULL, NULL, NULL, NULL, NULL, '2023-11-29 00:23:00', '2023-11-29 00:23:00'),
(222307355, '0092157150', 'PARHATUNNISA', 'P', 'Islam', NULL, NULL, NULL, NULL, NULL, 18, NULL, NULL, NULL, NULL, NULL, NULL, NULL, NULL, '2023-11-29 00:22:59', '2023-11-29 00:22:59'),
(222307356, '0097641245', 'PARI PURNANINGTYAS DWI HASTUTI', 'P', 'Islam', NULL, NULL, NULL, NULL, NULL, 19, NULL, NULL, NULL, NULL, NULL, NULL, NULL, NULL, '2023-11-29 00:22:59', '2023-11-29 00:22:59');
INSERT INTO `siswas` (`id`, `nisn`, `nama_siswa`, `jk`, `agama`, `telp`, `tmp_lahir`, `tgl_lahir`, `alamat`, `foto`, `rombel_id`, `bapak`, `ibu`, `pbapak`, `pibu`, `alamat_ortu`, `wali`, `pwali`, `alamat_wali`, `created_at`, `updated_at`) VALUES
(222307357, '0101578747', 'POPPY BUNGA CITRA LESTARI', 'P', 'Islam', NULL, NULL, NULL, NULL, NULL, 20, NULL, NULL, NULL, NULL, NULL, NULL, NULL, NULL, '2023-11-29 00:23:00', '2023-11-29 00:23:00'),
(222307358, '0096325733', 'PRABU LEON AGAVE SILALAHI', 'L', 'Kristen', NULL, NULL, NULL, NULL, NULL, 12, NULL, NULL, NULL, NULL, NULL, NULL, NULL, NULL, '2023-11-29 00:22:59', '2023-11-29 00:22:59'),
(222307359, '0093978896', 'PRADANA RASYA PUTRA NAUFAL', 'L', 'Islam', NULL, NULL, NULL, NULL, NULL, 12, NULL, NULL, NULL, NULL, NULL, NULL, NULL, NULL, '2023-11-29 00:22:59', '2023-11-29 00:22:59'),
(222307360, '0106337285', 'PRIYANKA ANNABEL TAHAPARY', 'P', 'Kristen', NULL, NULL, NULL, NULL, NULL, 21, NULL, NULL, NULL, NULL, NULL, NULL, NULL, NULL, '2023-11-29 00:23:00', '2023-11-29 00:23:00'),
(222307361, '0095146413', 'PRIYANTI OKTAVIANI', 'P', 'Islam', NULL, NULL, NULL, NULL, NULL, 22, NULL, NULL, NULL, NULL, NULL, NULL, NULL, NULL, '2023-11-29 00:23:00', '2023-11-29 00:23:00'),
(222307362, '0104271516', 'PUTRA ARDIANSYAH', 'L', 'Islam', NULL, NULL, NULL, NULL, NULL, 13, NULL, NULL, NULL, NULL, NULL, NULL, NULL, NULL, '2023-11-29 00:22:59', '2023-11-29 00:22:59'),
(222307363, '3098291929', 'PUTRA ILHAM RAMADANI', 'L', 'Islam', NULL, NULL, NULL, NULL, NULL, 14, NULL, NULL, NULL, NULL, NULL, NULL, NULL, NULL, '2023-11-29 00:22:59', '2023-11-29 00:22:59'),
(222307364, '0097929228', 'PUTRA PRATAMA', 'L', 'Islam', NULL, NULL, NULL, NULL, NULL, 15, NULL, NULL, NULL, NULL, NULL, NULL, NULL, NULL, '2023-11-29 00:22:59', '2023-11-29 00:22:59'),
(222307365, '0104343641', 'PUTRI AULIA MAHESWARI', 'P', 'Islam', NULL, NULL, NULL, NULL, NULL, 13, NULL, NULL, NULL, NULL, NULL, NULL, NULL, NULL, '2023-11-29 00:22:59', '2023-11-29 00:22:59'),
(222307366, '0107108831', 'PUTRI AULYA RAHMAN', 'P', 'Islam', NULL, NULL, NULL, NULL, NULL, 14, NULL, NULL, NULL, NULL, NULL, NULL, NULL, NULL, '2023-11-29 00:22:59', '2023-11-29 00:22:59'),
(222307367, '3106447235', 'PUTRI INDAH SETIAWATI', 'P', 'Islam', NULL, NULL, NULL, NULL, NULL, 15, NULL, NULL, NULL, NULL, NULL, NULL, NULL, NULL, '2023-11-29 00:22:59', '2023-11-29 00:22:59'),
(222307368, '0098761936', 'PUTRI NOVITASARI TELLA', 'P', 'Islam', NULL, NULL, NULL, NULL, NULL, 16, NULL, NULL, NULL, NULL, NULL, NULL, NULL, NULL, '2023-11-29 00:22:59', '2023-11-29 00:22:59'),
(222307369, '0092901859', 'PUTRI PRATIWI', 'P', 'Islam', NULL, NULL, NULL, NULL, NULL, 17, NULL, NULL, NULL, NULL, NULL, NULL, NULL, NULL, '2023-11-29 00:22:59', '2023-11-29 00:22:59'),
(222307370, '0108338626', 'QHOIRUNNISA', 'P', 'Islam', NULL, NULL, NULL, NULL, NULL, 19, NULL, NULL, NULL, NULL, NULL, NULL, NULL, NULL, '2023-11-29 00:22:59', '2023-11-29 00:22:59'),
(222307371, '0091217387', 'RAFA DERMAWAN', 'L', 'Islam', NULL, NULL, NULL, NULL, NULL, 19, NULL, NULL, NULL, NULL, NULL, NULL, NULL, NULL, '2023-11-29 00:22:59', '2023-11-29 00:22:59'),
(222307372, '0099406231', 'RAFA MUSTAKIM', 'L', 'islam', NULL, NULL, NULL, NULL, NULL, 17, NULL, NULL, NULL, NULL, NULL, NULL, NULL, NULL, '2023-11-29 00:22:59', '2023-11-29 00:22:59'),
(222307373, '0102428507', 'RAFA PRATAMA NUR ARDIANSYAH', 'L', 'Islam', NULL, NULL, NULL, NULL, NULL, 18, NULL, NULL, NULL, NULL, NULL, NULL, NULL, NULL, '2023-11-29 00:22:59', '2023-11-29 00:22:59'),
(222307374, '0093055887', 'RAHMA WATI DEWI CAHYADI', 'P', 'Islam', NULL, NULL, NULL, NULL, NULL, 20, NULL, NULL, NULL, NULL, NULL, NULL, NULL, NULL, '2023-11-29 00:23:00', '2023-11-29 00:23:00'),
(222307375, '0096901310', 'RAHMAH AKROMAH', 'P', 'Islam', NULL, NULL, NULL, NULL, NULL, 21, NULL, NULL, NULL, NULL, NULL, NULL, NULL, NULL, '2023-11-29 00:23:00', '2023-11-29 00:23:00'),
(222307376, '0104324721', 'RAHMAH NINGRUM', 'P', 'Islam', NULL, NULL, NULL, NULL, NULL, 22, NULL, NULL, NULL, NULL, NULL, NULL, NULL, NULL, '2023-11-29 00:23:00', '2023-11-29 00:23:00'),
(222307377, '0093876170', 'RAIHAN ADHA', 'L', 'Islam', NULL, NULL, NULL, NULL, NULL, 19, NULL, NULL, NULL, NULL, NULL, NULL, NULL, NULL, '2023-11-29 00:22:59', '2023-11-29 00:22:59'),
(222307378, '3103581100', 'RAKHA DZAKWAN FEODORA', 'L', 'Islam', NULL, NULL, NULL, NULL, NULL, 20, NULL, NULL, NULL, NULL, NULL, NULL, NULL, NULL, '2023-11-29 00:23:00', '2023-11-29 00:23:00'),
(222307379, '0094297237', 'RAKHA PRADIPA', 'L', 'Islam', NULL, NULL, NULL, NULL, NULL, 21, NULL, NULL, NULL, NULL, NULL, NULL, NULL, NULL, '2023-11-29 00:23:00', '2023-11-29 00:23:00'),
(222307380, '0091297333', 'RAMA SAPUTRA', 'L', 'Islam', NULL, NULL, NULL, NULL, NULL, 22, NULL, NULL, NULL, NULL, NULL, NULL, NULL, NULL, '2023-11-29 00:23:00', '2023-11-29 00:23:00'),
(222307381, '0091280668', 'RAMADANIH', 'L', 'Islam', NULL, NULL, NULL, NULL, NULL, 12, NULL, NULL, NULL, NULL, NULL, NULL, NULL, NULL, '2023-11-29 00:22:59', '2023-11-29 00:22:59'),
(222307382, '0086473835', 'RANGGA ADITTIA S', 'L', 'Islam', NULL, NULL, NULL, NULL, NULL, 13, NULL, NULL, NULL, NULL, NULL, NULL, NULL, NULL, '2023-11-29 00:22:59', '2023-11-29 00:22:59'),
(222307383, '0103187755', 'RANTIKA RAHAYU', 'P', 'Islam', NULL, NULL, NULL, NULL, NULL, 12, NULL, NULL, NULL, NULL, NULL, NULL, NULL, NULL, '2023-11-29 00:22:59', '2023-11-29 00:22:59'),
(222307384, '3095927164', 'RASIH YUNINGSIH', 'P', 'Islam', NULL, NULL, NULL, NULL, NULL, 13, NULL, NULL, NULL, NULL, NULL, NULL, NULL, NULL, '2023-11-29 00:22:59', '2023-11-29 00:22:59'),
(222307385, '0106278316', 'RAYYI MUHAMMAD GIRAS', 'L', 'Islam', NULL, NULL, NULL, NULL, NULL, 14, NULL, NULL, NULL, NULL, NULL, NULL, NULL, NULL, '2023-11-29 00:22:59', '2023-11-29 00:22:59'),
(222307386, '0088242215', 'REGI PRAYOGA', 'L', 'Islam', NULL, NULL, NULL, NULL, NULL, 15, NULL, NULL, NULL, NULL, NULL, NULL, NULL, NULL, '2023-11-29 00:22:59', '2023-11-29 00:22:59'),
(222307387, '0103785084', 'REGINA MEILANI PUTRI', 'P', 'Islam', NULL, NULL, NULL, NULL, NULL, 14, NULL, NULL, NULL, NULL, NULL, NULL, NULL, NULL, '2023-11-29 00:22:59', '2023-11-29 00:22:59'),
(222307388, '0094585084', 'RENDI ARDI HIDAYAT', 'L', 'Islam', NULL, NULL, NULL, NULL, NULL, 15, NULL, NULL, NULL, NULL, NULL, NULL, NULL, NULL, '2023-11-29 00:22:59', '2023-11-29 00:22:59'),
(222307389, '0093226026', 'RESTI NOVIANTI', 'P', 'Islam', NULL, NULL, NULL, NULL, NULL, 15, NULL, NULL, NULL, NULL, NULL, NULL, NULL, NULL, '2023-11-29 00:22:59', '2023-11-29 00:22:59'),
(222307390, '0094415813', 'RESTU KARA MANDIRA', 'P', 'Islam', NULL, NULL, NULL, NULL, NULL, 16, NULL, NULL, NULL, NULL, NULL, NULL, NULL, NULL, '2023-11-29 00:22:59', '2023-11-29 00:22:59'),
(222307391, '0094842385', 'REVAN AIDIL ADHA', 'L', 'Islam', NULL, NULL, NULL, NULL, NULL, 17, NULL, NULL, NULL, NULL, NULL, NULL, NULL, NULL, '2023-11-29 00:22:59', '2023-11-29 00:22:59'),
(222307392, '0091277086', 'REVAN SAPUTRA', 'L', 'Islam', NULL, NULL, NULL, NULL, NULL, 18, NULL, NULL, NULL, NULL, NULL, NULL, NULL, NULL, '2023-11-29 00:22:59', '2023-11-29 00:22:59'),
(222307393, '0108610128', 'REVANO AL GHIFARI', 'L', 'Islam', NULL, NULL, NULL, NULL, NULL, 19, NULL, NULL, NULL, NULL, NULL, NULL, NULL, NULL, '2023-11-29 00:22:59', '2023-11-29 00:22:59'),
(222307394, '3102077228', 'REZA ADITIYA PRANANDA', 'L', 'Islam', NULL, NULL, NULL, NULL, NULL, 20, NULL, NULL, NULL, NULL, NULL, NULL, NULL, NULL, '2023-11-29 00:23:00', '2023-11-29 00:23:00'),
(222307395, '0091344859', 'REZA ARDI HIDAYAT', 'L', 'Islam', NULL, NULL, NULL, NULL, NULL, 21, NULL, NULL, NULL, NULL, NULL, NULL, NULL, NULL, '2023-11-29 00:23:00', '2023-11-29 00:23:00'),
(222307396, '0098654769', 'RIDO RAMAWAN', 'L', 'Islam', NULL, NULL, NULL, NULL, NULL, 22, NULL, NULL, NULL, NULL, NULL, NULL, NULL, NULL, '2023-11-29 00:23:00', '2023-11-29 00:23:00'),
(222307397, '3104807146', 'RIDOH', 'L', 'Islam', NULL, NULL, NULL, NULL, NULL, 12, NULL, NULL, NULL, NULL, NULL, NULL, NULL, NULL, '2023-11-29 00:22:59', '2023-11-29 00:22:59'),
(222307398, '0099434137', 'RINDI YANI', 'P', 'Islam', NULL, NULL, NULL, NULL, NULL, 17, NULL, NULL, NULL, NULL, NULL, NULL, NULL, NULL, '2023-11-29 00:22:59', '2023-11-29 00:22:59'),
(222307400, '0107206470', 'RIO RAYFAN', 'L', 'Islam', NULL, NULL, NULL, NULL, NULL, 14, NULL, NULL, NULL, NULL, NULL, NULL, NULL, NULL, '2023-11-29 00:22:59', '2023-11-29 00:22:59'),
(222307401, '0099616352', 'RIOGA KAMAZAWA', 'L', 'Islam', NULL, NULL, NULL, NULL, NULL, 14, NULL, NULL, NULL, NULL, NULL, NULL, NULL, NULL, '2023-11-29 00:22:59', '2023-11-29 00:22:59'),
(222307402, '0102831780', 'RISKA MARRESSA', 'P', 'Islam', NULL, NULL, NULL, NULL, NULL, 18, NULL, NULL, NULL, NULL, NULL, NULL, NULL, NULL, '2023-11-29 00:22:59', '2023-11-29 00:22:59'),
(222307404, '0105935820', 'RISWAN ESA SUMINTO', 'L', 'Islam', NULL, NULL, NULL, NULL, NULL, 16, NULL, NULL, NULL, NULL, NULL, NULL, NULL, NULL, '2023-11-29 00:22:59', '2023-11-29 00:22:59'),
(222307405, '0093220519', 'RIZA AHMAD ARRAFI', 'L', 'Islam', NULL, NULL, NULL, NULL, NULL, 17, NULL, NULL, NULL, NULL, NULL, NULL, NULL, NULL, '2023-11-29 00:22:59', '2023-11-29 00:22:59'),
(222307406, '0095203747', 'RIZAL ZAHRAN', 'L', 'Islam', NULL, NULL, NULL, NULL, NULL, 18, NULL, NULL, NULL, NULL, NULL, NULL, NULL, NULL, '2023-11-29 00:22:59', '2023-11-29 00:22:59'),
(222307407, '0092553645', 'RIZKI ALPAHRIZI', 'L', 'Islam', NULL, NULL, NULL, NULL, NULL, 20, NULL, NULL, NULL, NULL, NULL, NULL, NULL, NULL, '2023-11-29 00:23:00', '2023-11-29 00:23:00'),
(222307408, '3095215276', 'RIZKI HIDAYAH', 'L', 'Islam', NULL, NULL, NULL, NULL, NULL, 20, NULL, NULL, NULL, NULL, NULL, NULL, NULL, NULL, '2023-11-29 00:23:00', '2023-11-29 00:23:00'),
(222307409, '0094854691', 'RIZKI NASRUDIN', 'L', 'Islam', NULL, NULL, NULL, NULL, NULL, 21, NULL, NULL, NULL, NULL, NULL, NULL, NULL, NULL, '2023-11-29 00:23:00', '2023-11-29 00:23:00'),
(222307410, '0097896214', 'RIZKI SYAHRUL KOSASIH', 'L', 'Islam', NULL, NULL, NULL, NULL, NULL, 22, NULL, NULL, NULL, NULL, NULL, NULL, NULL, NULL, '2023-11-29 00:23:00', '2023-11-29 00:23:00'),
(222307411, '0105123528', 'RIZKY GUSTI PRADITA', 'L', 'Islam', NULL, NULL, NULL, NULL, NULL, 12, NULL, NULL, NULL, NULL, NULL, NULL, NULL, NULL, '2023-11-29 00:22:59', '2023-11-29 00:22:59'),
(222307413, '0104259743', 'RONALD BASTIAN SIAGIAN', 'L', 'Islam', NULL, NULL, NULL, NULL, NULL, 13, NULL, NULL, NULL, NULL, NULL, NULL, NULL, NULL, '2023-11-29 00:22:59', '2023-11-29 00:22:59'),
(222307414, '3085085068', 'SABILI AULIA ZAHRAN', 'L', 'Islam', NULL, NULL, NULL, NULL, NULL, 14, NULL, NULL, NULL, NULL, NULL, NULL, NULL, NULL, '2023-11-29 00:22:59', '2023-11-29 00:22:59'),
(222307415, '3103666844', 'SADILAH', 'P', 'Islam', NULL, NULL, NULL, NULL, NULL, 19, NULL, NULL, NULL, NULL, NULL, NULL, NULL, NULL, '2023-11-29 00:22:59', '2023-11-29 00:22:59'),
(222307416, '3096786917', 'SAFFA DWI OKTAFIANI', 'P', 'Islam', NULL, NULL, NULL, NULL, NULL, 20, NULL, NULL, NULL, NULL, NULL, NULL, NULL, NULL, '2023-11-29 00:23:00', '2023-11-29 00:23:00'),
(222307417, '0095323858', 'SAHLA IBNU SAHAD', 'L', 'Islam', NULL, NULL, NULL, NULL, NULL, 16, NULL, NULL, NULL, NULL, NULL, NULL, NULL, NULL, '2023-11-29 00:22:59', '2023-11-29 00:22:59'),
(222307418, '3109128733', 'SALSABILA', 'P', 'Islam', NULL, NULL, NULL, NULL, NULL, 20, NULL, NULL, NULL, NULL, NULL, NULL, NULL, NULL, '2023-11-29 00:23:00', '2023-11-29 00:23:00'),
(222307419, '3097820951', 'SALWA SALSABILAH', 'P', 'Islam', NULL, NULL, NULL, NULL, NULL, 22, NULL, NULL, NULL, NULL, NULL, NULL, NULL, NULL, '2023-11-29 00:23:00', '2023-11-29 00:23:00'),
(222307420, '0102218253', 'SAMMUEL ALVARHEIZEL ALEXTHO ALEXANDER MANIK', 'L', 'Islam', NULL, NULL, NULL, NULL, NULL, 16, NULL, NULL, NULL, NULL, NULL, NULL, NULL, NULL, '2023-11-29 00:22:59', '2023-11-29 00:22:59'),
(222307421, '0105187862', 'SANTIH PUJI SEPTIANI', 'P', 'Islam', NULL, NULL, NULL, NULL, NULL, 12, NULL, NULL, NULL, NULL, NULL, NULL, NULL, NULL, '2023-11-29 00:22:59', '2023-11-29 00:22:59'),
(222307422, '0092838376', 'SAQILA RAMADHANI', 'P', 'Islam', NULL, NULL, NULL, NULL, NULL, 13, NULL, NULL, NULL, NULL, NULL, NULL, NULL, NULL, '2023-11-29 00:22:59', '2023-11-29 00:22:59'),
(222307423, '0091279873', 'SARAH AMELIA', 'P', 'Islam', NULL, NULL, NULL, NULL, NULL, 14, NULL, NULL, NULL, NULL, NULL, NULL, NULL, NULL, '2023-11-29 00:22:59', '2023-11-29 00:22:59'),
(222307424, '0095083297', 'SASKIA ANGGISTI', 'P', 'Islam', NULL, NULL, NULL, NULL, NULL, 15, NULL, NULL, NULL, NULL, NULL, NULL, NULL, NULL, '2023-11-29 00:22:59', '2023-11-29 00:22:59'),
(222307425, '0097799467', 'SASKIA DWI YANTI', 'P', 'Islam', NULL, NULL, NULL, NULL, NULL, 16, NULL, NULL, NULL, NULL, NULL, NULL, NULL, NULL, '2023-11-29 00:22:59', '2023-11-29 00:22:59'),
(222307426, '0097536766', 'SASKIA FEBRIANTI', 'P', 'Islam', NULL, NULL, NULL, NULL, NULL, 17, NULL, NULL, NULL, NULL, NULL, NULL, NULL, NULL, '2023-11-29 00:22:59', '2023-11-29 00:22:59'),
(222307427, '3100502364', 'SATRIA PUTRA PERMANA', 'L', 'Islam', NULL, NULL, NULL, NULL, NULL, 17, NULL, NULL, NULL, NULL, NULL, NULL, NULL, NULL, '2023-11-29 00:22:59', '2023-11-29 00:22:59'),
(222307428, '0108270540', 'SATRIA PUTRA RAMADHAN', 'L', 'Islam', NULL, NULL, NULL, NULL, NULL, 18, NULL, NULL, NULL, NULL, NULL, NULL, NULL, NULL, '2023-11-29 00:22:59', '2023-11-29 00:22:59'),
(222307429, '0095850457', 'SAYIDUL AKBAR', 'L', 'Islam', NULL, NULL, NULL, NULL, NULL, 19, NULL, NULL, NULL, NULL, NULL, NULL, NULL, NULL, '2023-11-29 00:23:00', '2023-11-29 00:23:00'),
(222307430, '3090027380', 'SAYYIDAH MUTMAINAH', 'P', 'Islam', NULL, NULL, NULL, NULL, NULL, 18, NULL, NULL, NULL, NULL, NULL, NULL, NULL, NULL, '2023-11-29 00:22:59', '2023-11-29 00:22:59'),
(222307431, '0098521049', 'SEFI RAMADANI', 'P', 'Islam', NULL, NULL, NULL, NULL, NULL, 19, NULL, NULL, NULL, NULL, NULL, NULL, NULL, NULL, '2023-11-29 00:23:00', '2023-11-29 00:23:00'),
(222307432, '0104958272', 'SEPTI YANA HOMSA NABILA', 'P', 'Islam', NULL, NULL, NULL, NULL, NULL, 21, NULL, NULL, NULL, NULL, NULL, NULL, NULL, NULL, '2023-11-29 00:23:00', '2023-11-29 00:23:00'),
(222307433, '0094489273', 'SHAFA DESHABILLA', 'P', 'Islam', NULL, NULL, NULL, NULL, NULL, 21, NULL, NULL, NULL, NULL, NULL, NULL, NULL, NULL, '2023-11-29 00:23:00', '2023-11-29 00:23:00'),
(222307434, '0104770306', 'SHAFJU ICHSANJAYA SANAKY', 'L', 'Islam', NULL, NULL, NULL, NULL, NULL, 20, NULL, NULL, NULL, NULL, NULL, NULL, NULL, NULL, '2023-11-29 00:23:00', '2023-11-29 00:23:00'),
(222307435, '0106545350', 'SHEILLA SELVIA', 'P', 'Islam', NULL, NULL, NULL, NULL, NULL, 22, NULL, NULL, NULL, NULL, NULL, NULL, NULL, NULL, '2023-11-29 00:23:00', '2023-11-29 00:23:00'),
(222307436, '0082327895', 'SHEINA KAYLA PUTRI', 'P', 'Islam', NULL, NULL, NULL, NULL, NULL, 12, NULL, NULL, NULL, NULL, NULL, NULL, NULL, NULL, '2023-11-29 00:22:59', '2023-11-29 00:22:59'),
(222307437, '0096750781', 'SHERLY NOVA JULYANTI', 'P', 'Islam', NULL, NULL, NULL, NULL, NULL, 13, NULL, NULL, NULL, NULL, NULL, NULL, NULL, NULL, '2023-11-29 00:22:59', '2023-11-29 00:22:59'),
(222307438, '3109110858', 'SHERWIN RAFAEL RIDWAN', 'L', 'Kristen', NULL, NULL, NULL, NULL, NULL, 21, NULL, NULL, NULL, NULL, NULL, NULL, NULL, NULL, '2023-11-29 00:23:00', '2023-11-29 00:23:00'),
(222307439, '0092935309', 'SHINTA KHAIRUNNISA', 'P', 'Islam', NULL, NULL, NULL, NULL, NULL, 14, NULL, NULL, NULL, NULL, NULL, NULL, NULL, NULL, '2023-11-29 00:22:59', '2023-11-29 00:22:59'),
(222307440, '0102743571', 'SHIREN JIVARA SAPUTRI', 'P', 'Islam', NULL, NULL, NULL, NULL, NULL, 15, NULL, NULL, NULL, NULL, NULL, NULL, NULL, NULL, '2023-11-29 00:22:59', '2023-11-29 00:22:59'),
(222307441, '0099211680', 'SIGIT SINANTA JAMALUDIN', 'L', 'Islam', NULL, NULL, NULL, NULL, NULL, 22, NULL, NULL, NULL, NULL, NULL, NULL, NULL, NULL, '2023-11-29 00:23:00', '2023-11-29 00:23:00'),
(222307442, '3085752473', 'SINDI AWLIYAH', 'P', 'Islam', NULL, NULL, NULL, NULL, NULL, 16, NULL, NULL, NULL, NULL, NULL, NULL, NULL, NULL, '2023-11-29 00:22:59', '2023-11-29 00:22:59'),
(222307443, '0106562474', 'SISKA', 'P', 'Islam', NULL, NULL, NULL, NULL, NULL, 17, NULL, NULL, NULL, NULL, NULL, NULL, NULL, NULL, '2023-11-29 00:22:59', '2023-11-29 00:22:59'),
(222307444, '0105346606', 'SITI AISYAH', 'P', 'Islam', NULL, NULL, NULL, NULL, NULL, 18, NULL, NULL, NULL, NULL, NULL, NULL, NULL, NULL, '2023-11-29 00:22:59', '2023-11-29 00:22:59'),
(222307445, '0086757580', 'SITI CHOLILLAH', 'P', 'Islam', NULL, NULL, NULL, NULL, NULL, 19, NULL, NULL, NULL, NULL, NULL, NULL, NULL, NULL, '2023-11-29 00:23:00', '2023-11-29 00:23:00'),
(222307446, '0106608786', 'SITI KHODIJAH', 'P', 'Islam', NULL, NULL, NULL, NULL, NULL, 20, NULL, NULL, NULL, NULL, NULL, NULL, NULL, NULL, '2023-11-29 00:23:00', '2023-11-29 00:23:00'),
(222307447, '0102840474', 'SITI MARFUAH', 'P', 'Islam', NULL, NULL, NULL, NULL, NULL, 21, NULL, NULL, NULL, NULL, NULL, NULL, NULL, NULL, '2023-11-29 00:23:00', '2023-11-29 00:23:00'),
(222307448, '3092868811', 'SRIDITA SARI DEWI', 'P', 'Islam', NULL, NULL, NULL, NULL, NULL, 22, NULL, NULL, NULL, NULL, NULL, NULL, NULL, NULL, '2023-11-29 00:23:00', '2023-11-29 00:23:00'),
(222307449, '0096483493', 'SUMIATI', 'P', 'Islam', NULL, NULL, NULL, NULL, NULL, 14, NULL, NULL, NULL, NULL, NULL, NULL, NULL, NULL, '2023-11-29 00:22:59', '2023-11-29 00:22:59'),
(222307450, '0104145319', 'SUMIATI WAHYUNINGSIH', 'P', 'Islam', NULL, NULL, NULL, NULL, NULL, 13, NULL, NULL, NULL, NULL, NULL, NULL, NULL, NULL, '2023-11-29 00:22:59', '2023-11-29 00:22:59'),
(222307451, '0091902933', 'SUNANDAR', 'L', 'Islam', NULL, NULL, NULL, NULL, NULL, 12, NULL, NULL, NULL, NULL, NULL, NULL, NULL, NULL, '2023-11-29 00:22:59', '2023-11-29 00:22:59'),
(222307452, '0106184125', 'SYAFIKA BINTAN QONITA', 'P', 'Islam', NULL, NULL, NULL, NULL, NULL, 14, NULL, NULL, NULL, NULL, NULL, NULL, NULL, NULL, '2023-11-29 00:22:59', '2023-11-29 00:22:59'),
(222307453, '3098281209', 'SYAFIRA WAHYUNINGSI', 'P', 'Islam', NULL, NULL, NULL, NULL, NULL, 15, NULL, NULL, NULL, NULL, NULL, NULL, NULL, NULL, '2023-11-29 00:22:59', '2023-11-29 00:22:59'),
(222307454, '3109810295', 'SYAFIRA ZAHIRA', 'P', 'Islam', NULL, NULL, NULL, NULL, NULL, 16, NULL, NULL, NULL, NULL, NULL, NULL, NULL, NULL, '2023-11-29 00:22:59', '2023-11-29 00:22:59'),
(222307455, '0101850222', 'SYIFA FAUZIYAH', 'P', 'Islam', NULL, NULL, NULL, NULL, NULL, 17, NULL, NULL, NULL, NULL, NULL, NULL, NULL, NULL, '2023-11-29 00:22:59', '2023-11-29 00:22:59'),
(222307456, '0102591935', 'SYIFA SAHLA ARIYANI', 'P', 'Islam', NULL, NULL, NULL, NULL, NULL, 18, NULL, NULL, NULL, NULL, NULL, NULL, NULL, NULL, '2023-11-29 00:22:59', '2023-11-29 00:22:59'),
(222307457, '3105282985', 'TALIYAH KURNIAH SARI', 'P', 'Islam', NULL, NULL, NULL, NULL, NULL, 17, NULL, NULL, NULL, NULL, NULL, NULL, NULL, NULL, '2023-11-29 00:22:59', '2023-11-29 00:22:59'),
(222307458, '3099728544', 'TIARA ARAFA', 'P', 'Islam', NULL, NULL, NULL, NULL, NULL, 20, NULL, NULL, NULL, NULL, NULL, NULL, NULL, NULL, '2023-11-29 00:23:00', '2023-11-29 00:23:00'),
(222307459, '0092468667', 'TIARA NURSIPAH', 'P', 'Islam', NULL, NULL, NULL, NULL, NULL, 21, NULL, NULL, NULL, NULL, NULL, NULL, NULL, NULL, '2023-11-29 00:23:00', '2023-11-29 00:23:00'),
(222307460, '0097985998', 'TONNY KURNIAWAN', 'L', 'Islam', NULL, NULL, NULL, NULL, NULL, 13, NULL, NULL, NULL, NULL, NULL, NULL, NULL, NULL, '2023-11-29 00:22:59', '2023-11-29 00:22:59'),
(222307461, '0099529030', 'UMMAYROH FASILLAH', 'P', 'Islam', NULL, NULL, NULL, NULL, NULL, 22, NULL, NULL, NULL, NULL, NULL, NULL, NULL, NULL, '2023-11-29 00:23:00', '2023-11-29 00:23:00'),
(222307462, '0102660819', 'UMMY HANNY FARHANA', 'P', 'Islam', NULL, NULL, NULL, NULL, NULL, 12, NULL, NULL, NULL, NULL, NULL, NULL, NULL, NULL, '2023-11-29 00:22:59', '2023-11-29 00:22:59'),
(222307463, '0102397337', 'VANIA MEILIANO', 'P', 'Islam', NULL, NULL, NULL, NULL, NULL, 13, NULL, NULL, NULL, NULL, NULL, NULL, NULL, NULL, '2023-11-29 00:22:59', '2023-11-29 00:22:59'),
(222307464, '0103079981', 'VIKI DWI ARIANSYAH', 'L', 'Islam', NULL, NULL, NULL, NULL, NULL, 14, NULL, NULL, NULL, NULL, NULL, NULL, NULL, NULL, '2023-11-29 00:22:59', '2023-11-29 00:22:59'),
(222307465, '3103542929', 'VINO APRIYANTO', 'L', 'Islam', NULL, NULL, NULL, NULL, NULL, 15, NULL, NULL, NULL, NULL, NULL, NULL, NULL, NULL, '2023-11-29 00:22:59', '2023-11-29 00:22:59'),
(222307466, '0101566585', 'VIRA ATHIFAH PRAMESWARI HARTONO', 'P', 'Islam', NULL, NULL, NULL, NULL, NULL, 14, NULL, NULL, NULL, NULL, NULL, NULL, NULL, NULL, '2023-11-29 00:22:59', '2023-11-29 00:22:59'),
(222307467, '0109059268', 'WANDI SAPUTRA', 'L', 'Islam', NULL, NULL, NULL, NULL, NULL, 16, NULL, NULL, NULL, NULL, NULL, NULL, NULL, NULL, '2023-11-29 00:22:59', '2023-11-29 00:22:59'),
(222307468, '3109370931', 'WARSIH', 'P', 'Islam', NULL, NULL, NULL, NULL, NULL, 15, NULL, NULL, NULL, NULL, NULL, NULL, NULL, NULL, '2023-11-29 00:22:59', '2023-11-29 00:22:59'),
(222307469, '0099972570', 'WELRIK REINALD GIVEN MANDIRI', 'L', 'Kristen', NULL, NULL, NULL, NULL, NULL, 17, NULL, NULL, NULL, NULL, NULL, NULL, NULL, NULL, '2023-11-29 00:22:59', '2023-11-29 00:22:59'),
(222307470, '0103754223', 'WIDIA WATI SIBURIAN', 'P', 'Kristen', NULL, NULL, NULL, NULL, NULL, 16, NULL, NULL, NULL, NULL, NULL, NULL, NULL, NULL, '2023-11-29 00:22:59', '2023-11-29 00:22:59'),
(222307471, '0108907096', 'WILDA TRI ANANDA', 'P', 'Islam', NULL, NULL, NULL, NULL, NULL, 17, NULL, NULL, NULL, NULL, NULL, NULL, NULL, NULL, '2023-11-29 00:22:59', '2023-11-29 00:22:59'),
(222307472, '3100080921', 'YASMIN RAHMATUSSYIFA', 'P', 'Islam', NULL, NULL, NULL, NULL, NULL, 16, NULL, NULL, NULL, NULL, NULL, NULL, NULL, NULL, '2023-11-29 00:22:59', '2023-11-29 00:22:59'),
(222307473, '0092684764', 'YEREMIA RODRIEGO PURBA', 'L', 'Kristen', NULL, NULL, NULL, NULL, NULL, 18, NULL, NULL, NULL, NULL, NULL, NULL, NULL, NULL, '2023-11-29 00:22:59', '2023-11-29 00:22:59'),
(222307474, '0107711063', 'YOLAN ANDRIANSYAH', 'L', 'Islam', NULL, NULL, NULL, NULL, NULL, 19, NULL, NULL, NULL, NULL, NULL, NULL, NULL, NULL, '2023-11-29 00:23:00', '2023-11-29 00:23:00'),
(222307475, '0094716755', 'YOSUA LUKEPRATAMA SINAGA', 'L', 'Kristen', NULL, NULL, NULL, NULL, NULL, 19, NULL, NULL, NULL, NULL, NULL, NULL, NULL, NULL, '2023-11-29 00:23:00', '2023-11-29 00:23:00'),
(222307476, '0108785786', 'ZAHIRA TATA UTOMO', 'P', 'Islam', NULL, NULL, NULL, NULL, NULL, 19, NULL, NULL, NULL, NULL, NULL, NULL, NULL, NULL, '2023-11-29 00:23:00', '2023-11-29 00:23:00'),
(222307477, '0096301058', 'ZAHIRAH ZAHWA HAFIZAH', 'P', 'Islam', NULL, NULL, NULL, NULL, NULL, 20, NULL, NULL, NULL, NULL, NULL, NULL, NULL, NULL, '2023-11-29 00:23:00', '2023-11-29 00:23:00'),
(222307478, '3107781587', 'ZAHIRATUS SYA\'BANIYAH', 'P', 'Islam', NULL, NULL, NULL, NULL, NULL, 21, NULL, NULL, NULL, NULL, NULL, NULL, NULL, NULL, '2023-11-29 00:23:00', '2023-11-29 00:23:00'),
(222307479, '0109723129', 'ZAKI ABIYAN DHOWI PRATAMA', 'L', 'Islam', NULL, NULL, NULL, NULL, NULL, 21, NULL, NULL, NULL, NULL, NULL, NULL, NULL, NULL, '2023-11-29 00:23:00', '2023-11-29 00:23:00'),
(222307480, '0108445535', 'ZHULFA AZMYSANI', 'P', 'Islam', NULL, NULL, NULL, NULL, NULL, 22, NULL, NULL, NULL, NULL, NULL, NULL, NULL, NULL, '2023-11-29 00:23:00', '2023-11-29 00:23:00'),
(222307488, NULL, 'MUHAMMAD IQBAL DWI LUTERA SUSANTO', 'L', 'Islam', NULL, NULL, NULL, NULL, NULL, 4, NULL, NULL, NULL, NULL, NULL, NULL, NULL, NULL, '2023-11-29 00:22:58', '2023-11-29 00:22:58'),
(222307490, '0096802919', 'PUTRI QOMARIAH', 'P', 'Islam', NULL, NULL, NULL, NULL, NULL, 18, NULL, NULL, NULL, NULL, NULL, NULL, NULL, NULL, '2023-11-29 00:22:59', '2023-11-29 00:22:59'),
(222307491, '0092539578', 'ASYIFAH SALSABILA', 'P', 'Islam', NULL, NULL, NULL, NULL, NULL, 16, NULL, NULL, NULL, NULL, NULL, NULL, NULL, NULL, '2023-11-29 00:22:59', '2023-11-29 00:22:59'),
(222307492, '0104982627', 'FRIEZKA NEYZILLA SUDARJI', 'P', 'Islam', NULL, NULL, NULL, NULL, NULL, 15, NULL, NULL, NULL, NULL, NULL, NULL, NULL, NULL, '2023-11-29 00:22:59', '2023-11-29 00:22:59'),
(222307494, '0094007057', 'RIO FATHAN DHUAZI', 'L', 'Islam', NULL, NULL, NULL, NULL, NULL, 13, NULL, NULL, NULL, NULL, NULL, NULL, NULL, NULL, '2023-11-29 00:22:59', '2023-11-29 00:22:59'),
(222307495, '0092608115', 'ANDIKA JULIYAN SAPUTRA', 'L', 'Islam', NULL, NULL, NULL, NULL, NULL, 16, NULL, NULL, NULL, NULL, NULL, NULL, NULL, NULL, '2023-11-29 00:22:59', '2023-11-29 00:22:59'),
(222307497, '0092682024', 'PUTRI AINUN ALYASTAQIM', 'P', 'Islam', NULL, NULL, NULL, NULL, NULL, 12, NULL, NULL, NULL, NULL, NULL, NULL, NULL, NULL, '2023-11-29 00:22:59', '2023-11-29 00:22:59'),
(222308481, '0095103205', 'AIKA APRILIA', 'P', 'Islam', NULL, NULL, NULL, NULL, NULL, 9, NULL, NULL, NULL, NULL, NULL, NULL, NULL, NULL, '2023-11-29 00:22:58', '2023-11-29 00:22:58'),
(222308482, '3095908530', 'DINDA AYU LESTARI', 'P', 'Islam', NULL, NULL, NULL, NULL, NULL, 2, NULL, NULL, NULL, NULL, NULL, NULL, NULL, NULL, '2023-11-29 00:22:58', '2023-11-29 00:22:58'),
(222308483, '0083101508', 'RAFA DWI FATIR ISTIYADI', 'L', 'Islam', NULL, NULL, NULL, NULL, NULL, 3, NULL, NULL, NULL, NULL, NULL, NULL, NULL, NULL, '2023-11-29 00:22:58', '2023-11-29 00:22:58'),
(222308484, '3090512380', 'USNAH DAMAWIYAH', 'P', 'Islam', NULL, NULL, NULL, NULL, NULL, 3, NULL, NULL, NULL, NULL, NULL, NULL, NULL, NULL, '2023-11-29 00:22:58', '2023-11-29 00:22:58'),
(222308485, '0089501044', 'ZIKRA MAULIDA', 'P', 'Islam', NULL, NULL, NULL, NULL, NULL, 5, NULL, NULL, NULL, NULL, NULL, NULL, NULL, NULL, '2023-11-29 00:22:58', '2023-11-29 00:22:58'),
(222308489, '3082790766', 'SUCI AULIA PUTRI MUSLIM', 'P', 'Islam', NULL, NULL, NULL, NULL, NULL, 2, NULL, NULL, NULL, NULL, NULL, NULL, NULL, NULL, '2023-11-29 00:22:58', '2023-11-29 00:22:58'),
(222308493, '3092440687', 'LIANA PANCA SUKMA', 'P', 'Islam', NULL, NULL, NULL, NULL, NULL, 3, NULL, NULL, NULL, NULL, NULL, NULL, NULL, NULL, '2023-11-29 00:22:58', '2023-11-29 00:22:58'),
(232408457, '0109125883', 'APRILIA DEVIANDI', 'P', 'Islam', NULL, NULL, NULL, NULL, NULL, 12, NULL, NULL, NULL, NULL, NULL, NULL, NULL, NULL, '2023-11-29 00:22:59', '2023-11-29 00:22:59'),
(232408458, '0107522098', 'MEITISYA ZULFATUN NAZAH', 'P', 'Islam', NULL, NULL, NULL, NULL, NULL, 12, NULL, NULL, NULL, NULL, NULL, NULL, NULL, NULL, '2023-11-29 00:22:59', '2023-11-29 00:22:59'),
(232408459, '0091731669', 'NOVA AURAD ZAHRA', 'P', 'Islam', NULL, NULL, NULL, NULL, NULL, 13, NULL, NULL, NULL, NULL, NULL, NULL, NULL, NULL, '2023-11-29 00:22:59', '2023-11-29 00:22:59'),
(232408460, '0092312588', 'CANDRA FEBRIANSAH', 'L', 'Islam', NULL, NULL, NULL, NULL, NULL, 19, NULL, NULL, NULL, NULL, NULL, NULL, NULL, NULL, '2023-11-29 00:22:59', '2023-11-29 00:22:59'),
(232408461, '0108368328', 'ARDIANSYAH PRATAMA', 'L', 'Islam', NULL, NULL, NULL, NULL, NULL, 21, NULL, NULL, NULL, NULL, NULL, NULL, NULL, NULL, '2023-11-29 00:23:00', '2023-11-29 00:23:00'),
(232409453, '0098798335', 'DIMAS AGUNG PRASETIO', 'L', 'Islam', NULL, NULL, NULL, NULL, NULL, 7, NULL, NULL, NULL, NULL, NULL, NULL, NULL, NULL, '2023-11-29 00:22:58', '2023-11-29 00:22:58'),
(232409454, '0094684488', 'MUHAMMAD FADIL ADISYAPUTRA', 'L', 'Islam', NULL, NULL, NULL, NULL, NULL, 6, NULL, NULL, NULL, NULL, NULL, NULL, NULL, NULL, '2023-11-29 00:22:58', '2023-11-29 00:22:58'),
(232409455, '0099062182', 'MUHAMMAD REFAN PUTRA PRIYONO', 'L', 'Islam', NULL, NULL, NULL, NULL, NULL, 8, NULL, NULL, NULL, NULL, NULL, NULL, NULL, NULL, '2023-11-29 00:22:58', '2023-11-29 00:22:58'),
(232409456, '3094477811', 'MARVELL CHRISTIAN S', 'L', 'Kristen', NULL, NULL, NULL, NULL, NULL, 11, NULL, NULL, NULL, NULL, NULL, NULL, NULL, NULL, '2023-11-29 00:22:59', '2023-11-29 00:22:59');

-- --------------------------------------------------------

--
-- Table structure for table `staff`
--

CREATE TABLE `staff` (
  `id` bigint(20) UNSIGNED NOT NULL,
  `name` varchar(50) NOT NULL,
  `nip` varchar(25) DEFAULT NULL,
  `jk` enum('L','P') NOT NULL,
  `foto` varchar(255) DEFAULT NULL,
  `created_at` timestamp NULL DEFAULT NULL,
  `updated_at` timestamp NULL DEFAULT NULL
) ENGINE=InnoDB DEFAULT CHARSET=utf8mb4 COLLATE=utf8mb4_unicode_ci;

--
-- Dumping data for table `staff`
--

INSERT INTO `staff` (`id`, `name`, `nip`, `jk`, `foto`, `created_at`, `updated_at`) VALUES
(1, 'Neneng Suryanih', '19751128 201410 2 001', 'P', NULL, '2023-09-13 14:23:23', '2023-09-13 14:23:23'),
(2, 'Rd. Mokhammad Yogi Sugiharto, S.Psi', '19851119 201412 1 001', 'L', NULL, '2023-09-13 14:23:46', '2023-09-13 14:23:46'),
(3, 'Noviana Indah Purwanti', '19751111 200801 2 008', 'P', NULL, '2023-09-13 14:24:57', '2023-09-13 14:24:57'),
(4, 'Iin Nuriyanah', '19851121 201409 2 002', 'P', NULL, '2023-09-13 14:25:23', '2023-09-13 14:25:23'),
(5, 'Elmi Nurahmi', NULL, 'P', NULL, '2023-09-13 14:25:50', '2023-09-29 19:55:14'),
(6, 'Dedi Sukasah, S.Sos', NULL, 'L', NULL, '2023-09-13 14:26:16', '2023-09-29 19:55:18'),
(7, 'Iwa Kartiwa, S.Sos', NULL, 'L', NULL, '2023-09-13 14:26:36', '2023-09-29 19:55:20'),
(8, 'Nurmarif', NULL, 'L', NULL, '2023-09-13 14:28:38', '2023-09-29 19:55:23'),
(9, 'Muhamad Fiqri Reza, S.E', NULL, 'L', NULL, '2023-09-13 14:29:11', '2023-09-29 19:55:25'),
(10, 'Doni Kusuma Ibrahim', NULL, 'L', NULL, '2023-09-13 14:29:36', '2023-09-29 19:55:27'),
(11, 'Budiharto S.E', NULL, 'L', NULL, '2023-09-13 14:29:55', '2023-09-29 19:55:29'),
(12, 'Kurniawan Andi Riyanto, S.E', NULL, 'L', NULL, '2023-09-13 14:30:25', '2023-09-29 19:55:33'),
(13, 'Fikriyah Fatmawati', NULL, 'P', NULL, '2023-09-13 14:30:45', '2023-09-29 19:55:31'),
(14, 'Murjaya', NULL, 'L', NULL, '2023-09-13 14:30:59', '2023-09-29 19:55:36'),
(15, 'Midih', NULL, 'L', NULL, '2023-09-13 14:31:11', '2023-09-29 19:55:38'),
(16, 'Sartim', NULL, 'L', NULL, '2023-09-13 14:31:56', '2023-09-29 19:55:43'),
(17, 'Mohamad Muslim', NULL, 'L', NULL, '2023-09-13 14:32:11', '2023-09-29 19:55:45'),
(18, 'Edo Ropi Rudo', NULL, 'L', NULL, '2023-09-13 14:32:31', '2023-09-29 19:55:47'),
(19, 'Tomi Suprajat, S.KOM', NULL, 'L', NULL, '2023-09-13 14:32:52', '2023-09-29 19:55:50'),
(20, 'Ucup', NULL, 'L', NULL, '2023-09-13 14:33:00', '2023-09-29 19:55:52');

-- --------------------------------------------------------

--
-- Table structure for table `tahuns`
--

CREATE TABLE `tahuns` (
  `id` bigint(20) NOT NULL,
  `name` varchar(255) DEFAULT NULL,
  `status` enum('Aktif','Nonaktif') NOT NULL,
  `created_at` timestamp NULL DEFAULT NULL,
  `updated_at` timestamp NULL DEFAULT NULL
) ENGINE=InnoDB DEFAULT CHARSET=utf8mb4 COLLATE=utf8mb4_unicode_ci;

--
-- Dumping data for table `tahuns`
--

INSERT INTO `tahuns` (`id`, `name`, `status`, `created_at`, `updated_at`) VALUES
(1, '2021/2022', 'Nonaktif', '2024-06-23 06:34:42', '2024-06-25 10:47:14'),
(2, '2022/2023', 'Nonaktif', '2024-06-23 06:34:50', '2024-06-23 11:50:40'),
(3, '2023/2024', 'Aktif', '2024-06-23 06:35:00', '2024-06-25 10:47:15');

-- --------------------------------------------------------

--
-- Table structure for table `tugas_tambahans`
--

CREATE TABLE `tugas_tambahans` (
  `id` bigint(20) UNSIGNED NOT NULL,
  `tugas` varchar(255) NOT NULL,
  `created_at` timestamp NULL DEFAULT NULL,
  `updated_at` timestamp NULL DEFAULT NULL
) ENGINE=InnoDB DEFAULT CHARSET=utf8mb4 COLLATE=utf8mb4_unicode_ci;

--
-- Dumping data for table `tugas_tambahans`
--

INSERT INTO `tugas_tambahans` (`id`, `tugas`, `created_at`, `updated_at`) VALUES
(1, 'Kepala Sekolah', '2023-09-13 07:28:12', '2023-09-13 07:28:12'),
(2, 'Wakil Kurikulum', '2023-09-13 07:28:18', '2023-09-13 07:28:18'),
(3, 'Wakil Kesiswaan', '2023-09-13 07:28:26', '2023-09-13 07:28:26'),
(4, 'Wakil Humas dan Sarana Prasarana', '2023-09-13 07:28:31', '2023-09-13 07:28:31'),
(5, 'Kepala Laboratorium', '2023-09-13 07:28:37', '2023-09-13 07:28:37'),
(6, 'Kepala Perpustakaan', '2023-09-13 07:28:53', '2023-09-13 07:28:53'),
(7, 'Wali Kelas', '2023-09-13 07:28:59', '2023-09-13 07:28:59'),
(8, '', '2023-09-13 07:29:04', '2023-09-13 07:29:04');

-- --------------------------------------------------------

--
-- Table structure for table `users`
--

CREATE TABLE `users` (
  `id` bigint(20) UNSIGNED NOT NULL,
  `username` varchar(255) NOT NULL,
  `password` varchar(255) NOT NULL,
  `role` enum('Admin','Guru','Siswa') NOT NULL,
  `siswa_id` bigint(20) UNSIGNED DEFAULT NULL,
  `guru_id` bigint(20) UNSIGNED DEFAULT NULL,
  `remember_token` varchar(100) DEFAULT NULL,
  `created_at` timestamp NULL DEFAULT NULL,
  `updated_at` timestamp NULL DEFAULT NULL
) ENGINE=InnoDB DEFAULT CHARSET=utf8mb4 COLLATE=utf8mb4_unicode_ci;

--
-- Dumping data for table `users`
--

INSERT INTO `users` (`id`, `username`, `password`, `role`, `siswa_id`, `guru_id`, `remember_token`, `created_at`, `updated_at`) VALUES
(1, 'admin', '$2y$10$V/iSem9OR48ViZriB1KvUeVcxJf9rruW15lQ9T44BzCwnvoju45Qi', 'Admin', NULL, NULL, NULL, '2023-11-29 03:40:06', '2023-11-29 03:40:06'),
(2, 'guru01', '$2y$10$.qaUjApzE0Qb5opqryi0EeAUakWRFJWAj7qbaK51x5IILhsRZZ2ZS', 'Guru', NULL, 1, NULL, '2023-11-29 04:57:34', '2023-11-29 04:57:34'),
(3, 'guru02', '$2y$10$lO/enf7daF1ZAYM0Vn30nOxKp74k7iULcZXvwsbSVdSsgI3lXVYX6', 'Guru', NULL, 2, NULL, '2023-11-29 04:57:34', '2023-11-29 04:57:34'),
(4, 'guru03', '$2y$10$HvsZQaHWxWK8aD22UA1QQ.8JDzoQ2bIbIsnIZ4//WL3h2cwZq210e', 'Guru', NULL, 3, NULL, '2023-11-29 04:57:34', '2023-11-29 04:57:34'),
(5, 'guru04', '$2y$10$4hLofLY93/bUm4TBqIrGr.mp.3q5XGUZ7UXu7UgAET/QPOXXJasdC', 'Guru', NULL, 4, NULL, '2023-11-29 04:57:35', '2023-11-29 04:57:35'),
(6, 'guru05', '$2y$10$Rb7TvcyJRnCU87Necz2c/upSPq4DIQsVg2nkTZE6mN9DiEU/MrEnm', 'Guru', NULL, 5, NULL, '2023-11-29 04:57:35', '2023-11-29 04:57:35'),
(7, 'guru06', '$2y$10$eVVTL5JKX6pLpXSGC8WjVuIg3A8.HMIvuB51xBug5qMiD7sNHVI0G', 'Guru', NULL, 6, NULL, '2023-11-29 04:57:35', '2023-11-29 04:57:35'),
(8, 'guru07', '$2y$10$BQt.hz3MzU5MqdlNaFMt2ev7U1Ps5c.cwFiakpyJJaQ7A44EHV2j6', 'Guru', NULL, 7, NULL, '2023-11-29 04:57:35', '2023-11-29 04:57:35'),
(9, 'guru08', '$2y$10$.StHU28Vtr1Jj4TuCWjPqegKmtBbjN9Y1KNCTr2US/wuKop/Ez5mW', 'Guru', NULL, 8, NULL, '2023-11-29 04:57:35', '2023-11-29 04:57:35'),
(10, 'guru09', '$2y$10$yJDAut8zFg2YSnljouWm8O2dHH.lE8kmpkvwPcYKb.mZrVSMPH78S', 'Guru', NULL, 9, NULL, '2023-11-29 04:57:35', '2023-11-29 04:57:35'),
(11, 'guru10', '$2y$10$zCXmzL1DAnbXcWL7m4NTH.QPTs4ttIjBQ9i3BH3dY.Q6Z8TFreeDK', 'Guru', NULL, 10, NULL, '2023-11-29 04:57:35', '2023-11-29 04:57:35'),
(12, 'guru11', '$2y$10$8Ne9t2b8zfJEQ1Ey3uadyuG0byPB4IG40NwkQ.C/F0V7v0McLGToK', 'Guru', NULL, 11, NULL, '2023-11-29 04:57:36', '2023-11-29 04:57:36'),
(13, 'guru12', '$2y$10$1AGUdOv3lkJcM6redlgKDu2q1aGc66zeuIe/vXnrkzPmMPof33Gt6', 'Guru', NULL, 12, NULL, '2023-11-29 04:57:36', '2023-11-29 04:57:36'),
(14, 'guru13', '$2y$10$n/Bvm7Xa7mayLziY6ONj.O9iYanDIC8vq6igWujH1IPQUUhhxeLkG', 'Guru', NULL, 13, NULL, '2023-11-29 04:57:36', '2023-11-29 04:57:36'),
(15, 'guru14', '$2y$10$XV8wBzOyITUPzrMptSfeweKWdy7/MV0c3knzqS/W3A0Z/W/THWL4m', 'Guru', NULL, 14, NULL, '2023-11-29 04:57:36', '2023-11-29 04:57:36'),
(16, 'guru15', '$2y$10$gxoVYY2/vWTeJkEil/v7hOq3wBFN5IW4uqvnYVuNn/3G2FCKyolU6', 'Guru', NULL, 15, NULL, '2023-11-29 04:57:36', '2023-11-29 04:57:36'),
(17, 'guru16', '$2y$10$3MAI6mJMtIQBBo.bJDxn/.0E0Olcodd.V6153LhhnYP57Twsz8cDm', 'Guru', NULL, 16, NULL, '2023-11-29 04:57:36', '2023-11-29 04:57:36'),
(18, 'guru17', '$2y$10$JxUUmGPhaEqYiwLcuUpDXeV5t58C1ZNkqQ5ErIW4ZJ1OjF4nH/UFO', 'Guru', NULL, 17, NULL, '2023-11-29 04:57:37', '2023-11-29 04:57:37'),
(19, 'guru18', '$2y$10$9s14Z4DUdNDoveEzLwIbx.IuVxNG5nu4xc8zTovfTgJ4.b4dl22Mu', 'Guru', NULL, 18, NULL, '2023-11-29 04:57:37', '2023-11-29 04:57:37'),
(20, 'guru19', '$2y$10$k4OfNlvbhllCKImb8F8bFOR1.b4a7kqOqCP2TOPYsNJYz0iF8Mce.', 'Guru', NULL, 19, NULL, '2023-11-29 04:57:37', '2023-11-29 04:57:37'),
(21, 'guru20', '$2y$10$ol4BXxenr1kL5u/qyePcMepTDEMTG7s9Fm9gt.401TECBFm1SoeN.', 'Guru', NULL, 20, NULL, '2023-11-29 04:57:37', '2023-11-29 04:57:37'),
(22, 'guru21', '$2y$10$Wpm9Wupn1bccVNR41mBfW.bA/3.VoI3rSpULPIZDcr/pIcGqWHmaS', 'Guru', NULL, 21, NULL, '2023-11-29 04:57:37', '2023-11-29 04:57:37'),
(23, 'guru22', '$2y$10$8duNfYsKrEFQrUKDjbObg.H0V1fN7/ptexrPXniRni7Jnz3bOoNoW', 'Guru', NULL, 22, NULL, '2023-11-29 04:57:37', '2023-11-29 04:57:37'),
(24, 'guru23', '$2y$10$o5OFoJ9qpQ4spotH3aNWjePTxQXLgSZHOQJf/luwMZwhzPq4WveJi', 'Guru', NULL, 23, NULL, '2023-11-29 04:57:37', '2023-11-29 04:57:37'),
(25, 'guru24', '$2y$10$PNDkiL2DG96PTiJVLi.YNudHO5DEnFT7P1KQnpEtc1UJgZKXKAOcW', 'Guru', NULL, 24, NULL, '2023-11-29 04:57:38', '2023-11-29 04:57:38'),
(26, 'guru25', '$2y$10$b6q93fZcmy2rIQRjL2MA3OFr6f.tD9rdvsgMGGUogDpDvCC0d0Mou', 'Guru', NULL, 25, NULL, '2023-11-29 04:57:38', '2023-11-29 04:57:38'),
(27, 'guru26', '$2y$10$8YnYWugXmdjkKYvd63rdqOaEf7CD48IQpP5Npm4iDRXgwy.36jwN2', 'Guru', NULL, 26, NULL, '2023-11-29 04:57:38', '2023-11-29 04:57:38'),
(28, 'guru27', '$2y$10$VG/GFiqYRb8KbyB03dJeBOEnH9aS2I7P4iJDFsa10P5LJs5BWS50u', 'Guru', NULL, 27, NULL, '2023-11-29 04:57:38', '2023-11-29 04:57:38'),
(29, 'guru28', '$2y$10$VSYADTc2DZ7n9Ea4yiwAE.kCBeaUzwCx8tt2AYGmpVEcazw6mDFlC', 'Guru', NULL, 28, NULL, '2023-11-29 04:57:38', '2023-11-29 04:57:38'),
(30, 'guru29', '$2y$10$UI.L67DVgjYd1XDafI99Wer8eVMVgKJf55rzucA8exbqNEI/r91eC', 'Guru', NULL, 29, NULL, '2023-11-29 04:57:38', '2023-11-29 04:57:38'),
(31, 'guru30', '$2y$10$iDsDFEMN.ikdhXDtijK0ee3/QInJemIbPcP8VmIIXsN6du191NwtC', 'Guru', NULL, 30, NULL, '2023-11-29 04:57:39', '2023-11-29 04:57:39'),
(32, 'guru31', '$2y$10$fDyo2O9Pdbeo/pUGEj8xx.GmOZfmz8pXz6QUSP/xCQGkBlyXgj1LS', 'Guru', NULL, 31, NULL, '2023-11-29 04:57:39', '2023-11-29 04:57:39'),
(33, 'guru32', '$2y$10$KYXj8Flob8zimgjSTlkTHOrpC7C/i58nBW1LsLGc4YPVqpEoD4Z5O', 'Guru', NULL, 32, NULL, '2023-11-29 04:57:39', '2023-11-29 04:57:39'),
(34, 'guru33', '$2y$10$.0OP3oMsEAiJsKzPtW3yhOrj.QOkKYVqke1sxzDoDIKGlyq6g1lEC', 'Guru', NULL, 33, NULL, '2023-11-29 04:57:39', '2023-11-29 04:57:39'),
(35, 'guru34', '$2y$10$AGdizIE1P2xf1vD1/TR6KO18ISTI3G..okRa8UffKRXC6IvQW7Sg2', 'Guru', NULL, 34, NULL, '2023-11-29 04:57:39', '2023-11-29 04:57:39'),
(36, 'guru35', '$2y$10$qSVChZ3mH3Xwq/qYaw2NZ.1BL27T6wKd4RSndpsXlmuEY/wDwtD2W', 'Guru', NULL, 35, NULL, '2023-11-29 04:57:39', '2023-11-29 04:57:39'),
(37, 'guru36', '$2y$10$r0XHi3swe76qfc5BPZBhwOKhQ9xrLg39j6G2Vz9G70vKpcqUcDNpC', 'Guru', NULL, 36, NULL, '2023-11-29 04:57:39', '2023-11-29 04:57:39'),
(38, 'guru37', '$2y$10$/xbOKRY2HcVQbP5.UJZgBeYYT4tOBPOCtI6zgD0fbtFeseDlEYI0K', 'Guru', NULL, 37, NULL, '2023-11-29 04:57:40', '2023-11-29 04:57:40'),
(39, 'guru38', '$2y$10$3WaimA3V9JJyjGzikcz3KeHe5KPRjrFFGeWdlPWrvkgqgSEFGTqd6', 'Guru', NULL, 38, NULL, '2023-11-29 04:57:40', '2023-11-29 04:57:40'),
(40, 'guru39', '$2y$10$vjjiGOh0MWU2YiXZ8q77N..cPhPwdsTalc4YGMlQubVR.JBY.7zIy', 'Guru', NULL, 39, NULL, '2023-11-29 04:57:40', '2023-11-29 04:57:40'),
(41, 'guru40', '$2y$10$re3iwmLWfO/.aTcGCi98auhDDGuC2CkMpf2kT5.M1MBt6.UtiEfG2', 'Guru', NULL, 40, NULL, '2023-11-29 04:57:40', '2023-11-29 04:57:40'),
(42, 'guru41', '$2y$10$gVc0rIOqhvSCaxcxA0cYIu9DQHStfYhObf5rcOM7T649eGGnSnmVm', 'Guru', NULL, 41, NULL, '2023-11-29 04:57:40', '2023-11-29 04:57:40'),
(43, 'guru42', '$2y$10$mljIxOgGTrY16AP6VNrc1ONjaplqDgM1XNg3dwcqhHWsxQyuP2XOe', 'Guru', NULL, 42, NULL, '2023-11-29 04:57:40', '2023-11-29 04:57:40'),
(44, 'guru43', '$2y$10$hONBQp24sbh9xXGm/Kd2xeJki.MbJXtIW7R8IUoHtUG6TQkg7Qhzm', 'Guru', NULL, 43, NULL, '2023-11-29 04:57:41', '2023-11-29 04:57:41'),
(45, 'guru44', '$2y$10$9fv3.Lyp9JLIe0PtpVxs1OjJsYAVWQw.C78451fXR6VsQ3Y3zGUYi', 'Guru', NULL, 44, NULL, '2023-11-29 04:57:41', '2023-11-29 04:57:41'),
(46, 'guru45', '$2y$10$okiXjDwbLQBoTBujg8renudq8FvUf3M6GECn5A4fE3sobklf4pkee', 'Guru', NULL, 45, NULL, '2023-11-29 04:57:41', '2023-11-29 04:57:41'),
(47, 'guru46', '$2y$10$Zgx.5foaQiOorcwK/FBbReDY.aq3rkCGAhMWDXLrT60jrGJADY.wS', 'Guru', NULL, 46, NULL, '2023-11-29 04:57:41', '2023-11-29 04:57:41'),
(48, 'guru47', '$2y$10$BswjWjrLaXvMai0raL0z1ejQOb3nkGDv3nm676XMnRsvHqc94TEJi', 'Guru', NULL, 47, NULL, '2023-11-29 04:57:41', '2023-11-29 04:57:41'),
(49, 'guru48', '$2y$10$m/DrDCusndEJcnsuJASNeuocluMl5HH0M4K.8CJLXSF4XIHmWEe6O', 'Guru', NULL, 48, NULL, '2023-11-29 04:57:41', '2023-11-29 04:57:41'),
(50, 'guru49', '$2y$10$d8m0SOK69VmNOOGoXGxMQOEXXG5YYKF4Rl1LFiOoRi58q5I8na5Li', 'Guru', NULL, 49, NULL, '2023-11-29 04:57:41', '2023-11-29 04:57:41'),
(51, 'guru50', '$2y$10$Cf2VMVjYIOxY9Jvfcx8BV.77nb5r7gfASqCpaVn8J0z9nG8EJcvVa', 'Guru', NULL, 50, NULL, '2023-11-29 04:57:42', '2023-11-29 04:57:42'),
(52, 'guru51', '$2y$10$Wh0x0aYznlcrm2v24nq4Ue6J.J11uEcsalFJk2psRkiq0EvwoCD9C', 'Guru', NULL, 51, NULL, '2023-11-29 04:57:42', '2023-11-29 04:57:42'),
(53, 'guru52', '$2y$10$.GJX9xfOSWpysZHbKyPFseaatzpCMMHiuE82AqpblQsWvppSkX04S', 'Guru', NULL, 52, NULL, '2023-11-29 04:57:42', '2023-11-29 04:57:42'),
(54, 'guru53', '$2y$10$vvGsTcU9eWKRTMtJMpWRoO6A4fWstlG47mDmrE12QiKa0sIFkJJAW', 'Guru', NULL, 53, NULL, '2023-11-29 04:57:42', '2023-11-29 04:57:42'),
(55, 'guru54', '$2y$10$D3MdFqd0Bbt0x6mSn6.HyOvRzFlbjhwDStnqsx9rN9Z3geaL7J2pi', 'Guru', NULL, 54, NULL, '2023-11-29 04:57:42', '2023-11-29 04:57:42'),
(56, 'guru55', '$2y$10$8ikVt4AbE6T6ygQgVavDc.IH2oEHQh8Gi1cliLjAtuYUjcWO8/KES', 'Guru', NULL, 55, NULL, '2023-11-29 04:57:42', '2023-11-29 04:57:42'),
(57, '212207008', '$2y$10$ZtEtFAKIHNsdTBgOI9OftOMLlFJGXqDoRuTTO1YO5eFJ/rpL7yjba', 'Siswa', 212207008, NULL, NULL, '2023-12-01 09:16:06', '2024-01-08 03:49:03'),
(58, '212207012', '$2y$12$DCFPt.PsUkNsGMZSYkPON..Yf7172DNKVRPVX8/PglaUcrMGxuGle', 'Siswa', 212207012, NULL, NULL, '2024-01-11 05:39:47', '2024-01-11 05:39:47'),
(59, '212207023', '$2y$12$TwL.kKXkdNTT/JR4qI/2KeqlFq.D1hKFmq25dtU5tiOyxpSAB59lm', 'Siswa', 212207023, NULL, NULL, '2024-01-11 05:39:48', '2024-01-11 05:39:48'),
(60, '212207039', '$2y$12$hR2XpS31E4nd4/8clqrka.9hMDA1OKCsry5egkT5cWnL7F48Q6y7e', 'Siswa', 212207039, NULL, NULL, '2024-01-11 05:39:48', '2024-01-11 05:39:48'),
(61, '212207048', '$2y$12$/JKR29ojEGuHOSE38FwJ5O2DImEDvCAtRbrhE68XqjxXNJwFGGgWK', 'Siswa', 212207048, NULL, NULL, '2024-01-11 05:39:48', '2024-01-11 05:39:48'),
(62, '212207061', '$2y$12$D7aRVGMbDQJez.cNY4bRnecyQv1XmN3fxPMz4lu1LHW0LakEvMzcK', 'Siswa', 212207061, NULL, NULL, '2024-01-11 05:39:49', '2024-01-11 05:39:49'),
(63, '212207071', '$2y$12$t1nBqKZrY2o7kk4LHTmHa.PrURqrCS7d5L4RNFE12mkIIOAM.Qzqu', 'Siswa', 212207071, NULL, NULL, '2024-01-11 05:39:49', '2024-01-11 05:39:49'),
(64, '212207084', '$2y$12$Mk4gSf5AGqIiQGBsTtI1Gu0htyJBKjPcCBYO4Sn.Vrmj5.5lPQY6i', 'Siswa', 212207084, NULL, NULL, '2024-01-11 05:39:49', '2024-01-11 05:39:49'),
(65, '202107082', '$2y$12$aDtvH/qFYYrxSPDyBzavY.wYm4XJ9A1pFOgxZ3lodQfKZxVdzfdJ.', 'Siswa', 202107082, NULL, NULL, '2024-01-11 05:39:49', '2024-01-11 05:39:49'),
(66, '212207108', '$2y$12$eLYt1Ulvdl//WmlXto46ROcaiYL/xkJ6YfiDjyiNOSgQpt6FW7gzG', 'Siswa', 212207108, NULL, NULL, '2024-01-11 05:39:50', '2024-01-11 05:39:50'),
(67, '212207119', '$2y$12$Gfd9r02vUnMWxsSVhpBN2uMg33qlvD.eoVoeXGO5P5WAhzdqQsdgy', 'Siswa', 212207119, NULL, NULL, '2024-01-11 05:39:50', '2024-01-11 05:39:50'),
(68, '212207125', '$2y$12$cHqn2pD8HJkDKJr/TIrWyOJW5MPDtKdgutvLt1jwq8j2cY.uV2iG6', 'Siswa', 212207125, NULL, NULL, '2024-01-11 05:39:50', '2024-01-11 05:39:50'),
(69, '212207136', '$2y$12$2aZHzigevNhKnhTDSY3/JO2TfGeHap8CgonPS00HXSkm/vVQhZbc6', 'Siswa', 212207136, NULL, NULL, '2024-01-11 05:39:50', '2024-01-11 05:39:50'),
(70, '212207143', '$2y$12$OznU4dephm8y.n.IWTOR9.BmAeGcDAXmXTdIUtsFroOn3yY3AQxE6', 'Siswa', 212207143, NULL, NULL, '2024-01-11 05:39:51', '2024-01-11 05:39:51'),
(71, '212207157', '$2y$12$0/Btp5L/PAJBPkH.b79HB.gOpIvauhsgzs.6JVmOwofmxtqW.3huK', 'Siswa', 212207157, NULL, NULL, '2024-01-11 05:39:51', '2024-01-11 05:39:51'),
(72, '212207170', '$2y$12$Y1Dzs7jPXF/ckprwq3uUxu2fqUrU5kR27oYnquKswOQLrYXQRzPhi', 'Siswa', 212207170, NULL, NULL, '2024-01-11 05:39:51', '2024-01-11 05:39:51'),
(73, '212207174', '$2y$12$DcxQ4orSevca579XISmI8.l1NNIOCITjhmORuRP4YFjEpFjg./.AG', 'Siswa', 212207174, NULL, NULL, '2024-01-11 05:39:51', '2024-01-11 05:39:51'),
(74, '212207185', '$2y$12$TEqVAPGEyVVT2t6/nndAROuIUgEcnr0R4Yt22x3Pd.jK/tgJ5JEma', 'Siswa', 212207185, NULL, NULL, '2024-01-11 05:39:52', '2024-01-11 05:39:52'),
(75, '212207213', '$2y$12$fXeDpbTHH13KTSTlfyWE4ONch3FGZg48.fGsG4qL4V0xKJ/1y.9vi', 'Siswa', 212207213, NULL, NULL, '2024-01-11 05:39:52', '2024-01-11 05:39:52'),
(76, '212207225', '$2y$12$KwQzaGfeHbVf9Nkzr7YZpuXGHMdfc7mf2EX3EZRfPgOeqf6l7Fug2', 'Siswa', 212207225, NULL, NULL, '2024-01-11 05:39:52', '2024-01-11 05:39:52'),
(77, '212207252', '$2y$12$HoT.rv19TKvDBrSYb0ap6eVyuoFo4TeDjNkYDrc6jQ/8zbJnFIXUW', 'Siswa', 212207252, NULL, NULL, '2024-01-11 05:39:52', '2024-01-11 05:39:52'),
(78, '212207261', '$2y$12$mVB2MfC6FIfmEGh4AjrsI.YJPDxqheQaj9doyFnxcgV7pkvyra0oa', 'Siswa', 212207261, NULL, NULL, '2024-01-11 05:39:53', '2024-01-11 05:39:53'),
(79, '212207273', '$2y$12$UI9aar5aGbITnfEHMmUSGeJUGTU6CL.gZtlgp1Z1bZzjoSi0e9Wra', 'Siswa', 212207273, NULL, NULL, '2024-01-11 05:39:53', '2024-01-11 05:39:53'),
(80, '212207283', '$2y$12$3Lc/tx12ZOuWHqqiQ//KOuOT.XZG.sIkPCoAnYpsObG.o.YqlM47y', 'Siswa', 212207283, NULL, NULL, '2024-01-11 05:39:53', '2024-01-11 05:39:53'),
(81, '212207292', '$2y$12$QbsxlSSR0N5c.o9pp/2h3e8U/yzypSS4ac5EICb4kS5Yghsbr0.RS', 'Siswa', 212207292, NULL, NULL, '2024-01-11 05:39:53', '2024-01-11 05:39:53'),
(82, '212207296', '$2y$12$gPYMVNMp6fOMlDTfHbn59.Mrck0zxMeutEU4gi3l2MqaJKUb.2peK', 'Siswa', 212207296, NULL, NULL, '2024-01-11 05:39:54', '2024-01-11 05:39:54'),
(83, '212207309', '$2y$12$4CRg2ops9kyWjYtuaR4Z6uYQh9uDSVG0wrmUmA9hrv4hiVaPy2guW', 'Siswa', 212207309, NULL, NULL, '2024-01-11 05:39:54', '2024-01-11 05:39:54'),
(84, '212207321', '$2y$12$kQGXktK26YQIn89ajGWIhuSNAadLKaYluBwUZZqoMblFK52AIpRwG', 'Siswa', 212207321, NULL, NULL, '2024-01-11 05:39:54', '2024-01-11 05:39:54'),
(85, '212207341', '$2y$12$skiljucuu591HqN/VKMbAuGfgQzh93lJKbBMbEW51KVTE9EeZkHOO', 'Siswa', 212207341, NULL, NULL, '2024-01-11 05:39:55', '2024-01-11 05:39:55'),
(86, '212207342', '$2y$12$RRaJhM5uXKbKRug50w2.6uhWmdjgQEZdoIXxaYfrS2su.tlyM2chq', 'Siswa', 212207342, NULL, NULL, '2024-01-11 05:39:55', '2024-01-11 05:39:55'),
(87, '212207362', '$2y$12$O7nWgPGrDx8nvj9BqclFZ.p50m7l4txvrWxe7qvnLL8JWBPY0QbBO', 'Siswa', 212207362, NULL, NULL, '2024-01-11 05:39:55', '2024-01-11 05:39:55'),
(88, '212207375', '$2y$12$s4WyBapVU64.YvWUEF0ZQuiSl0MNuhiYEYo5vFFs4LaZnZ6sPSi1O', 'Siswa', 212207375, NULL, NULL, '2024-01-11 05:39:55', '2024-01-11 05:39:55'),
(89, '212207377', '$2y$12$CX5H54jRxbIUwuVu3Fncie3nicx/NahPH0QQceKbPNpkqFfpiA.Vy', 'Siswa', 212207377, NULL, NULL, '2024-01-11 05:39:56', '2024-01-11 05:39:56'),
(90, '212207397', '$2y$12$Ovg2iYSA9NjPvL30vh.oPeOOX54LJb6HnPbIgIBa9qP0HhG.cSfky', 'Siswa', 212207397, NULL, NULL, '2024-01-11 05:39:56', '2024-01-11 05:39:56'),
(91, '212207408', '$2y$12$vvtZOLIOtBmhFpIYJDf13O35I5Z51AIqdeJPpXBMKI38edSfBtb6W', 'Siswa', 212207408, NULL, NULL, '2024-01-11 05:39:56', '2024-01-11 05:39:56'),
(92, '212207418', '$2y$12$hbgkJnsIqr3aT.ZJBMSgKOeHC0RpIdcAHwp2dsE3dUrMzPbEr8r5G', 'Siswa', 212207418, NULL, NULL, '2024-01-11 05:39:56', '2024-01-11 05:39:56'),
(93, '212207424', '$2y$12$57KV/C5pKMPlO.J9pCimpun70/pYzU/EQBb7I8lPHAT644nN4upU2', 'Siswa', 212207424, NULL, NULL, '2024-01-11 05:39:57', '2024-01-11 05:39:57'),
(94, '212207441', '$2y$12$T9DeiXaTu/ECaKrLT7.VLeMwzYuH52xBFXwIcyDS6ucfXwFnesqL2', 'Siswa', 212207441, NULL, NULL, '2024-01-11 05:39:57', '2024-01-11 05:39:57'),
(95, '212207446', '$2y$12$YSaOmu9nxKNzHogItjpt.erU39fXiJIaVLlLLPZ9q1wfvdSqgao0C', 'Siswa', 212207446, NULL, NULL, '2024-01-11 05:39:57', '2024-01-11 05:39:57'),
(96, '222308485', '$2y$12$VqNU.P90yUlOnmPM2GXAve4pMgepd7cSlEcDSC79L1usFW9dSPlZS', 'Siswa', 222308485, NULL, NULL, '2024-01-11 05:39:57', '2024-01-11 05:39:57');

--
-- Indexes for dumped tables
--

--
-- Indexes for table `categories`
--
ALTER TABLE `categories`
  ADD PRIMARY KEY (`id`),
  ADD UNIQUE KEY `categories_name_unique` (`name`),
  ADD UNIQUE KEY `categories_slug_unique` (`slug`);

--
-- Indexes for table `failed_jobs`
--
ALTER TABLE `failed_jobs`
  ADD PRIMARY KEY (`id`),
  ADD UNIQUE KEY `failed_jobs_uuid_unique` (`uuid`);

--
-- Indexes for table `gurus`
--
ALTER TABLE `gurus`
  ADD PRIMARY KEY (`id`);

--
-- Indexes for table `haris`
--
ALTER TABLE `haris`
  ADD PRIMARY KEY (`id`);

--
-- Indexes for table `jadwals`
--
ALTER TABLE `jadwals`
  ADD PRIMARY KEY (`id`);

--
-- Indexes for table `mapels`
--
ALTER TABLE `mapels`
  ADD PRIMARY KEY (`id`),
  ADD UNIQUE KEY `mapels_name_unique` (`name`);

--
-- Indexes for table `migrations`
--
ALTER TABLE `migrations`
  ADD PRIMARY KEY (`id`);

--
-- Indexes for table `nilais`
--
ALTER TABLE `nilais`
  ADD PRIMARY KEY (`id`);

--
-- Indexes for table `password_reset_tokens`
--
ALTER TABLE `password_reset_tokens`
  ADD PRIMARY KEY (`email`);

--
-- Indexes for table `personal_access_tokens`
--
ALTER TABLE `personal_access_tokens`
  ADD PRIMARY KEY (`id`),
  ADD UNIQUE KEY `personal_access_tokens_token_unique` (`token`),
  ADD KEY `personal_access_tokens_tokenable_type_tokenable_id_index` (`tokenable_type`,`tokenable_id`);

--
-- Indexes for table `posts`
--
ALTER TABLE `posts`
  ADD PRIMARY KEY (`id`),
  ADD UNIQUE KEY `posts_slug_unique` (`slug`);

--
-- Indexes for table `rombels`
--
ALTER TABLE `rombels`
  ADD PRIMARY KEY (`id`);

--
-- Indexes for table `semesters`
--
ALTER TABLE `semesters`
  ADD PRIMARY KEY (`id`);

--
-- Indexes for table `siswas`
--
ALTER TABLE `siswas`
  ADD PRIMARY KEY (`id`);

--
-- Indexes for table `staff`
--
ALTER TABLE `staff`
  ADD PRIMARY KEY (`id`);

--
-- Indexes for table `tahuns`
--
ALTER TABLE `tahuns`
  ADD PRIMARY KEY (`id`);

--
-- Indexes for table `tugas_tambahans`
--
ALTER TABLE `tugas_tambahans`
  ADD PRIMARY KEY (`id`),
  ADD UNIQUE KEY `tugas_tambahans_tugas_unique` (`tugas`);

--
-- Indexes for table `users`
--
ALTER TABLE `users`
  ADD PRIMARY KEY (`id`),
  ADD UNIQUE KEY `users_username_unique` (`username`);

--
-- AUTO_INCREMENT for dumped tables
--

--
-- AUTO_INCREMENT for table `categories`
--
ALTER TABLE `categories`
  MODIFY `id` bigint(20) UNSIGNED NOT NULL AUTO_INCREMENT, AUTO_INCREMENT=4;

--
-- AUTO_INCREMENT for table `failed_jobs`
--
ALTER TABLE `failed_jobs`
  MODIFY `id` bigint(20) UNSIGNED NOT NULL AUTO_INCREMENT;

--
-- AUTO_INCREMENT for table `gurus`
--
ALTER TABLE `gurus`
  MODIFY `id` bigint(20) UNSIGNED NOT NULL AUTO_INCREMENT, AUTO_INCREMENT=72;

--
-- AUTO_INCREMENT for table `haris`
--
ALTER TABLE `haris`
  MODIFY `id` bigint(20) UNSIGNED NOT NULL AUTO_INCREMENT, AUTO_INCREMENT=6;

--
-- AUTO_INCREMENT for table `jadwals`
--
ALTER TABLE `jadwals`
  MODIFY `id` bigint(20) UNSIGNED NOT NULL AUTO_INCREMENT, AUTO_INCREMENT=1290;

--
-- AUTO_INCREMENT for table `mapels`
--
ALTER TABLE `mapels`
  MODIFY `id` bigint(20) UNSIGNED NOT NULL AUTO_INCREMENT, AUTO_INCREMENT=16;

--
-- AUTO_INCREMENT for table `migrations`
--
ALTER TABLE `migrations`
  MODIFY `id` int(10) UNSIGNED NOT NULL AUTO_INCREMENT, AUTO_INCREMENT=20;

--
-- AUTO_INCREMENT for table `nilais`
--
ALTER TABLE `nilais`
  MODIFY `id` bigint(20) UNSIGNED NOT NULL AUTO_INCREMENT, AUTO_INCREMENT=69;

--
-- AUTO_INCREMENT for table `personal_access_tokens`
--
ALTER TABLE `personal_access_tokens`
  MODIFY `id` bigint(20) UNSIGNED NOT NULL AUTO_INCREMENT;

--
-- AUTO_INCREMENT for table `posts`
--
ALTER TABLE `posts`
  MODIFY `id` bigint(20) UNSIGNED NOT NULL AUTO_INCREMENT, AUTO_INCREMENT=19;

--
-- AUTO_INCREMENT for table `rombels`
--
ALTER TABLE `rombels`
  MODIFY `id` bigint(20) UNSIGNED NOT NULL AUTO_INCREMENT, AUTO_INCREMENT=38;

--
-- AUTO_INCREMENT for table `semesters`
--
ALTER TABLE `semesters`
  MODIFY `id` bigint(20) NOT NULL AUTO_INCREMENT, AUTO_INCREMENT=3;

--
-- AUTO_INCREMENT for table `siswas`
--
ALTER TABLE `siswas`
  MODIFY `id` bigint(20) NOT NULL AUTO_INCREMENT, AUTO_INCREMENT=232409457;

--
-- AUTO_INCREMENT for table `staff`
--
ALTER TABLE `staff`
  MODIFY `id` bigint(20) UNSIGNED NOT NULL AUTO_INCREMENT, AUTO_INCREMENT=23;

--
-- AUTO_INCREMENT for table `tahuns`
--
ALTER TABLE `tahuns`
  MODIFY `id` bigint(20) NOT NULL AUTO_INCREMENT, AUTO_INCREMENT=4;

--
-- AUTO_INCREMENT for table `tugas_tambahans`
--
ALTER TABLE `tugas_tambahans`
  MODIFY `id` bigint(20) UNSIGNED NOT NULL AUTO_INCREMENT, AUTO_INCREMENT=9;

--
-- AUTO_INCREMENT for table `users`
--
ALTER TABLE `users`
  MODIFY `id` bigint(20) UNSIGNED NOT NULL AUTO_INCREMENT, AUTO_INCREMENT=97;
COMMIT;

/*!40101 SET CHARACTER_SET_CLIENT=@OLD_CHARACTER_SET_CLIENT */;
/*!40101 SET CHARACTER_SET_RESULTS=@OLD_CHARACTER_SET_RESULTS */;
/*!40101 SET COLLATION_CONNECTION=@OLD_COLLATION_CONNECTION */;
